gene_id	WT24_3	WT24_2	WT24_1	ATG724_3	ATG724_2	ATG724_1
AT3G21720	204669	197249	205488	523065	538715	448580
AT5G66400	4012	3497	4100	76055	74041	60199
AT1G75830	30301	33438	35624	180351	179763	151733
AT3G15670	8899	10119	9702	46425	47680	37308
AT5G44120	16878	19506	17069	209852	208034	174370
AT5G60390	119632	126740	120934	119297	131206	97722
AT2G27380	5548	4827	5888	56438	53689	45090
AT2G40170	1425	1461	1631	18315	19207	15031
AT5G02500	81521	83104	81467	109031	113875	90270
AT1G54870	2348	2630	2692	42437	40428	32195
AT5G54740	1891	1886	2565	17977	16139	13286
AT3G22640	1031	1063	1361	9794	9093	8312
AT5G03860	87933	83794	87787	119815	120503	97993
AT4G25140	2948	3343	3289	38333	39874	31622
AT4G37870	95101	85729	92188	135663	129944	111426
AT1G68250	3811	4485	3950	58153	59943	44199
AT1G04560	3350	3322	3851	26577	27502	22688
AT3G41768	24535	26452	26645	37478	32320	21521
AT5G06760	10105	11377	10696	26463	29416	21851
AT1G56070	64633	62674	66197	68374	68486	52871
AT3G17520	4689	4974	6031	27078	27687	22304
AT3G08580	49233	51753	50676	40237	44639	34001
AT1G14950	257	233	316	12123	11837	9208
AT3G02480	1860	1859	1829	7860	8385	7511
AT5G40420	1028	996	1276	13191	14229	11902
AT2G21490	3068	2961	3303	13334	13988	11081
AT4G35090	48303	47669	48288	65130	66426	53835
AT3G09260	8075	7234	8873	9019	10866	9877
AT4G28520	5605	6524	5951	38749	37333	31661
AT4G13940	30135	31357	31022	34741	37906	29457
AT1G02780	51638	56621	54424	46398	52141	41340
AT2G05710	62549	52783	58883	42102	41277	34637
AT2G33150	42505	41201	42310	52858	52109	42859
AT5G20290	51800	55815	53180	43534	49753	39207
AT1G15690	42175	41067	45789	48272	50176	41316
AT5G57550	196	106	154	756	795	559
AT1G43170	46378	49339	47788	39851	42610	33021
AT5G67360	33519	33713	37607	81845	91402	71254
AT1G05510	293	248	275	4242	3850	3350
AT1G52690	2551	2726	2696	20895	21053	17209
AT3G27660	396	397	484	2149	2019	1933
AT5G35660	1215	1045	1345	26076	23762	20204
AT5G17920	26831	26477	26933	24953	25533	21021
AT3G09200	43628	46701	43249	41676	45543	36246
AT1G48130	1222	1380	1341	11952	11511	9920
AT3G16640	27398	29076	27135	36224	39880	32845
AT3G06860	36914	34075	36413	40183	38765	32856
AT2G35300	6811	7579	7625	23130	24714	20111
AT5G45690	274	250	294	2500	2464	2019
AT5G12030	589	374	699	1485	1586	1294
AT3G21370	239	239	249	8321	7608	6766
AT1G32560	7659	7812	8036	17196	18752	15103
AT1G14320	39480	43052	40453	35634	39412	30840
AT1G69530	63625	62077	64617	57870	64422	53593
AT4G36880	54387	50067	59565	26696	30002	27397
AT5G15200	37194	40295	37355	31961	36152	28319
AT3G54940	4829	4879	5476	17860	18872	14828
AT4G05320	31690	33518	34790	28009	28874	23056
AT1G72370	37134	39606	37312	33790	36790	28667
AT3G22500	712	707	741	7070	6600	5335
AT2G05580	1209	1112	1310	9814	9853	8319
AT1G03880	811	714	1026	2054	1981	1780
AT2G41260	1904	2207	2184	42984	37462	32010
AT1G04410	30099	31770	32161	29287	31590	24058
AT2G41840	30505	33542	31617	27963	31977	24257
AT2G18020	31529	35126	33843	28929	31456	24714
AT4G21020	3712	3603	3798	10523	10089	8259
AT3G05590	33951	35495	33740	27812	30497	25290
AT4G36600	301	257	299	2861	2866	2331
AT1G15500	22831	21754	21177	27709	28872	23835
AT1G67090	12447	13105	11757	20178	22164	16478
AT1G48920	38090	35970	35086	37916	36311	31037
AT3G18490	24954	24989	28591	47785	55269	42273
AT5G47210	31031	31671	30018	29420	30558	25008
AT5G02870	34314	36030	36192	27395	29799	22656
AT1G18080	29502	32322	31363	28345	30876	23805
AT3G62250	32200	36298	33858	27117	31750	24032
AT3G53040	1904	1786	2049	9914	8697	7438
AT3G25520	29526	30644	30544	26280	28623	22291
AT2G28490	860	937	1027	10136	9943	8673
AT5G44310	4666	4713	4646	14935	14167	11036
AT3G04400	28587	30474	29393	26492	30026	23587
AT1G07930	33251	35586	34058	29708	32402	24720
AT4G27090	27656	29536	28585	25992	28296	23578
AT2G34480	29751	31953	29682	24442	27969	21662
AT5G66780	7739	7735	7408	21635	22251	17895
AT4G34710	13257	12438	11765	20808	21628	17322
AT1G26630	28962	31137	30049	26850	29636	22140
AT3G49910	27570	31044	30403	23455	26695	20067
AT5G18380	28067	31347	30155	24533	27577	20962
AT4G01610	16417	15340	17870	21313	23850	19182
AT2G38530	2748	3203	3641	11026	14955	10507
AT4G34110	23836	21477	20775	26357	26250	23831
AT1G70600	27845	30068	29899	22649	26412	19964
AT3G62870	27988	29342	28022	25449	27018	21536
AT3G49010	27833	30208	28855	25405	29219	22364
AT3G09630	29272	30343	30036	25462	27084	20971
AT4G31700	30692	32270	31360	23455	25573	20024
AT5G02960	25368	27581	27072	24633	26556	20910
AT3G53460	21809	21531	20083	26836	29310	22897
AT2G41280	962	1005	1228	8590	8836	6866
AT4G27160	2368	2268	2968	2840	2812	3794
AT3G13920	24341	26217	24357	29413	31001	23752
AT3G01570	1969	2374	2265	9997	11071	8242
AT5G25460	28667	28436	30183	34525	37922	29961
AT5G01670	479	410	444	2914	2547	2473
AT5G27850	26173	27853	25933	21774	24206	19283
AT5G39740	27093	28175	27254	22875	25013	19792
AT4G16720	24909	26831	25720	23427	26223	20849
AT4G11310	567	616	720	2785	2904	2186
AT3G60245	24837	26398	26294	20200	21968	18659
AT3G04840	26757	28277	27162	20943	22575	17869
AT1G68560	29531	27518	31189	36967	39547	31964
AT1G04270	25629	27249	26610	22181	25072	19596
AT3G51810	1631	1581	1703	10375	10177	8004
AT5G05290	27879	28124	31569	32148	39047	30677
AT5G21020	3554	3672	3039	15503	15255	13152
AT4G15000	25408	27981	27051	20669	23497	17934
AT1G07920	24684	26554	25353	24380	26801	19949
AT2G42560	496	358	471	4781	3707	3600
AT2G36530	19456	19854	20319	15373	15599	12809
AT1G77760	22163	20432	20780	42748	40780	34126
AT1G67430	22048	23354	22080	19823	20768	17465
AT1G09690	21910	24338	22870	19315	22608	18093
AT3G21380	264	208	258	6087	4920	4629
AT3G58610	21357	20951	21048	21729	21632	17748
AT5G07090	24422	26461	24753	20460	22594	17450
AT1G73190	640	661	934	11767	11904	10376
AT4G18100	23394	25633	24579	19976	22642	17522
AT3G11940	22929	23861	23202	20017	22139	17563
AT1G72100	1798	1745	1994	8667	8494	7184
AT3G02470	18958	18194	16983	15606	17064	13870
AT2G47610	23969	25803	24728	20087	21517	17049
AT1G63770	23309	19284	20956	29191	25384	23995
AT5G03240	5535	5727	5972	11823	12251	9617
AT2G27530	21220	21826	21010	19312	21058	16965
AT5G08670	16441	15357	16020	13175	14490	11314
AT3G05260	330	275	277	3552	3251	2787
AT2G01250	21855	22261	21380	17517	19625	16378
AT5G22470	1788	1251	1555	8854	7327	7054
AT4G17390	22533	23488	23120	17888	20688	16373
AT1G18540	24658	25870	24931	18386	20018	15929
AT5G11520	20016	19589	20277	18772	18994	15701
AT1G11910	9855	9482	10962	18051	18227	15324
AT3G53870	21757	23479	22608	20268	22418	17833
AT4G34670	20180	21155	19745	20031	22138	17457
AT5G52300	426	431	395	4864	3972	3582
AT3G09390	3999	4467	4780	14453	16457	12389
AT2G39460	22381	23760	22662	17639	19582	15688
AT4G34870	13055	14900	14428	12397	13769	10099
AT1G13440	12443	12723	12529	13846	14059	11656
AT2G28000	15502	15365	15038	16992	16702	13570
AT4G39260	18389	18460	17926	18493	19370	16219
AT3G24830	21505	22523	21440	18473	20428	16470
AT4G39200	18894	19446	18896	17256	19222	15745
AT5G14450	19901	19183	20037	25236	28439	22723
AT2G21660	19039	19661	18874	15906	16115	13921
AT1G30230	13284	13221	13100	18251	19319	16466
AT4G27450	13741	12477	13886	32193	33240	27652
AT2G27710	19245	21426	19711	16366	18129	14165
AT3G52590	19247	21234	20379	15581	17373	13942
AT3G53020	19458	20978	19669	17726	19421	15546
AT3G08030	18025	18260	20829	32373	35911	28097
AT2G33070	79	55	107	9344	7872	7475
AT1G20620	1640	1741	1599	4484	4287	3463
AT5G10360	19636	21148	20336	18114	19441	15544
AT4G30960	18533	18232	16524	26444	28682	22896
AT4G16160	3239	3490	3122	9545	9682	8138
AT5G56030	17928	18069	18445	15936	16017	12468
AT3G09840	15275	15138	16410	17817	17003	13439
AT3G13460	14851	13606	14161	23078	23103	18135
AT5G07330	941	1102	1116	4282	4533	3521
AT2G47110	20513	22728	22045	16225	18222	14018
AT3G48990	8614	8940	9262	15166	14988	12009
AT3G12120	6832	6787	6945	9330	10124	8087
AT3G56350	665	640	658	5982	5626	4958
AT5G08690	14836	13951	14434	11704	12960	9989
AT2G22780	17373	16603	17742	15789	15946	13031
AT2G18960	10788	9682	11654	23043	22841	19635
AT4G14960	16424	17786	17387	12778	14174	10753
AT1G26770	28362	27681	26994	30589	34914	29615
AT3G04120	13399	13779	14905	9411	10297	7801
AT5G50920	10140	8862	9321	18371	17088	13541
AT5G14040	16710	17437	17649	12286	13301	10246
AT2G42790	13636	12860	13672	19817	19394	16367
AT5G62190	15027	13303	13253	22723	21399	18216
AT2G36640	3901	3886	3998	17257	16884	13053
AT3G53430	17398	19892	18725	13853	16384	12087
AT5G62490	2668	2461	2509	8303	8683	6991
AT1G52300	16543	17820	17416	14963	16659	13659
AT5G20950	13406	13327	14874	20432	22189	18276
AT3G16420	2409	2224	2445	1747	2052	1737
AT1G16030	557	301	715	2039	2187	1780
AT1G65980	8039	8489	8746	15482	16044	12907
AT1G54010	3567	3620	3754	5306	6236	5104
AT1G57720	14679	15460	14952	15224	16291	12904
AT1G55490	11768	10423	10320	15155	14351	12160
AT2G23240	308	305	297	5157	5302	4185
AT5G16130	16018	16779	16191	14395	15372	12246
AT2G19730	18293	19966	19030	15171	16878	13313
AT3G09500	14734	15539	14585	13543	15272	12130
AT1G01100	17906	19668	18598	15090	17984	13991
AT5G58420	17736	19509	18326	14674	15747	12061
AT3G11510	17448	19218	17437	14724	17149	12941
AT2G04030	18689	16092	16665	19749	18832	15608
AT4G09320	18010	20052	19248	14168	15953	12512
AT1G07985	2206	2315	2402	5978	6425	5044
AT1G62710	5278	4781	5129	12233	11990	10988
AT1G53240	15434	15527	15318	12375	13226	10031
AT5G56010	16276	16630	16508	13770	14059	10932
AT5G47700	15256	16772	16298	12351	14654	11479
AT1G80070	17113	12590	15139	20663	17791	15459
AT5G26742	13525	11646	11689	17933	17472	14322
AT3G45310	15827	15360	17266	12918	14153	11648
AT5G19510	12971	13300	12766	13080	13899	11317
AT1G64720	10905	9914	9737	21620	23035	20262
AT1G64110	9847	7202	7921	15818	13227	12719
AT3G53740	14388	15407	15000	14105	15583	12562
AT4G00100	15657	16705	15588	13676	15138	11979
AT2G14878	1010	1069	935	7858	8591	6585
AT2G31610	15904	16719	16051	13961	15513	11792
AT2G27720	15130	16580	15607	14961	16145	12994
AT5G57290	14365	15971	14705	13051	14752	11185
AT5G09810	11889	12359	12290	15576	16217	12423
AT3G50980	1841	2154	1961	6800	6979	5741
AT2G21820	638	725	820	6619	6943	5400
AT5G11420	17784	17229	19564	27594	31966	25575
AT2G37220	11686	11835	11051	13960	14784	11176
AT3G57150	17147	17325	17289	17560	18519	14550
AT1G15930	15467	16361	15130	14752	16989	13122
AT1G07940	14526	15493	15050	15312	16149	12381
AT3G52930	10199	10728	11120	7973	8806	6704
AT1G09590	17731	19084	18305	12398	14551	11733
AT4G24280	13243	12205	12560	13618	13969	10715
AT3G58450	506	635	654	2815	2678	2517
AT5G56710	14134	15644	14828	12524	14288	11456
AT1G79550	12742	12771	13482	11766	12525	9644
AT5G41520	15812	15252	14981	13409	14259	12012
AT1G14940	391	355	430	5199	5600	4577
AT4G20850	10022	7267	8032	14667	12368	11977
AT3G60770	16075	17064	16524	13242	14420	11591
AT5G62700	13545	13717	13875	12212	13447	10325
AT2G30970	21000	20327	21257	9871	10620	8797
AT3G05560	15823	16876	16111	11967	14171	11011
AT4G18730	13686	14347	13733	12694	13784	11373
AT5G42020	20797	20096	22840	6058	7369	6218
AT4G38680	13187	15224	13587	13557	15175	11694
AT5G28540	20006	19847	22371	6609	7580	6475
AT4G24190	18440	17218	19592	5903	6840	5984
AT5G01300	264	340	429	2252	2118	1968
AT1G77940	16455	17514	16496	11600	12366	9932
AT4G27170	589	592	953	1314	1146	1385
AT3G22490	163	151	157	1222	1217	1087
AT5G62690	12113	12614	12277	12485	13356	10590
AT4G34200	11166	11085	11666	11244	11826	9255
AT3G16770	6176	6450	6439	14580	16120	13638
AT1G08360	12822	13594	13395	12234	13185	10262
AT3G04920	14945	15716	15312	12025	13516	10650
AT1G69620	14374	14938	14371	11538	12930	10498
AT4G24690	7376	7104	7489	15458	14774	11651
AT1G50920	15499	14946	14659	16682	16725	13263
AT5G58070	4760	4905	5001	10343	10699	8788
AT5G42980	6767	7562	7219	8428	9123	7274
AT2G47770	317	296	379	3148	3072	2609
AT3G48930	13439	14408	13937	11328	12970	10382
AT3G15000	13774	14224	13966	16178	17552	13540
AT3G62290	4950	5166	4895	7593	8458	6466
AT3G07110	14888	15398	14856	12172	13946	10812
AT5G20720	10131	10169	9780	10646	10939	9359
AT5G59170	328	285	363	4110	4185	3536
AT2G37190	12639	14266	13859	10709	12259	9397
AT4G02510	10672	9211	9727	17026	16139	13066
AT5G22650	15780	15705	15338	13771	13757	11457
AT3G02080	14256	15637	14747	11424	13076	10090
AT5G52470	14650	14762	14313	14962	15817	12474
AT3G12580	3785	2697	4301	8633	8187	6438
AT3G03341	443	482	490	2453	2582	2048
AT3G18740	12505	13957	13353	11152	12604	10028
AT5G42890	12141	12942	13065	11329	12483	10133
AT1G33790	14775	13191	14300	12663	12398	10369
AT5G35530	11736	11996	11582	11102	12233	9523
AT3G06700	12976	15394	14791	11266	12617	10197
AT1G56110	16738	16017	15877	13270	12879	11015
AT2G17360	12798	13606	13252	11629	12844	9950
AT3G55440	10014	10805	10277	9346	10376	8402
AT2G34250	11345	11258	12293	8322	9306	7513
AT2G21580	13129	14588	13732	11646	13062	9913
AT1G07080	5533	5489	5788	12926	14119	11077
AT2G02120	716	879	896	4956	4923	4217
AT1G49600	10232	10020	9902	13024	13517	10878
AT4G24770	8523	8783	8354	11203	12093	9276
AT2G43970	8388	7319	6828	12338	11243	11099
AT5G64260	3176	3240	3185	6760	6954	5346
AT2G45960	3609	3804	4021	5777	6372	5261
AT4G17520	14210	13712	13368	11887	11981	9943
AT2G44120	13311	14147	13762	11729	12721	9749
AT5G28060	12577	13106	12801	10559	11317	9362
AT5G61170	13479	14687	13879	9635	10922	8824
AT2G16600	12070	13653	13487	10362	11893	8681
AT1G09570	13890	12519	13773	16540	16629	12999
AT5G61790	17228	17169	18704	5908	7077	6028
AT5G38480	10122	10828	10366	8127	8923	7209
AT1G70840	243	274	330	6187	6008	5178
AT2G36160	12935	13384	13417	11060	11915	9555
AT5G59850	13578	14800	14125	10437	12183	9320
AT3G22230	14145	15913	15269	10842	12252	9214
AT4G02890	5882	6077	6991	6449	6414	5188
AT3G19920	2897	2807	3184	8945	8562	7054
AT3G02090	10413	10356	10471	9095	9882	7649
AT1G01300	12206	12302	13573	12435	15451	12061
AT5G52650	11621	12821	11916	9854	11322	8791
AT1G01720	1493	1446	1372	2402	2537	2050
AT1G14930	1356	1425	1390	5168	5735	4196
AT5G54770	2438	2468	2447	6621	6725	5358
AT4G37910	15589	14907	15767	11780	12533	9685
AT4G30190	11128	9314	11440	6571	6828	6499
AT4G15910	2686	2955	2806	3148	3424	2981
AT5G56670	10795	11761	12016	9639	10498	8580
AT3G44110	8622	8784	8764	11379	11588	9590
AT4G11010	8425	9022	8878	6256	7085	5276
AT5G65110	14261	12838	14184	11285	12264	9737
AT3G56150	11955	11685	12033	11282	11292	8729
AT4G40040	9761	10250	9925	10582	11734	8789
AT4G11600	2955	3186	3018	6760	7131	5526
AT5G47930	12043	12685	12205	9925	11019	8885
AT4G12910	28072	24212	30063	4206	4233	4207
AT3G14230	11521	11594	10727	11942	12262	9860
AT1G74050	10971	11342	10887	10286	11383	8927
AT2G47780	5731	6157	6120	6808	8260	6262
AT2G23350	12065	12000	11813	10642	10953	8716
AT1G03790	4107	4259	4130	8355	8694	6512
AT2G30860	7383	6846	8024	1312	1585	1209
AT4G05050	6488	6750	7348	4533	4605	3889
AT4G38740	865	940	988	3166	3325	2580
AT3G56340	12515	13565	12839	9436	10611	8670
AT4G11420	12212	10393	10514	11190	10565	9244
AT5G01410	7362	8028	7892	9224	10176	7609
AT1G70320	15174	8180	10599	14222	10574	10847
AT1G66580	10333	11124	10801	8530	9429	7506
AT5G55410	9146	9765	9937	12738	15098	11717
AT3G23920	1042	1112	1087	2318	2445	1911
AT1G33140	10028	10693	10326	9738	11335	8641
AT1G09640	9605	9969	10071	10388	11112	8771
AT1G77120	1102	952	1246	5376	5313	4351
AT3G01280	10701	11453	10858	8735	9351	7235
AT3G57520	11024	10164	10355	18631	16332	14175
AT5G02450	10569	11784	11286	9503	10067	8399
AT4G23630	4843	4577	5136	7363	7882	6206
AT3G61110	10695	11806	11547	10296	11290	8535
AT2G36460	6289	6309	6719	13448	13875	10792
AT5G62300	11062	11677	10996	10606	11830	9455
AT4G36130	12107	13006	12446	9508	10583	8351
AT2G28420	3696	4158	3837	9341	10938	8076
AT2G37270	10653	11456	10933	8421	9097	7324
AT1G27400	11950	12694	11886	8458	9396	8069
ATMG01390	1509	1987	1901	15320	18152	12014
AT3G44010	9692	10589	10859	10314	11326	8793
AT1G56340	16331	15502	17204	3891	4453	4379
AT3G58680	5153	5218	5417	9522	9716	7839
AT1G57660	10667	11679	11674	8402	9760	7628
AT5G20960	2991	2402	2992	11919	10021	9179
AT4G24220	3469	3611	3948	8687	8920	6932
AT4G10480	11232	11713	11089	8449	9430	7539
AT4G25630	14600	14802	14010	8914	9929	7758
AT2G43460	10837	11377	11185	8770	9712	7701
AT2G36620	10822	12085	11480	8289	9360	7340
AT3G19960	1170	1016	1058	3972	4195	3532
AT1G41880	10960	12303	11345	9138	10288	8641
AT5G45775	10889	11508	10996	8676	9206	7462
AT4G14320	10531	11381	11306	8738	9917	8080
AT4G15530	10856	8634	9617	9261	7602	7817
AT1G20960	10237	8076	9327	12311	10857	9248
AT1G17880	10356	10756	10278	9308	10218	8086
AT5G53460	13089	8449	10537	11168	9432	9671
AT5G59910	8448	9741	9351	9858	10859	8313
AT5G60790	8378	8328	8408	10012	10860	8015
AT3G23990	11727	10843	11295	9162	8890	7281
AT3G51800	11371	11712	11563	9670	9847	7946
AT1G56280	2133	1859	1787	5399	5460	5125
AT1G74060	9564	10415	9936	8712	9282	7363
AT1G03220	5072	5275	6449	18620	20963	16174
AT1G06950	9838	8180	8743	11348	10969	8721
AT3G15730	6710	6469	6888	8011	8319	6813
AT5G08260	10532	10454	10415	9776	9885	8842
AT1G75950	6540	6871	6930	8548	8899	6957
AT5G57655	7832	7525	8790	16556	16856	13946
AT3G09440	9261	9037	10041	8779	8766	6509
AT1G76010	9075	8584	8359	9928	10250	8299
AT5G15230	694	600	842	37	40	30
AT1G50010	5798	6070	5987	6114	6863	5185
AT5G15090	9362	9867	9622	7722	8508	6782
AT3G55750	11929	12318	11733	8204	9288	7560
AT2G37640	13784	14336	14355	10542	12443	10056
AT1G22780	9609	10494	10266	8517	9749	7490
AT5G14800	10290	9676	9440	10061	10784	9280
AT3G08530	8335	6158	7321	9010	8167	7186
AT2G05220	9437	10429	9553	8316	9286	7139
AT5G53300	5152	5200	5110	8028	8833	7171
AT5G57870	8778	7883	8027	9648	9851	7810
AT3G20050	10023	9337	9451	8768	8818	7413
AT1G78380	4637	4919	4996	7424	7736	6112
AT1G21000	2973	2980	2745	5392	5563	4701
AT1G24510	9709	9696	9590	8329	8875	6981
AT2G21870	6264	6381	6426	6003	6605	5421
AT5G09510	10773	11576	10957	8165	9124	7122
AT1G01470	197	243	240	2771	2608	2116
AT1G73230	8988	9399	9005	8358	9124	7240
AT2G32060	9793	10570	10210	7798	8972	7062
AT3G48560	5864	5588	5797	8631	8448	6410
AT2G15010	692	757	723	1523	1593	1434
AT1G54860	152	131	184	2353	2232	1900
AT5G20890	9091	8909	9220	8370	8918	6883
AT1G78900	5641	5278	5586	6164	6303	5347
AT1G33120	9075	9669	9109	8426	9207	7121
AT5G27700	8576	9007	8631	8061	8771	7055
AT3G60750	7191	7086	7499	6349	6749	5376
AT3G23390	10815	11262	11225	7797	8850	7041
AT3G52140	10854	8412	9002	11144	9830	9112
AT1G65930	5851	5205	5765	6122	6247	5227
AT1G27950	6485	7138	7230	6892	7997	6152
AT1G65090	2374	2180	2097	6077	6435	5182
AT4G02280	944	798	890	4014	3362	3030
AT3G02560	10383	11041	10575	8018	8650	6903
AT4G13850	10496	10855	10492	9796	9899	8035
AT1G02700	815	950	847	3974	4223	3298
AT2G38230	9551	9832	9682	10461	11642	9276
AT2G26080	10408	8635	8967	8520	7919	6997
AT2G42840	2021	1882	2205	1543	1634	1504
AT1G53750	7808	7954	8207	7129	7125	5835
AT5G66760	7290	6626	7371	6349	6519	5165
AT5G14180	6251	5751	6158	15882	16091	14577
AT4G09800	9915	10467	9702	8794	9772	7467
AT5G02260	11484	11302	12594	4537	6020	4617
AT5G46430	9321	9729	9211	7775	8786	7295
AT3G53890	11264	11932	12129	7618	8447	7039
AT3G10020	1334	1315	1412	3880	3779	3182
AT4G29060	6830	5664	5934	8711	8289	6446
AT2G33040	6638	6663	6503	5051	5242	4232
AT5G09590	7669	7106	7953	8876	9117	6896
AT5G19760	7316	7477	7897	5231	6056	4648
AT5G61020	9192	9161	8852	10389	11051	8277
AT2G19480	9280	8559	8723	9317	9541	7908
AT1G36730	6262	6241	6004	7912	8059	6463
AT5G64400	7207	7570	7223	6607	7812	6032
AT1G78040	5548	6115	6258	6098	6997	5507
AT4G02930	10614	10490	10381	7954	8389	6641
AT4G25580	390	339	335	3722	2923	2656
AT5G60760	757	669	700	2954	2790	2268
AT1G04820	2986	3156	3023	2089	2467	1945
AT3G48000	4450	4223	4512	8299	8401	6794
AT3G17390	5118	5673	5252	4985	5879	4449
AT4G32460	2549	2829	2890	2088	2435	2001
AT1G03106	1033	1067	997	5793	5977	4843
AT3G01120	9149	8656	8777	6423	6755	5680
AT4G29410	10110	10614	9977	7877	8614	6978
AT3G52300	5867	6133	6037	5268	5938	4542
AT1G11650	6581	6307	6666	8135	8355	6710
AT2G15620	8406	8159	8010	12030	11727	9401
AT2G23110	1579	1747	1830	5485	5864	4425
AT1G06290	7659	6665	7375	7488	7135	6230
AT1G04480	9271	9966	9628	7175	8161	6936
AT3G22440	5193	5102	4826	9668	10053	7680
AT3G15950	1801	1476	1853	1323	1317	1369
AT1G43670	10742	9238	9232	11815	10957	10075
AT2G31400	9109	7884	8232	9603	9327	7765
AT4G02570	6460	5721	6141	10750	10288	8741
AT3G44310	4150	4532	4437	7153	7306	5792
AT5G26360	7508	6889	7178	7906	8196	6234
AT3G14600	8123	8931	8160	7374	8472	6428
AT5G27120	11199	10977	10967	10047	9956	8163
AT3G24650	8855	7534	7824	9447	9490	8022
AT3G11930	736	678	728	3702	3930	3258
AT1G49760	8442	8122	8094	7682	7749	6296
AT1G01320	8262	6480	6476	9040	7900	7143
AT3G19820	5436	5259	5813	4965	5473	4491
AT5G04800	8490	9597	8879	7534	8589	6648
AT4G34450	5511	5012	5089	5826	5619	4798
AT3G59540	8725	9431	9198	7381	8415	6508
AT5G23740	7910	8454	8193	6548	7143	5680
AT4G25170	2928	2514	2480	8893	9147	8024
AT2G31980	2762	2782	3174	4404	4685	3780
AT3G14990	2347	2300	2455	4404	4511	3776
AT2G46280	6947	6652	6457	7664	8062	7113
AT3G27020	7320	7162	8074	10635	11320	9285
AT1G34030	8327	9048	8888	7239	8090	6267
AT5G02380	2349	2410	2440	5030	5501	4503
AT5G58290	7041	6969	7549	6931	6894	5588
AT4G02450	7453	7695	7824	8214	8157	6468
AT3G48870	8672	6798	7953	8060	7490	6160
AT1G30580	8123	7947	7910	7416	7419	6255
AT5G03850	9696	10491	9954	7279	8026	6255
AT1G27461	2754	3031	2606	7392	7552	5860
AT1G51980	7104	6534	6900	6245	6392	5021
AT2G01140	5031	5304	5298	5990	6330	4886
AT1G64790	11470	6829	8366	8993	7368	7364
AT4G29350	6838	6893	7383	6090	6693	5623
AT3G55280	9110	9669	9358	6890	7459	5941
AT3G14415	11661	11570	12137	7880	8193	7113
AT2G29980	7949	7377	7545	6760	7210	6220
AT1G21750	9266	8804	9698	3277	3808	3212
AT4G27500	4875	4199	4777	6330	5827	5097
AT3G11130	6908	5566	6084	7010	6498	5574
AT5G39570	4234	4144	4364	5372	5630	4581
AT3G12490	1769	1798	1870	4499	4510	3901
AT5G15650	2159	2324	2291	2638	3022	2320
AT1G50200	8658	6670	7180	8646	7679	6914
AT1G07770	6541	7375	6913	7034	7886	6438
AT3G03920	8531	9068	8333	8305	9137	7472
AT4G23100	5555	4879	5163	4328	4188	3622
AT5G23900	8780	9413	8947	6529	7241	5706
AT2G40360	10096	8574	8668	9538	9144	8218
AT1G48630	10107	10443	10277	6140	6748	5236
AT1G43800	1445	964	1318	10047	12295	9540
AT3G16080	9627	9933	9522	6313	7009	6075
AT1G21310	57	56	62	99	101	74
AT3G57290	7004	7089	7027	7832	7972	6593
AT1G02640	13219	11844	14022	2723	3006	2752
AT5G63030	952	819	936	3618	3818	3091
AT4G21680	206	152	225	739	724	593
AT4G35100	7077	6943	7491	5228	6099	4970
AT3G03450	8187	8299	7647	9022	10011	7696
AT5G37510	5574	5427	5774	5753	6011	4681
AT1G29900	7362	6812	7029	8439	8324	6463
AT3G63490	5260	4831	4605	6475	6545	5345
AT1G76810	8049	6070	6864	7669	6774	6116
AT5G64140	8241	9012	8559	6630	7497	5673
AT5G06360	7161	7288	7165	7553	8354	6465
AT5G61780	6448	5686	6103	7843	7743	6024
AT3G15280	190	179	218	1510	1674	1350
AT3G52960	4101	4549	4272	4746	5369	3886
AT5G19550	5575	5023	5863	9378	9844	8256
AT5G28840	6005	5893	6152	5958	5982	5037
AT4G30810	7404	7073	7767	7492	8531	6826
AT4G40030	6828	7482	7102	6462	7172	5481
AT3G01540	6973	5357	5716	8004	7723	7175
AT1G26110	6266	6115	5820	7738	7631	6261
AT3G30775	420	456	343	1341	1370	1208
AT3G02260	6920	4135	5304	9880	8418	8054
AT3G44750	10007	9836	10000	7132	7540	6085
AT5G07350	5697	5125	5432	5714	5137	4490
AT5G22440	9786	9925	9621	6171	7126	5433
AT5G04590	6322	6289	6250	5161	5659	4292
AT4G34620	3544	3722	3617	4947	5679	4373
AT1G09210	10805	10150	10900	2417	2730	2593
AT1G51200	3216	3209	3224	7511	8333	6592
AT1G09620	7229	6509	6763	8431	8150	6530
AT4G11910	573	476	515	1928	1898	1563
AT4G38600	7447	4998	6152	7907	6630	6092
AT1G74670	12719	12134	13714	9203	10283	8645
AT1G16730	1024	1128	1098	4226	4235	3539
AT1G14980	8314	9327	8582	6513	7334	5684
AT3G11050	1196	1160	1011	1897	1969	1483
AT1G78630	4100	4122	3836	4704	5071	4301
AT5G64350	5020	5313	5053	5285	6130	5068
AT5G20250	12970	11066	11951	6246	6591	6095
AT1G56600	37	35	51	683	621	599
AT4G01850	3097	3258	3144	3729	3875	3023
AT3G51840	6364	5678	6054	6585	6361	5437
AT4G12600	8456	9279	8817	7995	8909	6794
AT2G01450	6879	4419	4784	5963	5053	5626
AT2G33370	7138	7882	7805	6301	7379	5583
AT2G32730	7256	6602	7210	7388	7012	5739
AT3G11400	5978	6469	6458	6335	6606	4997
AT1G26880	7466	7943	7743	5677	6323	5065
AT1G51650	4940	5452	5488	4237	4973	3926
AT5G30510	5446	5400	5224	6268	6477	5197
AT4G09000	6283	6515	6372	7048	7379	5944
AT2G21390	4969	4572	4851	6329	6523	5021
AT4G02480	5302	3873	4546	7348	6327	5892
AT4G33865	7428	8455	8090	6832	7097	6018
AT4G24820	6649	6605	6755	6473	6609	5509
AT5G11170	7522	5957	6565	6642	6554	6203
AT1G11580	3983	3630	4233	4773	5224	4296
AT4G29840	4418	4817	4725	5215	5344	4096
AT4G22920	436	422	412	908	883	714
AT4G13930	3619	3812	3931	3449	3713	2877
AT1G27990	246	229	232	2474	2215	2134
AT5G08680	4179	4016	3989	4276	4577	3604
AT5G27770	7277	7871	7474	6130	6848	5411
AT4G29040	6060	6237	6662	6572	6461	5112
AT1G58360	6052	5809	6776	8319	8858	7212
AT1G26850	4363	4052	4694	5414	5874	4808
AT1G43780	16925	15810	17881	4281	4704	4703
AT3G62530	7239	7418	7475	6045	6563	5015
AT5G20020	9161	8691	8370	6127	6224	4752
AT4G17330	7920	5153	5803	8070	6558	6598
AT3G50370	7036	5086	5664	8920	7456	6970
AT4G09600	201	242	230	2500	2658	2178
AT3G45030	6502	7066	6585	5884	6647	5232
AT2G43590	867	1023	1454	4584	4711	3920
AT4G19210	6550	6181	6369	6270	6016	5002
AT4G02230	6188	6479	6365	6829	7622	6219
AT5G65750	4184	3732	3961	7797	7237	5923
AT5G46180	7164	6202	6643	7810	7769	6702
AT3G52580	7042	7253	7030	5656	5850	4920
AT5G08530	4726	4584	4589	5120	5213	4138
AT1G26270	6456	5871	5930	10363	11017	8596
AT2G19900	305	252	262	2020	1594	1523
AT3G09820	3327	3269	3577	2707	2632	2277
AT2G47470	7060	6616	7772	3228	3425	3097
AT5G52640	1151	689	1199	2006	1922	1478
AT3G62030	4318	4562	4145	4323	4842	3566
AT3G05220	5956	5783	5982	8297	7690	6211
AT3G56070	7507	8006	7481	6699	7281	5624
AT4G31985	7397	8115	7747	5352	6363	5268
AT3G07770	8596	7145	7620	7526	7164	6169
AT5G55240	219	200	205	1278	1258	1069
AT4G26110	7132	6972	6799	6855	7102	5839
AT1G64970	5526	5726	5604	5129	5750	4520
AT3G22380	7306	6071	6472	6972	6446	5465
AT5G65310	7838	7636	7444	5369	6331	5031
AT4G35450	4946	4742	4922	5511	5609	4599
AT3G63460	6628	5656	6211	5826	5663	4704
AT4G27130	2690	2705	2619	6068	6135	5296
AT5G11200	6797	6118	6382	6502	6447	5580
AT2G23090	3857	3986	3921	5879	6598	5076
AT3G15260	1506	1504	1410	3707	3764	2998
AT3G46740	5892	5402	5531	6565	6759	4949
AT2G20450	7450	7398	7414	5469	5981	4930
AT3G07050	7222	7198	6993	7594	7884	5882
AT2G24280	10822	9062	10285	3340	3476	3171
AT3G19760	6618	6388	6497	6149	6779	5203
AT5G44340	2857	3033	3078	2672	2896	2347
AT2G36270	2086	2028	2001	3750	3416	2838
AT2G04390	6606	7046	6863	5529	5938	4593
AT2G30110	5077	4772	5166	6098	6134	4751
AT1G62390	6540	6112	6193	6492	7172	5216
AT2G37410	4244	4557	4569	5995	6447	4931
AT2G40610	9068	8573	9986	8307	9561	8126
AT2G42000	117	98	111	1219	1052	1023
AT5G10860	4053	3918	3948	5035	5161	4235
AT2G38870	344	369	377	3102	3244	2615
AT1G07140	5477	5669	5661	5605	6092	4761
AT3G03960	6560	6075	6177	5407	5359	4498
AT4G15390	6163	6522	6595	5959	6590	5240
AT3G18780	1813	1996	1882	2562	2809	2321
AT3G20770	4301	4246	4451	7636	7668	6104
AT5G02610	6213	6600	6432	5705	6266	5273
AT5G65670	6515	5926	6308	6938	6749	6020
AT5G19780	5707	5826	5537	6051	6244	4776
AT3G20000	6157	5911	5911	5328	5730	4724
AT2G24200	3637	3544	3794	4318	4270	3531
AT3G11830	7035	6533	6638	5694	5413	4760
AT1G28290	2330	2181	2428	3637	4458	3496
AT5G47030	3856	4120	4113	4572	5199	3761
AT5G27640	6746	6063	6067	6173	5864	5318
AT1G53910	4938	4978	4946	5273	5480	4066
AT2G18440	6689	3831	4086	5949	5007	6337
AT1G17810	124	98	138	2307	2261	1875
AT5G14520	7330	6492	6695	6873	7007	5879
AT2G22240	43	42	40	274	309	234
AT4G30950	3627	3425	3229	5130	5506	4520
AT1G36160	5863	3962	4472	5402	4797	4771
AT3G50970	79	55	125	763	722	515
AT3G57020	122	130	202	2414	2270	1987
AT2G25210	6571	7294	7259	5364	5437	4652
AT3G05060	8132	7736	7785	6561	6182	5324
AT5G23540	5813	6245	6500	5407	5560	4585
AT1G54270	6259	6370	6182	5543	5883	4591
AT2G20580	5729	5150	5520	5756	5334	4372
AT5G13450	4466	4460	4408	3534	4031	3183
AT5G55190	6142	6054	5754	5506	5767	4898
AT5G40770	6145	6460	6450	5564	6161	4755
AT3G17820	3901	4096	4046	4540	4691	3753
AT5G10980	6036	6363	6285	5278	5314	4408
AT3G25920	3412	3503	3252	3746	4077	3326
AT4G35300	3733	3203	3566	5633	5519	4784
AT1G31910	6585	5481	5357	4706	4679	4557
AT5G62000	5998	4840	5219	7026	6693	5855
AT4G25730	7931	7095	7251	7058	6817	5526
AT1G12920	5395	5377	5502	6262	6576	5038
AT1G48830	5166	5329	5244	4857	5489	4419
AT1G79930	6065	5464	5612	5572	5334	4397
AT2G03820	5405	5273	5324	7110	7518	5711
AT4G16210	5799	5586	5908	5650	6306	5092
AT3G47370	6459	6937	6715	4666	5246	4147
AT5G04430	4493	4156	4192	4559	4555	3901
AT3G14310	7704	7059	8589	3574	4005	3541
AT5G38470	4520	4491	4372	5666	5350	4392
AT3G28345	8690	8199	8345	8760	8910	7522
AT1G48410	6365	4568	5003	6418	5410	5523
AT4G35830	4089	3730	3946	6874	6400	5500
AT5G58710	4374	4522	4741	5330	5929	4893
AT3G19170	5220	4184	4795	6777	6209	5189
AT1G79920	5339	4357	5146	6766	6028	5445
AT3G13470	4458	4017	3927	3693	3500	3045
ATMG00020	1301	1759	1225	7358	8925	6028
AT4G22220	2858	3023	3036	4748	5235	3954
AT3G18190	5825	5990	6200	5491	5655	4161
AT3G11630	3833	3647	3514	3582	3996	3126
AT5G57990	6913	6084	6265	5799	5698	4844
AT5G08610	5541	4592	4690	7404	7080	6287
AT5G36230	4631	4496	4683	4675	5235	3974
AT5G19820	7598	5741	6248	6078	5410	5031
AT3G16780	6929	6984	6645	4464	4944	4095
AT4G32410	4319	3510	4028	4295	4157	3764
AT1G54410	1175	1106	1132	1285	1451	1194
AT3G12390	6122	6138	5895	5102	5538	4725
AT1G66410	3380	3682	3539	4497	4964	3742
AT5G64270	5550	5083	5438	6081	5868	4539
AT5G56260	6296	6179	6649	5700	6332	5125
AT5G16970	1754	1902	1848	3375	3094	2508
AT1G03230	3393	3633	3924	7357	8666	6452
AT1G58030	4229	3413	3858	8072	7717	7251
AT1G15330	358	288	352	1242	1266	906
AT5G11770	2912	3104	3068	3716	4228	3180
AT2G33340	5169	4717	4773	6769	6770	5639
AT4G00810	5635	6128	5628	3954	4527	3571
AT3G19130	5290	4931	4925	7199	7583	6513
AT3G54110	6879	6728	6785	4545	4862	4103
AT3G60240	6000	4633	5375	7036	6353	5285
AT3G27850	3453	3663	3649	4159	4751	3711
AT5G65720	5134	4962	5245	5927	6158	4637
AT4G16830	3173	3080	3188	4963	5055	3952
AT1G07645	207	230	194	2064	2106	1937
AT5G13440	3114	3405	3371	3856	4094	3154
AT1G14610	7009	5462	5941	5930	5045	4674
AT4G01100	4812	4693	4889	4748	5346	4050
AT2G02160	5567	5234	5354	6672	6653	5285
AT3G42050	4415	4291	4298	4552	4687	3702
AT1G65290	5111	5628	5258	4260	5148	3836
AT1G31970	7166	6060	6083	7968	7326	7189
AT3G25230	5583	5253	5353	5534	5480	4479
AT4G25740	5632	6264	5823	4486	5229	4110
AT3G21560	3679	3889	3729	3908	4308	3647
AT4G31290	1975	1861	1805	4441	4666	4209
AT4G22670	3729	3866	3878	5298	5562	4529
AT5G19770	4410	4552	4345	4473	4506	3517
AT1G72040	5378	4962	4912	6306	6371	5083
AT5G50850	4774	4577	4667	4653	5094	4134
AT1G69295	2187	2175	2360	3268	3610	2927
AT3G18130	7324	7515	7320	4648	5108	3842
AT2G40510	5226	5647	5441	4500	5004	4269
AT3G14660	3184	2811	2815	5077	5156	4630
AT1G23820	5864	5856	5809	5150	5485	4589
AT1G07320	3252	3331	3227	4205	4548	3552
AT1G54100	1792	1698	1727	3842	3474	3062
AT5G60670	6782	7516	7214	5120	5879	4680
AT1G70780	2664	2642	2673	3171	3144	2705
AT1G12780	7617	6942	7635	6039	6148	5553
AT4G38810	1941	1924	1970	5168	5200	4154
AT4G10320	7278	5760	6028	6470	5626	5042
AT5G08180	7045	7176	6980	5667	6435	5164
AT5G46020	4654	4520	4441	5675	6073	5097
AT1G19910	2851	2841	2912	4169	4561	3653
AT1G65440	5899	4404	5106	7004	6223	5456
AT4G31180	5696	5148	5253	5658	5444	4850
AT3G22310	7862	7364	7647	6846	6926	5408
AT1G11840	1788	1923	1896	2535	2807	2270
AT3G63410	3677	4006	3510	4516	5293	4072
AT5G59613	3581	3757	3745	3503	3875	3134
AT2G47510	5823	5338	5682	3290	3310	2848
AT3G27820	5560	5083	5570	4291	4741	4054
AT3G22890	4261	4201	4415	4862	4905	4230
AT1G04170	5447	5201	5210	4964	4985	4126
AT4G35800	5300	4029	4683	6278	5647	4793
AT5G45390	3338	3362	3270	3816	4026	3024
AT1G66270	12	9	25	11	7	5
AT3G11710	7050	6301	6431	5142	4911	4557
AT5G48412	1144	1196	1075	4822	5320	4250
AT1G22300	3802	3771	3736	4176	4475	3548
AT1G09770	3705	3466	3432	5425	5369	4275
AT2G44100	3310	3181	3270	4702	4638	3882
AT5G52420	1015	1082	1049	2206	2521	1895
AT2G39390	5788	5941	5904	3811	4199	3498
AT4G38920	3547	3686	3668	4323	4792	3926
AT1G18070	5617	4913	4957	5207	5229	4541
AT1G57860	6094	6603	6379	4485	5431	4343
AT3G05530	5756	5334	5320	5174	5007	4321
AT1G29470	3887	3586	4152	3949	4115	3405
AT5G42300	2978	3168	3279	5521	6176	4868
AT5G13850	4854	5231	5038	4883	5298	4289
AT5G65220	3008	3154	2877	3412	3878	3035
AT3G08520	4112	4524	4399	4725	4786	4237
AT5G57390	4833	4388	4115	5831	5587	4694
AT2G47400	2552	2751	2671	5886	6309	5005
AT2G19750	6164	6726	6234	5049	5502	4433
AT2G33800	2886	3093	2869	4139	4085	3292
AT3G62700	2524	1984	2413	6102	5287	5014
AT5G42080	4009	3420	3517	4608	4462	3871
AT4G14880	2653	2755	2654	3241	3036	2521
AT2G26140	4529	4228	4517	5356	5298	4384
AT5G64420	6220	5678	5862	7318	7142	5612
AT5G63810	5567	4451	4947	4114	4080	3974
AT3G44990	10316	9507	11126	702	886	884
AT2G21160	3253	3406	3513	3425	3953	3048
AT5G63400	4533	4764	4581	3797	4236	3447
AT2G43090	4398	4725	4641	4468	4919	3580
AT3G05500	2510	2652	2476	3618	3795	2912
AT4G16760	2018	1957	1941	2774	2780	2283
AT3G05970	5646	4075	4775	4746	4324	4211
AT2G41430	3291	3164	3381	4366	4739	4075
AT1G32230	5011	3122	3553	5546	4473	4720
AT2G45290	991	945	905	3855	3677	2983
AT1G47540	63	60	88	747	733	887
AT1G64230	2544	2446	2318	4767	4932	4068
AT5G16470	3407	3829	3735	5322	5994	4440
AT5G55070	4410	4174	4294	4299	4454	3464
AT4G34700	4048	4312	4124	3557	4139	3342
AT4G27000	4446	4282	4349	5000	5268	4126
AT4G38630	4784	4961	5117	3970	4080	3342
AT3G51880	2123	2102	2014	4928	4828	4055
AT1G29150	4731	5188	5152	4990	5210	3984
AT2G20360	4526	4171	4255	3727	3982	3245
AT5G48760	6277	6779	6140	5099	5936	4560
AT3G13580	6223	6297	6168	5334	5736	4719
AT4G35000	5203	5089	5235	4004	4508	3597
AT2G33590	502	508	572	1404	1496	1151
AT3G08590	3514	3741	3894	3522	3499	2919
AT1G47420	3171	3347	3269	3474	3876	2988
AT3G14595	545	514	571	3037	3253	2748
AT5G19520	4821	4018	4680	4850	4813	4288
AT1G20693	2842	3072	2818	4355	4422	3465
AT4G11150	3934	4076	4215	3642	3904	3101
AT1G07890	1250	1241	1348	594	638	572
AT1G54030	3985	3721	4200	3730	4009	3405
AT3G52850	2699	2387	2728	4648	4606	4175
AT4G12650	3993	4117	4304	3756	4454	3451
AT1G74260	5420	4833	5161	6201	6240	4612
AT5G14570	3165	3239	3287	4124	4391	3519
AT3G07560	2932	2869	2816	5606	6120	4922
AT2G31410	5111	5537	5448	5482	5979	4769
AT5G20920	4830	4812	4477	4541	4736	3734
AT3G47340	130	105	118	1533	1231	1010
AT2G20420	4815	4790	4912	4021	4232	3216
AT3G13300	4593	3439	3968	5597	5002	4282
AT5G66460	3715	3540	3984	5908	7244	5897
AT1G10950	3775	3560	3900	4293	4735	3633
AT1G77180	3892	3662	3795	5106	5128	4126
AT1G80410	5277	4442	4834	5550	5216	4035
AT5G23040	2944	3048	2853	5448	5799	4789
AT1G09970	2600	2388	2979	6091	6025	4836
AT5G14030	3069	3421	3468	3287	3709	2936
AT1G74560	6175	6007	5895	5889	6085	4899
AT5G54810	3646	3404	3656	4297	4430	3751
AT2G26250	4933	5043	5393	3645	3994	3505
AT4G04890	5995	5084	5340	5704	5647	5004
AT1G79750	2856	2277	2378	3725	3648	3266
AT3G58660	6440	6502	6354	5520	5778	4395
AT3G11964	8179	5110	6017	5890	4487	4812
AT2G09990	6345	6954	6586	4753	5552	4172
AT2G21720	1009	822	837	3294	2952	2767
AT2G21170	3056	3036	2875	3525	3497	3142
AT3G48140	5987	6031	6421	1182	1259	1232
AT4G32720	6153	5655	5559	5422	5027	4228
AT3G28900	5209	5727	5344	4619	4997	4045
AT1G63940	3805	3424	3496	3054	3073	2681
AT3G58500	3901	3973	3775	5029	5510	4339
AT2G19540	6335	5650	5645	5731	5555	4739
AT5G51760	1137	867	833	3505	3586	3249
AT1G10840	4569	4122	4167	4999	4974	4151
AT1G02140	4471	4555	4504	4539	5049	3854
AT4G39850	5818	4009	4776	5612	4996	4586
AT1G13640	2246	2087	2223	4180	4349	3515
AT5G09900	4809	4688	4839	4474	4456	3646
AT4G24520	2449	2069	2263	4577	4164	3858
AT5G42790	4298	4726	4598	4102	4685	3695
AT4G20980	5534	5208	5441	4893	5042	3921
AT1G15750	5402	4010	4422	5135	4493	4253
AT1G52980	4524	4504	4275	4879	4936	4195
AT5G27600	5658	4466	4983	5140	4834	4651
AT4G38130	4204	3706	3908	5540	5513	4664
AT2G47180	229	245	283	1723	1746	1354
AT1G56450	5239	5384	5148	4696	4691	3721
AT2G25970	5767	4604	4718	5112	4571	4096
AT2G23120	771	816	914	1978	2159	1601
AT2G39990	4688	4613	4729	4541	4789	3809
AT5G08280	3141	3166	3036	3406	3647	2822
AT3G10860	3089	3421	3384	2815	3362	2612
AT4G30010	3682	4175	4039	2929	3496	2758
AT2G31060	6220	5410	5857	5829	5579	4893
AT4G31300	4712	5197	5141	4283	4505	3552
AT5G15950	1142	1135	883	857	963	793
AT1G75240	6032	6193	5553	6345	6772	5302
AT5G11500	3165	3243	2929	4666	4944	4146
AT3G16460	418	434	431	360	442	402
AT1G30880	4314	4653	4362	5018	5752	4489
AT5G19140	1834	1826	1976	5658	6224	4901
AT3G18080	2053	1794	2016	5159	5716	4674
AT2G11910	5477	5733	5504	5026	5388	4120
AT4G21150	4079	3782	4197	4059	3976	3555
AT4G37830	3126	3587	3292	2981	3189	2620
AT4G27530	349	407	468	1879	1895	1513
AT5G20280	3111	2499	2761	3444	3127	2752
AT5G67600	1800	1825	1860	3961	4092	3337
AT5G13430	3165	3596	3435	3224	3514	2722
AT5G05170	2568	2089	2462	3428	3388	2931
AT3G46230	109	103	187	429	401	386
AT5G48180	712	779	757	2636	3242	2456
AT1G74310	417	143	345	742	781	806
AT3G14240	5242	5063	5114	5366	5677	4663
AT1G47530	2901	2630	2865	4059	4228	3668
AT4G32520	5677	5307	5349	5586	5457	4511
AT3G53480	3912	2854	3441	2795	2713	2513
AT5G20010	4106	4236	4152	3212	3621	2748
AT5G11740	5451	5976	5758	4144	5248	3965
AT5G24690	3292	3221	3263	4895	4877	3899
AT3G02230	1534	1614	1587	1044	1219	929
AT5G23575	4657	4133	4858	4720	4751	3942
AT1G70770	3057	2889	3058	3229	3332	2791
AT4G29010	2437	2029	2164	3862	3475	3064
AT2G33410	4598	4779	4543	5130	5350	4046
AT4G16143	4490	4279	4403	4599	4459	3547
AT1G54000	2045	2129	2559	1573	1913	1452
AT1G52740	3159	3494	3308	3793	4169	3329
AT3G24080	5759	5316	5151	5897	5653	4396
AT5G59880	3330	3717	3701	3786	4242	3158
AT2G20990	2974	2799	2920	3087	3099	2538
AT2G36170	5958	6229	5807	4213	4570	3759
AT1G22840	4509	4609	4764	2920	3264	2809
AT5G02770	5539	3965	4028	3883	3370	3861
AT4G13010	1269	1231	1345	2983	3046	2365
AT1G27090	3770	3713	3641	5167	5399	4276
AT1G45000	4623	4267	4591	4170	4382	3504
AT2G44860	5089	5479	5281	5260	5837	4878
AT4G32470	3402	3625	3525	2957	3133	2573
AT5G47810	1025	1154	1074	3929	3955	3227
AT1G54080	4164	4101	3884	3911	4221	3256
AT4G19110	3435	2705	2618	4141	3938	3618
AT1G19530	527	485	501	3294	3632	2899
AT4G30600	2385	2150	2279	3328	3535	2910
AT5G13650	4663	3960	3980	5663	5631	4739
AT5G02050	6093	6199	6107	4635	5024	3788
AT5G43940	2761	2990	2904	3115	3143	2502
AT4G13430	3763	3641	3763	4153	4127	3123
AT3G10920	2792	2862	2897	2882	3092	2598
AT3G24170	2143	2129	2231	3171	2954	2671
AT4G26850	1532	1490	1505	3321	3375	2802
AT1G75660	4854	3862	4206	5536	5124	4573
AT2G38540	573	603	680	572	731	577
AT3G46040	5314	5611	5261	4591	5109	4116
AT2G27860	2993	3002	3091	3387	3678	2857
AT3G12670	4917	3886	4195	3887	3558	3329
AT1G02560	3490	3310	3342	4082	4247	3504
AT2G35040	5081	5045	5000	4842	4781	4061
AT5G56100	530	532	569	1987	2294	1810
AT3G47350	3954	4033	3501	4035	4442	3590
AT3G22840	8	15	3	20	11	11
AT2G33770	2205	1650	1763	3559	3276	3022
AT4G26740	208	266	240	2427	2429	1967
AT2G43030	3365	3702	3286	3725	4415	3075
AT1G13060	3985	4273	4156	3933	4087	3446
AT5G20160	5328	5503	5486	5373	5670	4428
AT1G10760	2920	1951	2126	2843	2398	2318
AT3G17240	2914	3020	3150	3478	3578	2837
AT2G28800	2525	2106	2235	5483	5324	4909
AT3G59920	2935	2854	2790	3149	3249	2614
AT5G35620	4729	4900	4764	4127	4337	3510
AT5G21280	4777	4822	4731	4712	4880	3958
AT3G10690	5345	4141	4675	5162	4771	3959
AT5G67500	3513	3891	3926	3285	3542	2634
AT1G12800	4895	3672	3821	4340	4469	4244
AT2G27510	3917	4422	4278	4148	4888	3593
AT3G22110	3899	4481	4365	3669	4042	3317
AT1G74920	2129	1776	1913	2278	2280	2096
AT5G52840	2822	3257	3054	2701	3179	2508
AT1G47128	2789	2551	3145	240	281	271
AT5G42950	4108	3357	3572	4890	4351	3691
AT5G47690	4915	3552	3821	5095	4393	4015
AT5G62350	4368	4459	4648	4849	5706	4337
AT3G07100	4022	3194	3385	4669	4292	3812
AT4G34100	2503	1996	2430	4147	4006	3402
AT4G20150	2371	2714	2551	2668	3084	2312
AT1G20220	5868	5597	5609	4507	4514	3572
AT3G61070	5235	5018	5276	3368	3531	2806
AT4G02380	2777	2909	2633	3830	4363	3576
AT5G02530	4259	4363	4360	4676	4866	3940
AT5G13370	4189	4014	4171	5216	5324	4178
AT2G20820	3080	3273	3143	2932	3116	2570
AT5G51750	2553	2421	2690	3124	3566	2747
AT4G25130	1651	1916	1782	2517	2787	2089
AT1G10960	1588	1639	1508	1641	1829	1462
AT5G50170	426	291	367	1552	1346	1311
AT5G13420	3327	3558	3570	4515	4668	3611
AT3G06530	7466	4782	5775	5551	4448	4300
AT5G08570	3996	4015	4412	3440	3635	3060
AT1G65820	2528	2639	2786	4186	4675	3510
AT2G25980	1040	979	1086	1144	1265	1040
AT4G26230	4954	4943	4940	3909	4188	3585
AT2G25520	1682	1786	1916	2332	2723	2037
AT5G13000	4466	2969	3782	5520	4599	4793
AT4G10450	6025	6369	5949	4303	4671	3741
AT1G56045	3927	4434	4313	4470	4570	3903
AT5G11560	3866	3497	4060	4109	4242	3512
AT1G15340	3665	3496	3581	4378	4245	3334
AT5G62810	3732	3361	3665	3620	3679	3167
AT4G39680	5583	4532	4814	4250	3892	3541
AT5G13490	3621	3744	3847	2730	3306	2421
AT1G06220	5041	4390	4501	4800	4530	3702
AT1G75490	166	178	209	976	992	845
AT1G29880	4978	4643	4800	4219	4078	3466
AT2G47590	3299	3430	3113	3697	3870	3101
AT3G24180	2556	2004	2217	4807	4412	3856
AT5G19990	3875	4013	4168	4503	4347	3700
AT5G13800	659	586	594	1679	1485	1254
AT5G07360	1946	1699	1841	2741	2785	2198
AT1G11860	1993	1964	1840	3024	3200	2764
AT5G49910	3702	3478	3351	3793	3781	2984
AT3G52880	3936	4064	4013	3110	3238	2660
AT4G17870	5812	5874	5954	4264	4892	3776
AT4G38710	4470	4493	4489	4233	4336	3372
AT2G40840	3194	2474	2617	4107	3659	3460
AT2G40430	4688	4375	4276	3876	3667	3212
AT5G48300	1680	1591	1661	1806	1847	1479
AT5G13780	4058	4475	4234	4151	4878	3929
AT3G56680	3377	3373	3204	4775	5020	4199
AT5G67480	990	828	961	981	981	820
AT5G19690	4043	3419	3973	3055	3190	2865
AT5G42270	2638	2561	2455	3636	3648	2762
AT1G58380	5220	5726	5566	4239	4541	3649
AT1G55860	5233	2589	3449	5528	4008	4617
AT4G38970	1633	1728	1492	2227	2474	2082
AT3G27830	2843	2942	2927	2794	3153	2330
AT1G70410	2420	2351	2404	1045	1214	1058
AT2G41220	3036	2095	2418	2542	2353	2081
AT5G46840	2693	2670	2660	5612	5591	4502
AT3G07160	4679	2942	3681	5297	4298	4329
AT5G43960	4842	4461	4648	4348	4315	3584
AT1G08570	982	933	1020	2234	2156	1796
AT3G06400	4010	3103	3464	5144	4327	4057
AT1G49240	1752	1726	1605	3184	3274	2627
AT5G53560	3409	3830	3565	3490	4012	3192
AT4G21105	2969	3219	3179	2693	3068	2457
AT5G62390	2881	2904	2945	3640	3800	3098
AT4G31480	3481	3066	3173	3416	3401	2860
AT5G05010	3040	2789	2842	2846	3005	2484
AT3G17810	1296	1156	1275	1904	1878	1491
AT1G17010	271	240	221	505	442	401
AT4G21710	4123	2879	3357	4923	4433	3964
AT1G53210	3528	3132	3707	3807	3956	3226
AT4G36760	5592	5141	5658	4348	4428	3818
AT4G36210	1651	1315	1359	3618	3380	3197
AT1G47970	3422	3586	3375	3818	3969	2896
AT1G05190	2513	2609	2370	3028	3238	2634
AT4G24150	6130	5827	5591	5762	6082	4595
AT5G37600	1895	2011	1939	1997	2195	1822
AT3G55620	3887	4119	3816	3943	4306	3432
AT5G55920	5686	5075	5164	4258	4257	3379
AT1G80920	453	402	402	956	1051	860
AT3G54210	2338	2522	2362	2684	2941	2374
AT2G47170	3691	3643	3697	2904	3290	2779
AT4G08350	4655	3682	3838	4743	4126	3681
AT5G13870	2947	2881	2898	3237	3974	3429
AT1G67120	8260	3725	5111	6518	4458	5195
AT3G12960	189	196	202	1420	1414	1163
AT4G33090	3334	2943	3086	4027	4041	3253
AT3G52150	2611	2702	2686	3180	3606	2683
AT5G26260	7	7	1	0	2	3
AT1G69870	3525	3567	4048	5552	5605	4767
AT5G60640	3533	3013	3610	3325	3264	3021
AT1G64880	4552	4183	4382	3314	3492	2768
AT4G07410	4612	3421	3616	4446	4068	3951
AT5G42390	4121	3209	3416	4262	4121	3503
AT5G16050	3727	3920	3945	3779	4046	3096
AT4G36910	2518	2313	2333	3900	3979	3371
AT5G56680	5138	5022	4899	4011	4133	3173
AT3G11450	3662	3504	3598	5145	5272	4167
AT3G51550	3481	3064	3587	5081	5178	4200
AT3G51260	4283	4617	4716	3711	3695	2998
AT1G80460	5612	5629	6281	4187	4206	3778
AT1G04080	4706	3499	3685	3869	3397	3531
AT5G64840	2420	2082	2076	4767	4515	3841
AT4G26050	1223	1171	1312	1171	1205	1148
AT1G52360	3314	2720	2957	3635	3464	3053
AT2G28290	4646	2737	3512	4896	3864	3844
AT1G78080	5517	4830	4505	5172	5899	4823
AT1G01960	3853	3198	3430	4369	4218	3472
AT2G46020	4294	3137	3750	5192	4733	4173
AT1G12805	4266	4018	4279	7401	8522	6794
AT4G03200	557	438	516	2270	1891	1806
AT1G70310	3717	3858	3596	4031	4213	3374
AT2G27020	3897	3866	3882	3149	3404	2734
AT3G22960	2772	2705	2733	3331	3024	2687
AT1G32050	2486	2448	2475	4141	4364	3586
AT4G33250	3827	4034	3709	3779	3914	3183
AT5G66680	3116	3081	3277	3338	3688	3101
AT5G54300	3419	3398	3637	3412	3622	2813
AT1G02840	3979	3333	3297	3975	3777	3487
AT1G79230	2656	2556	2562	3137	3255	2679
AT4G30290	5062	4779	5543	5339	6008	4931
AT3G60820	3986	4234	4156	3710	3711	3116
AT2G27730	2558	2585	2589	2484	2787	2312
AT3G23830	5630	5997	5619	4150	4481	3621
AT3G14220	2723	2591	2683	3165	3340	3130
AT3G48500	4241	3877	3923	4625	4525	3601
AT2G21790	4684	3903	4019	3954	3820	3336
AT5G02480	3264	3258	2913	4692	4547	3818
AT5G10450	2753	3007	2722	3855	4098	3339
AT5G48385	3634	3280	3263	4730	4580	3688
AT2G01570	4827	4762	4447	5502	6021	4549
AT5G66920	3423	3140	3781	3234	3830	3230
AT2G33210	6237	5395	5919	4104	4108	3475
AT4G36690	4906	2940	3226	4023	3079	3845
AT1G11430	3235	3298	3138	3484	3495	2653
AT1G08170	68	56	55	449	364	303
AT1G72020	2751	3132	2985	2508	2853	2191
AT2G25670	3669	3624	3581	3324	3487	2817
AT1G63660	5450	5214	5179	4282	4083	3416
AT2G28910	2639	2430	2546	4151	3968	3285
AT5G61030	5797	5983	5813	4116	4466	3367
AT5G63840	2810	2503	2924	3151	3268	2761
AT4G25340	5181	4917	4846	4147	3970	3553
AT2G19740	4544	5200	4888	3995	4401	3436
AT3G55410	4359	3821	4219	3311	3253	2577
AT1G16350	3487	3516	3484	3648	4024	3120
AT5G47110	1579	1538	1500	3093	3033	2525
AT5G26570	2441	1695	1820	4150	3680	3279
AT1G53310	2836	2584	2824	2225	2271	1898
AT2G39970	3784	3382	3460	3202	3485	3183
AT2G18540	165	126	148	1152	945	1028
AT1G35516	1043	768	760	2743	2822	2406
AT1G02080	4591	2423	2985	4384	3241	3484
AT2G19520	3688	3526	3585	4444	4652	3719
AT4G23050	2888	2146	2295	4056	3820	3763
AT5G40950	2843	2925	2842	3281	3725	2918
AT3G52230	1018	1047	1118	1755	1833	1426
AT2G31360	2486	2645	2644	2929	3118	2472
AT3G04340	4142	2828	3214	4344	3931	3726
AT4G00730	3586	3298	3341	5418	5492	4792
AT5G26860	5592	4760	4956	4800	4600	3894
AT2G17420	2476	2518	2556	2125	2261	1865
AT1G47980	173	181	282	4950	4454	4292
AT2G23070	2806	2716	2647	3896	4124	3519
AT1G37130	1773	1455	1615	2983	3067	2639
AT2G16640	3984	3401	3561	4849	4532	3758
AT1G62750	2557	2473	2431	3144	3076	2553
AT1G80640	5915	4981	5183	4753	4949	4267
AT1G43710	2493	2406	2515	3122	3178	2772
AT1G14670	2201	2130	2272	2492	2768	2220
AT5G54540	1986	1984	2024	3620	3636	2812
AT1G19540	284	250	272	1360	1160	1129
AT1G02890	2919	1844	2164	3533	2849	2941
AT1G49970	2722	2746	2538	4330	4348	3458
AT5G03280	3945	3175	3559	4492	4352	3501
AT5G49440	1687	1580	1562	5299	5599	4612
AT2G22400	4465	4084	3983	4503	4460	3912
AT3G26744	3159	2776	2947	3546	3260	2902
AT5G38530	2207	2224	2298	3231	3003	2435
AT5G65430	1832	1848	1822	3265	3531	2668
AT3G16400	547	529	634	552	688	594
AT3G27240	3348	3302	3315	1900	2119	1679
AT3G62120	3636	3304	3334	2685	2766	2310
AT4G20890	3167	3251	3223	3273	3314	2546
AT3G54470	4519	4468	4595	3392	3466	2746
AT2G05840	3611	3766	3875	4056	4235	3418
AT3G45010	8404	7211	8462	980	1230	1120
AT2G02040	4855	4784	5257	3335	3554	2543
AT2G04520	3271	3470	3533	3494	3629	2841
AT1G72710	3010	2719	2697	3631	3630	3080
AT5G56290	3278	2738	2896	3730	3301	3204
AT3G02200	3930	3625	3591	3852	3982	3255
AT5G67510	4574	5274	5002	3330	3711	2884
AT5G53480	4522	3834	4211	3958	4033	3345
AT5G17380	1850	1912	2135	2766	2806	2140
AT5G51970	1287	1266	1222	2696	2624	2222
AT3G13120	2537	2571	2263	2706	3091	2449
AT3G47800	4393	4402	4914	4257	4841	3906
AT2G05920	1945	1960	2023	2522	2690	2176
AT5G61820	540	623	726	2155	2207	1785
AT1G67480	3852	3485	3096	4145	4475	3948
AT5G14320	2529	2703	2472	2758	3040	2291
AT3G13930	3579	3334	3447	2791	2853	2308
AT5G13360	3617	3466	3626	3874	4024	3290
AT5G44320	4099	4094	4150	3412	3569	2756
AT3G54760	4049	3624	3583	4488	4488	3602
AT5G21090	2488	2343	2675	3920	4370	3364
AT1G14850	3885	3264	3401	5278	4904	4226
AT1G79560	3963	2992	3401	4094	3805	3404
AT2G34357	5914	4480	4890	4505	4049	3689
AT5G17020	4821	3861	4133	4271	3882	3446
AT2G38280	4898	3978	4698	3894	3643	3655
AT5G02240	1557	1540	1577	2009	2127	1832
AT4G35790	2105	1728	1823	3809	3570	2994
AT3G62360	3219	2438	3047	3341	3093	2989
AT3G48690	2771	2999	3016	2807	3172	2314
AT5G54960	471	446	460	1354	1215	1036
AT1G77510	5920	5735	6635	2282	2543	2048
AT2G22170	773	786	788	101	127	130
AT1G20200	3984	3989	4095	3688	3771	3000
AT3G43300	3173	2541	2808	3511	3216	2774
AT1G59900	1765	1784	1808	3701	3823	3155
AT3G27430	3946	4166	4040	3212	3323	2814
AT1G74270	3455	3855	3457	3173	3654	2885
AT5G45430	3228	2571	2500	4339	4024	3839
AT2G20890	2410	2240	2145	2789	2954	2331
AT5G23630	3564	3053	3377	4013	3848	3359
AT4G05420	3388	2871	3259	4226	4252	3311
AT5G05410	1083	910	1120	1606	1711	1559
AT4G31830	384	391	333	1724	1875	1418
AT1G71220	4141	3118	3755	3099	2657	2687
AT1G62290	466	430	474	1228	1248	1080
AT1G31850	2551	2479	2674	3625	3908	3049
AT2G46800	1931	1739	1940	3096	3138	2613
AT1G34370	1619	1578	1579	2622	2604	2161
AT1G29250	4694	4967	4783	3631	4241	3272
AT5G39720	35	35	49	175	169	187
AT1G17290	2719	2653	2895	4204	4149	3233
AT1G50480	2460	2406	2506	3348	3196	2590
AT2G36850	4132	2328	3221	4454	3416	3579
AT5G13930	13	14	18	92	100	98
AT1G64550	3692	3182	3441	3795	3678	3216
AT3G59020	4809	3879	4103	4051	3846	3180
AT1G16180	2751	2663	3236	3350	3544	3041
AT1G35680	2399	2552	2365	2891	3149	2518
AT4G01310	1950	1823	1813	2415	2567	1931
AT3G24240	3579	3025	3623	3034	3172	2627
AT5G26830	4319	3874	3872	3535	3416	3098
AT3G07430	3251	3310	3188	3125	3469	2559
AT3G13080	2223	2001	2324	5171	4636	4121
AT5G25100	2765	2673	2980	3065	3174	2749
AT5G03300	3049	3079	3061	2639	2737	2150
AT2G35120	2357	2688	2555	2967	3287	2578
AT3G25910	1917	1963	1926	3756	3858	3077
AT5G52310	23	34	19	236	211	178
AT4G14430	3849	4158	4354	2985	3322	2652
AT1G32790	1718	1570	1697	2662	2537	2275
AT1G80750	4429	4661	4689	3742	3784	3104
AT3G08610	2578	2836	2790	2805	2980	2476
AT3G18600	4918	4350	4529	4052	3945	3502
AT3G46970	3117	2698	2771	3329	3000	2810
AT5G54600	2366	2417	2320	2617	2921	2420
AT4G10710	3903	3547	3741	4187	3902	3035
AT1G02150	2482	2396	2410	3450	3699	2895
AT3G53500	3224	2865	2765	3154	3008	3087
AT1G02850	1869	1605	2013	1850	1880	1723
AT1G47260	2533	2753	2737	2219	2498	1871
AT1G06670	4205	3478	3708	3866	3819	3139
AT3G54540	3366	3204	3095	3814	3988	2983
AT2G44350	1834	1650	1751	2164	2133	1761
AT1G48030	2856	2892	2811	3050	3174	2552
AT4G36700	157	163	176	906	757	725
AT1G17470	2780	2626	2787	3697	3859	3257
AT1G07510	1768	1695	1733	2400	2542	1963
AT5G52040	4188	3806	3885	3358	3030	3098
AT1G62020	3370	3091	3309	2865	3114	2319
AT2G32240	4155	3055	3642	4992	4171	4087
AT2G30490	934	1030	1132	1466	1584	1202
AT5G47880	3007	2922	2949	2652	2647	2281
AT5G39850	4551	4961	4672	4818	5400	3975
AT2G37990	3906	3892	3795	3906	4020	3322
AT1G70830	79	77	101	159	217	140
AT2G40590	3717	3805	3586	2648	2942	2317
AT5G49720	2566	2187	2478	2812	3159	2638
AT1G08200	1051	1027	1122	1746	1942	1445
AT1G76160	2431	2280	2523	1842	1969	1780
AT1G64520	3551	3613	3586	3096	3317	2622
AT1G55850	2079	1856	2158	3103	3142	2736
AT1G79280	4347	2610	3268	4606	3444	3575
AT3G07230	3627	4159	4064	3310	3423	2916
AT4G33680	3706	3556	3558	2947	2995	2315
AT5G35590	3102	3256	3191	3280	3288	2814
AT5G65620	3275	2857	3009	3321	3221	2807
AT4G18700	3283	3155	3244	3674	3946	3045
AT3G53230	2830	2421	2856	4378	4148	3266
AT1G11680	2946	2885	3139	3376	3756	2942
AT4G39080	2792	2292	2785	2677	2641	2333
AT4G13170	3775	3907	3885	3110	3432	2703
AT4G31500	4712	4171	5344	1169	1263	1099
AT5G51040	1728	1740	1797	2363	2638	2077
AT4G29020	688	732	738	813	980	678
AT5G65165	600	569	635	2126	2243	1813
AT5G60980	2668	2710	2655	3461	3514	2845
AT3G58700	3786	4211	4041	3322	3611	2821
AT2G14890	2420	2611	2502	1916	2199	1646
AT3G06355	4239	3068	4595	2054	1935	1801
AT1G04810	3255	2836	2995	3968	3674	3215
AT2G45070	3464	3731	3917	2096	2285	2043
AT1G25260	4281	4217	3977	3377	3623	2987
AT5G58950	2013	1728	1820	3860	3934	3078
AT2G36380	3480	2662	3235	2701	2488	2403
AT1G03475	2470	2324	2214	2919	3089	2419
AT3G55610	2194	2006	1982	5329	4961	4911
AT1G04850	2324	2289	2222	2841	2831	2441
AT1G48300	1756	1709	1698	4405	4517	3640
AT5G22290	1621	1514	1546	2807	2719	2261
AT4G16130	4324	3119	3510	4850	3984	4297
AT1G75800	2517	2530	2460	4176	4458	3815
AT4G27150	471	471	588	5028	4969	4084
AT3G60600	1959	1959	1910	2764	2921	2423
AT5G58040	3014	2329	2538	3907	3459	3038
AT5G05780	3737	3867	3957	3277	3436	2712
AT4G28080	1746	1175	1373	3066	2863	2395
AT3G15640	3277	3342	3304	2294	2524	1957
AT4G28510	4043	4147	4095	4046	4355	3296
AT4G24800	3606	3377	3439	4318	4238	3390
AT5G63860	1766	1664	1649	2879	2793	2208
AT1G64140	2564	2347	2392	3411	3535	2953
AT3G11910	3538	2697	2931	4121	3516	3279
AT2G34750	3816	3295	3370	4296	4008	3756
AT5G63530	3692	3296	3372	3827	3597	3215
AT2G29080	3414	3141	3455	3327	3544	2718
AT5G10120	4287	4451	4678	5296	6422	4783
AT3G04260	3176	2501	2752	3844	3701	3145
AT5G02020	222	212	249	2424	2185	1863
AT3G22660	4676	4845	4422	3849	3964	3095
AT1G12090	570	642	623	554	791	604
AT1G27650	2441	2631	2524	4083	4222	3319
AT5G22880	1107	1271	1288	2786	3069	2464
AT1G49670	2812	2362	2629	2480	2377	2201
AT5G26710	4052	3782	3899	3500	3547	2869
AT1G27450	3603	3591	3475	2218	2817	2058
AT3G21690	2736	2466	2774	3281	3140	2796
AT4G20440	3598	4022	3672	3529	3748	2794
AT5G47010	3358	2607	2784	3997	3481	3230
AT5G54900	4145	4158	4092	3098	3349	2723
AT3G11120	3294	3795	3456	3127	3296	2795
AT2G37600	3831	4000	3938	3414	3651	3077
AT5G03740	3392	3449	3459	3314	3265	2890
AT1G79830	2560	1907	1982	3184	2749	2905
AT2G17390	2521	2512	2510	3123	3282	2761
AT2G14910	1929	1808	1682	4829	4521	4089
AT4G38800	1563	1495	1361	2104	2106	1965
AT4G13780	3536	3345	3348	3650	3444	2981
AT1G09070	1550	1613	1789	2287	2431	1884
AT1G56220	1809	1591	1592	3761	3784	3445
AT5G24130	1750	1767	1798	3276	3771	2975
AT3G61990	1336	1201	1366	3338	3633	2862
AT3G47520	2587	2714	2613	2414	2344	1847
AT1G15440	4214	3868	4012	4254	4291	3529
AT3G52380	2600	2639	2339	3078	3237	2455
AT2G22840	3273	3326	3094	4087	4311	3395
AT2G33730	3544	3435	3500	3880	3901	3122
AT3G15880	3817	3175	3369	4680	4180	3799
AT2G03090	5959	5743	5912	3591	4257	3291
AT5G59950	2235	2164	2187	3046	3403	2671
AT2G25490	3248	3493	3044	4328	4522	3140
AT1G12440	2121	2152	2241	2669	2945	2305
AT3G15190	1919	2071	1933	2368	2409	2045
AT4G36040	3028	3198	3153	4656	4871	3791
AT2G29200	4450	3646	3929	4410	4164	3397
AT2G17200	2652	2337	2452	3303	3214	2846
AT2G18340	137	154	143	573	565	443
AT5G38410	1200	1198	1098	836	873	780
AT1G30400	2791	2103	2601	3276	3036	2950
AT5G15120	3731	3447	3424	5192	5471	4655
AT4G17040	2495	2420	2300	3012	3200	2682
AT1G15210	2765	2247	2689	1561	1721	1304
AT2G30620	1882	2094	2074	3072	3144	2487
AT2G24050	3890	3785	3712	3013	3231	2600
AT3G54660	2321	1872	2048	3220	3146	2705
AT4G32020	3098	3130	2832	3197	3359	2600
AT4G33510	1805	1714	1857	3202	3129	2493
AT4G18710	2443	2389	2430	3492	3690	2920
AT5G26780	3245	3223	3124	3587	3761	2980
AT5G24490	2411	2467	2343	3967	4254	3220
AT5G49810	3221	2851	3178	2333	2369	1939
AT4G21660	3074	2429	2694	3518	3100	2967
AT1G29070	2060	2161	1847	2279	2548	1936
AT2G36880	1302	1247	1340	1099	1231	935
AT2G17840	548	499	630	2035	1984	1596
AT1G79530	2191	2148	2173	1602	1863	1421
AT3G03790	2083	1719	1842	2666	2472	2164
AT4G21960	675	709	848	1047	1214	933
AT5G21160	4058	3327	3440	3927	3638	3208
AT3G02780	1878	1958	1809	2040	2202	1857
AT1G69510	1984	1917	1838	2063	2357	2021
AT1G32990	2224	2295	2040	2243	2457	1784
AT3G59990	3034	2705	2611	3206	3006	2789
AT5G65480	3035	2867	2947	5306	5977	4838
AT5G55750	87	86	96	1005	906	768
AT1G72680	529	578	613	1470	1362	1093
AT2G17190	3587	3410	3436	3634	3341	2909
AT2G26355	364	366	371	2524	2807	2302
AT4G03430	3564	3188	3480	3671	3482	2906
AT1G35720	67	96	87	338	347	245
AT5G22060	3032	3064	2948	3259	3248	2660
AT5G53140	2442	2398	2328	2728	2932	2527
AT5G57120	3485	3543	3394	4244	4144	3464
AT3G23940	4048	3417	3649	2787	2752	2428
AT3G44890	2650	2477	2331	2498	2638	2319
AT5G19440	1763	1841	2066	2731	2916	2349
AT1G18500	2034	1833	1993	2741	2535	2097
AT1G24180	1821	1784	1881	2265	2290	1811
AT4G01320	2476	2342	2662	3518	3726	3020
AT1G80930	3478	2849	3118	3661	3219	2819
AT5G08060	2256	2593	2530	2493	2902	2082
AT1G06720	4655	3449	3870	4245	3551	3303
AT2G21060	2162	2293	2109	3048	3357	2622
AT1G76490	1427	1472	1559	2304	2531	1931
AT5G42540	3849	2972	3314	3783	3599	3136
AT1G22450	2556	2584	2561	1976	2202	1826
AT5G17190	1085	1295	1378	2318	2612	1903
AT2G17230	2505	2678	2895	2750	2945	2189
AT3G07660	2733	2637	2502	3657	3759	2824
AT1G02280	2391	2278	2245	3352	3611	3035
AT2G28840	1268	1131	1076	1796	1838	1696
AT3G22330	3594	3368	3348	3994	3838	3221
AT5G67030	716	688	624	2445	2192	1928
AT1G10390	3452	2773	2922	3354	3293	2863
AT1G10590	2313	2413	2227	2706	2989	2308
AT3G12780	1147	1074	1041	1614	1708	1350
AT5G13010	2505	2018	2280	4110	3587	3085
AT1G60940	1641	1593	1532	3157	2959	2541
AT4G30990	4875	3249	3773	4418	3768	3372
AT3G12965	3800	4474	4179	3299	3820	3151
AT5G47570	1855	1972	1979	1847	2216	1799
AT2G23930	3777	3811	3687	3061	3513	2752
AT1G64750	2312	2329	2404	2816	3097	2374
AT2G23640	450	382	510	1662	1686	1451
AT1G63980	2822	2356	2493	4143	4154	3564
AT3G10650	3727	3039	3300	3924	3663	3158
AT2G17930	3802	2209	2717	4508	3295	3514
AT5G14780	933	1013	1010	2609	2507	2088
AT4G26630	2457	1894	2055	3138	2626	2410
AT1G17210	2290	1989	2124	2940	2876	2415
AT5G40810	2628	2463	2436	2378	2512	2029
AT2G20490	3645	4072	3848	3831	3763	3161
AT3G44590	3569	3862	3783	2639	2937	2308
AT4G11240	2747	2700	2692	4563	4751	3836
AT2G42680	2502	2543	2553	2553	2714	2096
AT5G08420	3375	3138	3099	3417	3495	2914
AT3G14067	1347	1273	1331	1672	1909	1462
AT5G14050	3877	3804	3707	3410	3616	2846
AT1G66240	1422	1485	1462	1672	1911	1507
AT4G31340	2171	1871	2113	2265	2459	2062
AT4G27140	169	180	341	1612	1557	1337
AT2G36580	2853	2658	2680	2488	2622	2205
AT3G62840	2901	2998	2998	3055	3224	2742
AT1G06190	3002	2989	2952	3174	3285	2662
AT1G15290	3910	2985	3096	2664	2461	2265
AT4G02580	2610	2544	2446	2132	2329	1980
AT1G04140	2932	2541	2720	3438	3354	2927
AT2G43160	2457	2057	2254	3669	3576	3107
AT5G24300	2696	2405	2362	2941	2936	2576
AT1G28330	584	495	571	1985	2203	1772
AT5G45310	100	75	70	786	713	760
AT3G57660	4786	3681	4107	4049	3729	3290
AT5G58160	1280	943	878	1919	1532	1609
AT5G54430	2701	2659	2672	3543	3429	2831
AT3G08850	3065	2077	2335	3390	2967	2784
AT5G60960	3515	3657	3675	3056	3379	2474
AT5G06110	3615	3693	3329	3379	3396	2824
AT5G01590	2745	2638	2452	2651	2852	2307
AT5G65630	3220	2743	2924	2478	2628	2067
AT4G13250	533	464	497	517	481	460
AT2G41560	3414	2795	3579	4228	4218	3545
AT5G46210	2971	2393	2481	3309	3034	2688
AT5G12860	2356	2251	2226	2262	2430	1901
AT2G46450	4252	2973	3124	3034	2669	3144
AT5G53400	2616	2629	2715	2971	3060	2386
AT1G14810	3596	3517	3443	2779	2927	2310
AT1G15270	2603	2746	2846	2836	2810	2303
AT2G18040	2845	3129	3034	2573	2936	2294
AT3G17790	5453	5314	5265	2653	2945	2495
AT2G37340	2580	2351	2433	3047	3384	2698
AT4G28200	3903	3540	3675	3783	3785	2935
AT1G15120	2479	2565	2486	1928	2017	1725
AT1G18800	3953	3903	3796	3924	4024	3312
AT1G49410	3822	4240	3964	2968	3507	2698
AT1G80040	2280	2106	2101	3043	2816	2612
AT1G76200	1427	1755	1686	1843	2069	1638
AT5G53350	2116	1623	1759	2929	2705	2547
AT3G44330	2205	2132	2327	2060	2202	1881
AT4G01000	1892	1986	1848	2965	2968	2453
AT5G64080	2172	2504	2396	2857	3356	2485
AT1G72440	4134	3306	3631	3789	3340	3019
AT2G37660	2271	2210	2032	2333	2503	2024
AT4G35490	3155	3375	3293	2833	3520	2596
AT1G27390	3759	3880	3720	3240	3411	2696
AT1G75330	2788	2803	2866	2525	2634	2154
AT4G35750	2492	2321	2551	4039	4543	3550
AT2G43680	2741	2494	2580	4562	4561	3778
AT5G04600	3003	3173	3074	3118	3057	2729
AT3G28860	2809	2287	2644	3031	3219	2661
AT5G26000	818	644	709	1687	1377	1447
AT5G22640	2917	2259	2478	2515	2192	2164
AT5G58250	1907	1991	1871	2458	2612	2032
AT2G38770	2918	2492	2783	3725	3491	2945
AT1G15230	1282	1440	1384	1899	2044	1605
AT2G16940	3549	2411	2557	3117	2710	2699
AT3G06050	1361	1538	1424	1753	1757	1457
AT2G31660	4251	3354	3492	3435	3285	2835
AT1G08190	2855	2244	2420	3173	2939	2853
AT4G14030	1369	1387	1346	1875	2041	1703
AT3G46430	2232	2424	2316	2094	2205	1872
AT3G13330	3818	2393	3175	3613	2687	2818
AT3G03100	2005	2056	2120	2348	2566	2071
AT3G57610	3816	3660	3734	2882	2854	2266
AT1G27300	2010	2142	2186	2819	3194	2498
AT1G78920	3077	2462	2809	2807	2598	2463
AT5G01600	3088	2829	2978	288	297	290
AT1G60200	3489	2064	2358	3197	2440	2842
AT3G53110	2457	2389	2481	2838	2855	2317
AT3G56860	3443	2632	2667	2873	2666	2707
AT2G37110	1766	1816	1951	2308	2410	1932
AT5G49665	2560	2559	2424	2667	2847	2308
AT5G43970	2959	3515	3514	2617	3100	2338
AT1G67100	2933	3046	2876	4874	5540	4281
AT5G04410	2387	2161	2329	2855	2872	2357
AT2G01970	2494	2445	2579	2844	3024	2451
AT2G31390	2030	1956	2124	2314	2506	1907
AT1G20100	3544	2775	2617	2808	2467	2405
AT1G17720	3155	2592	2714	2907	2871	2503
AT1G10170	2127	1754	1834	2745	2849	2230
AT1G47490	4123	3507	3375	2966	2955	2633
AT5G06460	2992	2672	2877	3400	3193	2673
AT1G16610	3572	3412	3187	3283	3383	2880
AT3G48730	1775	1829	1860	2043	2169	1700
AT5G55220	2442	1915	1952	2573	2417	2237
AT2G45740	3993	3635	3926	3210	3360	2924
AT5G51550	5098	4875	5556	2568	3192	2541
AT5G04040	3916	3446	3770	4092	4079	3454
AT3G18680	2923	2706	2554	3111	3180	2873
AT5G19400	3127	2494	2498	3151	3132	2669
AT1G74970	1790	1863	1807	2282	2422	1830
AT1G01060	1298	1034	1083	757	869	728
AT1G50380	2381	2288	2279	3227	3110	2487
AT5G13030	2087	1824	1977	3175	2916	2379
AT1G51510	2987	2955	3086	2649	2985	2455
AT4G33010	1478	1167	1207	2414	2101	1870
AT5G16840	1560	1573	1645	2097	2235	1805
AT2G22670	3587	3420	3278	2970	3102	2691
AT4G27640	4381	3224	3512	3452	3144	3015
AT5G21990	1525	1408	1437	1880	1827	1712
AT2G34640	3332	2796	2792	3679	3456	2970
AT2G02130	395	383	397	534	654	529
AT3G03250	1698	1587	1789	1278	1200	1097
AT5G06600	3250	2434	2835	3332	2970	2671
AT1G19600	2343	2074	2015	3450	3704	3243
AT5G26280	765	634	718	848	882	807
AT5G10960	2806	2634	2688	2223	2487	2004
AT4G34890	1362	992	1139	2229	1783	1689
AT4G17140	3030	1600	2232	4087	3168	3316
AT3G23810	50	50	58	25	31	23
AT5G20620	2654	2906	3064	2307	2403	1987
AT5G08300	3005	3060	3103	2270	2390	1863
AT3G08943	3320	3190	3148	3335	3265	2780
AT5G10540	2703	2250	2432	2809	2640	2411
AT1G23490	2167	2043	2164	1965	2273	1742
AT4G21750	3152	2677	2785	2925	2922	2581
AT3G06720	2991	2730	2811	2703	2727	2357
AT5G55300	2919	2306	2572	3897	3368	3111
AT3G56190	2073	2264	2134	2686	2948	2279
AT1G29940	4570	3453	3701	3853	3471	3261
AT1G67680	2689	2681	2703	2822	3023	2206
AT5G65380	2261	1881	2148	2385	2295	2012
AT5G58110	2166	2161	2023	2573	2721	2545
AT1G03910	2890	2535	2728	3444	3090	2821
AT4G02970	1780	2089	2003	2942	3647	2834
AT3G11250	3050	3183	3138	2631	2919	2267
AT4G34260	2529	2303	2498	2582	2832	2392
AT5G38420	106	131	79	89	123	114
AT4G31160	3107	2505	3045	3617	3279	2626
AT3G06810	1858	1512	1713	3195	2942	2585
AT5G27540	3022	2700	2623	3255	3073	2643
AT1G80300	1118	1125	1199	1180	1371	1057
AT3G18390	2658	2149	2182	3224	2968	2675
AT5G16620	2088	1949	2021	3310	3188	2687
AT3G02530	3375	3236	3242	2770	2748	2176
AT4G01290	2818	2293	2394	3183	2945	2514
AT2G29300	44	38	54	1465	1311	1167
AT4G10790	3002	2842	2879	3175	3085	2693
AT2G37970	298	338	324	1231	1155	941
AT4G04950	2765	2816	2984	3789	3962	3123
AT4G28470	3258	2718	2958	2782	2699	2452
AT2G48160	3353	2854	3006	3636	3399	2958
AT1G15180	1486	1430	1326	2803	2873	2551
AT1G09780	1558	1532	1649	553	523	493
AT1G78060	1837	1745	1900	1368	1587	1343
AT4G09730	2984	2662	2836	3373	3262	2653
AT5G50960	2658	2703	2848	2892	3130	2388
AT5G15780	422	466	410	1952	1955	1456
AT1G07670	3700	3299	3756	2458	2539	2210
AT4G17550	2503	2242	2632	3309	3390	2739
AT1G75380	2247	1769	1777	2714	2437	2526
AT3G62650	2059	2111	2028	3399	4219	3130
AT1G22530	3298	3039	3051	3708	4014	3055
AT4G08390	2797	2689	2746	868	889	718
AT1G04120	1749	1234	1578	1825	1691	1570
AT3G27060	3542	3480	3627	2680	2772	2363
AT2G29140	3386	2348	2687	3443	2992	3155
AT1G14920	3657	3912	3339	3897	4515	3307
AT1G30630	2845	2859	2808	2228	2454	1920
AT1G71010	4103	3085	3520	3307	3306	2648
AT4G26840	3282	3462	3176	3186	3486	2795
AT5G41670	2214	2084	2144	1728	1780	1367
AT3G63400	2601	2263	2323	2987	2869	2607
AT3G52730	2307	2501	2359	1940	2251	1808
AT3G18410	1595	1644	1598	1392	1521	1210
AT1G56330	2555	2859	2804	1470	1898	1367
AT3G16290	2709	2255	2279	2818	2618	2418
AT1G61570	3351	3738	3689	2984	3418	2634
AT3G57490	3883	4189	3855	2812	3187	2501
AT5G27470	2966	2984	3060	2534	2694	2236
AT4G39090	3872	4043	4426	2288	2383	2174
AT4G16450	1834	2090	2001	1900	2188	1628
AT5G25900	2455	1953	2208	3335	3009	2913
AT1G77030	4450	3503	3711	3973	3606	3040
AT5G35160	2281	2127	2279	2608	2792	2234
AT5G14120	1108	1077	1300	2025	2182	1832
AT2G43500	2604	1980	2087	4865	4366	3966
AT3G20370	222	212	230	157	221	173
AT3G28730	2953	2688	2762	3370	3045	2690
AT4G27870	1886	1731	1822	2536	2443	2026
AT1G67280	1477	1216	1317	2700	2844	2310
AT1G48470	255	230	222	1011	1012	829
AT5G66730	1283	1189	1310	2226	2135	1666
AT4G37510	2134	2078	2054	2600	2777	2186
AT2G24090	1485	1586	1540	1882	1911	1557
AT3G05190	2787	2543	2472	3187	3177	2853
AT4G11380	2592	2436	2422	2462	2521	2025
AT1G29980	3439	3545	3746	3576	4028	3219
AT2G43650	3982	3483	3498	3717	3376	2918
AT5G58470	3004	2933	2907	2943	2816	2458
AT1G69410	2242	2202	2413	2398	2657	2059
AT2G47730	412	382	447	843	910	685
AT3G23620	3678	3670	3468	3111	3112	2670
AT1G60090	4256	2904	3227	2843	2502	2845
AT2G18700	1063	825	947	2312	2328	1870
AT1G78150	2247	2114	2174	2976	3129	2509
AT5G40200	3137	2990	3035	3393	3510	3009
AT2G36930	2688	2762	2541	2948	3050	2505
AT1G24050	2460	2436	2338	2866	3237	2677
AT3G26560	2945	2619	2607	3369	3182	2458
AT4G39400	2763	2402	2843	3275	3174	2642
AT2G20760	1955	2028	1953	2163	2237	1692
AT4G12130	1018	1010	993	1431	1540	1306
AT3G18370	2541	2399	2303	4638	4694	4092
AT1G76030	1808	1732	1687	2349	2489	1942
AT4G31120	3600	3104	3032	3600	3148	3049
AT1G02930	446	1027	867	5426	6833	4506
AT5G57110	2829	2033	2549	3474	3099	2945
AT1G65220	2752	2521	2546	2331	2650	2105
AT1G09130	1994	1809	1832	2617	2672	2250
AT5G12470	2225	2054	2051	2357	2388	1957
AT2G16485	3113	2486	2820	3522	3195	2675
AT4G25640	982	918	1031	1356	1362	1160
AT1G25350	3594	2892	3135	3006	2624	2485
AT5G47190	1566	1470	1441	1801	1814	1580
AT5G54390	2045	1848	1902	2968	3100	2597
AT1G29680	49	38	35	458	437	357
AT4G02940	2386	2317	2229	1411	1319	1171
AT3G56020	2782	3303	3262	2442	2642	2249
AT1G03860	3176	3123	3262	2517	2761	2197
AT2G13560	2518	1929	2261	2540	2566	2290
AT2G28190	3089	2943	2976	2033	2066	1857
AT3G13200	2108	2094	2130	2530	2588	2221
AT2G35630	3221	1598	2054	2594	1862	2190
AT1G16850	120	158	166	695	776	587
AT1G14650	3203	2888	3068	3449	3184	2706
AT1G20696	1530	1780	1491	1877	2011	1512
AT3G08740	2300	2164	2118	2544	2682	2187
AT3G16830	3336	2634	2877	3187	2884	2601
AT3G10610	3543	3761	3685	2289	2557	1796
AT2G32700	2657	2124	2211	2416	2340	2072
AT5G07440	1737	1819	1841	3571	3274	2745
AT3G01390	1919	1916	1953	2199	2531	1976
AT3G43810	1992	2135	2108	1616	1896	1426
AT5G12950	5555	4874	5477	1632	1694	1534
AT1G64510	1560	1657	1525	1987	2104	1719
AT4G26870	2973	2791	2654	2691	2876	2470
AT5G52820	2734	2753	2601	3499	3533	3011
AT5G36880	1686	1357	1519	1975	1762	1667
AT4G24830	3187	3136	3044	2217	2278	1881
AT1G66260	2117	1693	1860	2074	1918	1758
AT2G37250	3089	3059	3142	1751	1980	1636
AT1G20050	2158	2237	2257	2132	2450	1964
AT2G47940	2961	2383	2441	2771	2668	2366
AT5G63420	2966	2403	2452	3576	3497	2833
AT5G50240	67	82	82	693	688	628
AT5G17710	2639	2537	2502	2894	2924	2442
AT1G76590	204	198	180	474	453	406
AT1G74230	2228	2314	2237	2740	2825	2247
AT4G05390	3473	3577	3501	2505	2591	2253
AT3G47910	3362	2306	2750	3543	3081	2748
AT2G21440	3510	2867	3051	3254	3059	2660
AT1G60950	1804	1791	1713	1354	1648	1147
AT3G56880	500	510	496	1147	1353	868
AT2G27840	4924	4382	4165	2299	2343	2113
AT5G54760	2768	3085	2972	2344	2497	1916
AT1G08910	4658	3256	3236	3542	3042	3058
AT4G34290	2669	2890	2467	2749	2976	2215
AT4G20020	3300	3360	3393	3522	3440	2720
AT5G03290	2779	2792	2834	2178	2445	1936
AT2G03120	2919	2805	3070	2318	2530	2049
AT4G15900	3080	2768	2788	2816	2758	2489
AT5G07290	2538	2018	2131	3307	3085	2719
AT3G21090	2871	2354	2535	2446	2363	2352
AT5G22000	1699	1599	1602	3325	3321	2768
AT2G27100	3144	2786	2897	3051	3013	2606
AT2G40290	2909	2743	3006	2244	2412	1987
AT2G47420	2087	2139	1992	3293	3432	2812
AT5G18230	3269	2329	2716	3153	2667	2701
AT1G55680	1543	1331	1524	2136	2295	1837
AT3G27740	3272	3195	3103	2660	2813	2314
AT5G46580	3031	2908	2762	3152	3447	2486
AT2G20180	4127	3453	3227	5687	4931	4755
AT4G30210	2261	1988	2274	2878	2850	2289
AT5G50460	3387	3610	3550	1014	1396	1082
AT1G72550	2450	2310	2297	2842	2948	2505
AT4G02400	3772	3195	3099	2806	2519	2298
AT5G08560	2023	1747	1860	2731	2562	2202
AT3G14690	1675	1523	1677	2833	2794	2288
AT1G61800	434	551	541	454	407	395
AT3G53630	2100	2242	2106	3506	3714	3116
AT1G51710	2451	2316	2333	2730	2531	2218
AT4G15770	3284	3589	3627	3132	3388	2649
AT2G24260	2504	2426	2558	3461	3813	3084
AT5G51200	3875	2453	2749	3557	2866	2814
AT2G47980	2909	2364	2374	3025	2716	2418
AT2G16500	2260	2348	2212	2417	2675	2102
AT5G65660	2988	3096	3359	4321	4413	3584
AT5G42050	1699	1583	1781	2263	2583	1831
AT3G06980	2215	1975	1958	2901	2806	2250
AT5G17490	3675	3887	3548	3110	3348	2570
AT4G39520	2945	2845	2819	3143	3179	2582
AT4G22990	2783	2296	2480	3108	2885	2709
AT3G02360	1677	1682	1694	1691	1868	1463
AT4G00860	2728	3018	2900	1736	1996	1702
AT5G45650	6867	6478	7033	1698	1898	1766
AT5G63310	1963	1802	1841	1890	2049	1662
AT5G57710	3118	2754	3056	3291	3359	2906
AT1G11480	1974	1905	1908	2600	2827	2187
AT1G52930	3685	3693	3788	2695	2903	2309
AT4G16660	3538	2792	3214	1213	1212	1263
AT3G03380	2581	1951	2111	3170	2648	2576
AT5G47910	3341	2681	3267	4112	4186	3631
AT3G26730	2382	1858	1970	3221	3029	2650
AT1G06230	3052	2562	2661	3193	2865	2485
AT1G41830	1745	1646	1630	1765	1927	1756
10/31/39	1123	372	464	1271	715	1248
AT1G06900	2844	2241	2399	2837	2532	2371
AT1G07810	3047	2721	3127	2744	2952	2379
AT1G67730	2328	2209	2379	2275	2447	2082
AT5G10010	3226	3009	2919	2881	2945	2425
AT5G17550	1360	1381	1301	2989	3108	2601
AT4G24330	2192	2172	2506	2218	2344	1902
AT1G79990	1882	1453	1510	1845	1692	1598
AT5G45620	2748	2932	2896	2837	3112	2403
AT3G02760	3040	2517	2666	2779	2694	2111
AT4G12290	282	247	225	642	654	508
AT4G00830	2302	2160	2126	3084	2987	2495
AT5G13560	2153	1891	1956	2765	2549	2207
AT5G64740	1390	1150	1345	1966	1901	1599
AT1G19660	313	240	282	872	796	666
AT5G28740	2962	2903	2807	3085	3006	2211
AT1G47500	3450	3214	3188	2848	2853	2467
AT3G59820	3481	2933	3150	3826	3608	2899
AT5G59690	825	1013	905	1461	1746	1268
AT1G74470	199	148	150	305	287	221
AT5G01010	2415	2035	2029	2932	2722	2495
AT3G07480	1893	1967	2046	1393	1647	1227
AT1G16210	1622	1779	1694	2366	2412	1885
AT1G04510	3019	2630	2709	2888	2763	2305
AT1G79000	3055	2197	2514	3454	3140	2785
AT2G26890	2816	1736	2213	3055	2342	2544
AT2G20060	2944	2851	2755	2811	2783	2274
AT5G49030	2716	2075	2275	2879	2849	2356
AT4G06746	413	420	456	997	945	720
AT2G41410	1424	1564	1465	1795	2084	1596
AT3G52990	1787	1527	1738	1446	1348	1203
AT2G01490	921	835	900	1636	1679	1297
AT1G19570	734	699	643	1454	1429	1108
AT2G42210	1782	1816	1832	1723	1938	1563
AT1G21630	2846	2044	2418	2942	2676	2516
AT3G15590	2325	2136	2071	3355	3292	2710
AT1G75350	1681	1807	1688	2067	2360	1785
AT4G38510	1991	2003	1881	1664	1580	1574
AT1G17220	2129	1773	1769	2644	2412	2160
AT5G09330	2668	2335	2339	3139	2922	2572
AT4G24680	2805	2230	2458	3449	3106	2639
AT3G62310	3379	2740	2690	3032	2514	2578
AT4G35850	2947	2853	2874	2379	2465	2100
AT3G46030	1357	1553	1567	2020	2033	1709
AT2G45540	2558	1332	1690	2099	1598	1787
AT1G02500	881	920	969	751	827	630
AT1G25490	2267	2003	1964	2382	2210	2031
AT3G48050	2572	2021	2164	2912	2899	2251
AT4G33700	1736	1510	1662	2022	2021	1916
AT2G43750	1672	1652	1565	2720	2744	2057
AT5G49990	1211	1084	1281	3279	3137	2781
AT4G31580	2839	3016	2838	2543	2904	2383
AT3G16810	3881	3540	3673	3064	2953	2516
AT5G57900	443	535	527	1179	1200	890
AT3G02110	2879	2655	2866	2841	3171	2807
AT2G22430	3048	2806	2816	3094	3639	2848
AT2G22125	2149	1592	1927	2719	2663	2193
AT4G18030	1168	927	1082	1555	1594	1247
AT3G14100	1980	2030	1927	2503	2798	1984
AT1G14740	1284	1125	1150	2755	2680	2167
AT4G21790	1826	1593	1705	2944	3183	2567
AT5G23820	269	245	262	136	225	175
AT3G23790	2026	1527	1545	2027	1811	1830
AT3G13670	2703	2142	2390	3011	2783	2446
AT3G49560	2201	2184	2139	2368	2346	1959
AT5G55660	2859	2378	2474	3171	2833	2443
AT3G49430	3018	2794	2614	2624	2584	2445
AT3G45780	1529	1157	1329	1885	1616	1499
AT4G12680	409	278	325	1342	1154	1167
AT1G55740	2742	2216	2249	3084	2898	2784
AT5G54640	1547	1625	1706	2445	2597	2150
AT2G34040	2698	2541	2586	3042	2680	2461
AT3G13410	1969	2046	2144	1875	2278	1642
AT5G59420	2442	2199	2463	2853	2648	2306
AT1G22930	1191	915	984	1910	1605	1483
AT3G08690	1739	1695	1855	2835	2817	2229
AT3G60300	1148	1007	1024	2397	2426	2277
AT3G02520	2550	2672	2626	2741	2966	2266
AT4G26190	3428	2393	2736	3399	3087	2877
AT4G10610	2270	2286	2258	3078	3178	2621
AT2G45620	1616	1496	1499	2752	2914	2340
AT4G29480	1638	1962	1904	1510	1623	1228
AT1G79010	1877	2006	1827	2095	2291	1793
AT3G61240	2891	2637	2622	2477	2425	1999
AT1G08520	2212	1630	1620	2584	2257	2206
AT5G58590	2695	2788	2729	2963	3214	2639
AT4G00710	2555	2249	2258	2299	2228	2052
AT5G51210	268	243	303	559	588	471
AT5G40850	2551	2471	2379	2821	3041	2567
AT1G12410	1883	1861	1749	1977	2262	1899
AT1G19000	1245	1215	1344	1575	1694	1385
AT2G40060	1756	1930	1858	2120	2297	1838
AT5G13390	2512	2326	2617	2983	3198	2515
AT5G28640	2618	2538	2333	3696	3881	3211
AT2G25170	2967	2218	2425	2867	2621	2413
AT1G01090	2382	2398	2341	1827	2033	1523
AT5G16070	2579	2338	2350	2115	2107	1867
AT3G50590	2195	1720	1936	2564	2349	2141
AT5G16880	1673	1547	1702	2659	2594	2122
AT2G20530	2512	2577	2509	2608	2925	2416
AT2G31960	2282	1507	1811	3099	2650	2596
AT5G41770	2571	2557	2485	2617	2647	2152
AT5G23310	2130	2120	1933	2193	2434	1993
AT5G55160	2039	2117	2052	2652	3094	2319
AT2G02560	2740	2241	2453	2995	2739	2327
AT1G17370	2785	2588	2496	2758	2599	2313
AT5G33320	2290	2124	2166	1983	2060	1591
AT1G60780	2135	1924	1914	2234	2423	2069
AT4G12420	1369	1267	1345	1547	1783	1383
AT5G61410	1457	1337	1336	2355	2373	2058
AT3G58510	3079	2939	2805	2735	2471	2245
AT5G67590	1804	1884	1893	1627	1701	1414
AT1G80490	2743	2176	2409	3047	2684	2460
AT1G60170	2341	2369	2320	2797	2821	2420
AT1G63000	687	808	784	877	856	752
AT4G27730	3926	3872	3891	3863	4256	3555
AT5G06370	836	856	837	2323	2346	1934
AT1G12840	1757	1702	1760	1737	1783	1495
AT5G63570	1301	1334	1314	1671	1775	1396
AT5G56950	2635	2581	2521	2023	1962	1564
AT2G18900	3665	3264	3340	3215	2988	2572
AT3G23730	768	733	756	524	569	495
AT1G73885	1314	1439	1318	2199	2439	1950
AT4G03520	1920	2089	2091	2564	2766	2171
AT4G31490	2405	2020	2213	2158	2174	1823
AT1G21600	2520	2109	2146	2714	2961	2571
AT2G39020	2609	2736	2633	2589	2909	2095
AT2G20280	2235	2139	2154	2403	2422	1996
AT5G66510	1902	1932	1967	1510	1682	1320
AT3G27090	2488	2546	2473	3114	3252	2553
AT2G24940	738	830	885	1863	2118	1586
AT5G54800	2230	2361	2227	2730	2940	2138
AT4G18480	1793	1710	1707	1654	1843	1388
AT2G28470	2652	2129	2629	2110	2213	1953
AT4G17730	1350	1184	1123	2865	2944	2482
AT1G80780	2434	1981	1839	2749	2792	2304
AT2G47250	2979	2601	2539	2652	2449	2339
AT2G30950	1527	1414	1533	2242	2183	1726
AT3G22320	2505	2574	2543	2473	2811	2284
AT4G11220	1409	1370	1430	2111	2210	1870
AT5G47040	1707	1437	1471	2432	2224	2066
AT1G22600	897	965	944	2791	2877	2397
AT2G02850	1664	2015	1831	2973	3141	2608
AT1G07530	1121	1041	1143	1975	1929	1557
AT2G18790	2186	1937	1866	2402	2332	1990
AT5G48160	1320	1258	1266	2531	2329	2084
AT5G46290	1661	1505	1529	1444	1583	1281
AT4G24660	2538	2652	2540	3097	3553	2783
AT1G14710	2498	2297	2371	1812	1904	1617
AT1G08480	1935	1998	1950	1893	1995	1661
AT4G11040	2456	2611	2542	4311	4581	3511
AT4G09610	22	18	34	705	566	551
AT5G50360	751	795	641	1461	1509	1008
AT1G53645	2871	2878	2877	2601	2602	2138
AT1G70730	1502	1277	1369	1910	1908	1597
AT1G73940	2502	2739	2692	2423	2684	2153
AT3G14110	1652	1618	1579	2147	2296	1835
AT2G31490	1677	1759	1675	1498	1650	1375
AT4G21990	1457	1345	1361	1884	2138	1728
AT4G16390	2902	2745	2872	2478	2469	1894
AT5G28500	1799	1799	1688	2173	2264	1726
AT5G01040	3628	3299	3700	1446	1499	1388
AT2G17410	3307	2692	2853	3053	2898	2638
AT2G34660	1684	1307	1592	1352	1230	1244
AT5G35910	3250	2780	2936	2878	2770	2384
AT1G23190	891	920	941	1110	1110	1024
AT2G40140	1994	2138	1977	2861	2936	2293
AT2G42310	1390	1618	1489	1411	1715	1348
AT1G27310	1985	2022	1978	2051	2191	1793
AT5G08540	2501	2436	2416	2679	2840	2258
AT1G05890	1929	1386	1518	3318	2796	2756
AT5G37780	2073	2173	2107	1858	1979	1617
AT4G16630	3537	3027	3128	2841	2632	2211
AT1G75220	1877	1566	1881	2680	2651	2420
AT5G15550	3632	3248	3185	2707	2628	2577
AT1G78300	2178	2352	2160	1691	1719	1456
AT1G74100	3699	3498	3915	1376	1538	1316
AT3G17465	2878	2856	2816	2761	3126	2578
AT5G40480	3882	2476	3102	3274	2722	3066
AT1G27970	3463	3605	3514	2357	2657	2114
AT5G50310	2697	2210	2264	2593	2420	2209
AT5G47120	1772	1746	2053	2288	2423	1885
AT4G19200	1024	1084	1193	2888	3183	2396
AT1G67230	2491	2088	2239	3148	2834	2341
AT5G65950	2134	1859	1930	2293	2455	2024
AT2G16060	1496	1317	1591	4434	4872	4175
AT5G14910	1879	1791	1807	2080	2104	1839
AT5G17870	1779	1973	1896	1623	1937	1445
AT5G65020	446	491	464	799	900	683
AT5G19330	1774	1278	1379	2710	2561	2328
AT1G48650	2897	2192	2279	2972	2659	2448
AT5G25350	1984	2045	1767	3096	3265	2488
AT4G17560	1914	1753	1721	2226	2459	2012
AT2G38140	1854	1975	1744	1764	1961	1579
AT3G02220	2752	2747	2770	2562	2706	2244
AT2G40220	2988	3031	2808	3248	3668	2864
AT3G53970	1651	1561	1641	2595	2408	2046
AT4G31880	2962	2528	2634	2639	2619	2113
AT5G56360	1755	1612	1879	1965	2035	1826
AT1G42440	3368	2789	2959	2886	2578	2406
AT5G24710	2069	1761	1934	2526	2448	1955
AT3G24160	1531	1429	1624	1852	1907	1669
AT2G24120	3631	2254	2584	3223	2826	2785
AT1G77450	355	358	309	712	700	576
AT3G23800	1620	1468	1353	1105	1159	977
AT2G32920	2665	2492	2855	1962	2071	1775
AT1G05850	773	819	909	1233	1537	1128
AT3G47420	4540	4017	4319	1151	1391	1344
AT4G32640	2246	1748	1829	2368	2225	1953
AT1G47550	1763	1315	1422	2627	2413	2096
AT1G79940	2194	1925	2124	2151	2224	1929
AT3G18035	1963	1973	1901	1858	1888	1484
AT5G11880	3226	2942	2820	2124	2296	1887
AT3G50000	1433	1349	1399	2253	2340	2218
AT2G40000	2269	2237	2479	4532	4865	3911
AT5G52920	2213	2103	2109	1662	1715	1312
AT3G63190	1988	1643	1610	1988	1735	1615
AT1G31750	129	117	144	747	628	524
AT4G14160	2217	1982	2036	2214	2141	1880
AT1G69200	2390	2148	2203	2738	2802	2106
AT5G57790	350	256	269	938	840	853
AT3G59970	1177	1073	1214	1387	1256	1091
AT3G51050	2044	1902	1977	2604	2649	2448
AT4G27070	741	698	817	886	971	753
AT5G58330	1595	1570	1515	2294	2222	1946
AT1G64660	267	308	334	1940	1695	1399
AT5G41970	2840	2913	2814	2546	2791	2256
AT5G08450	2453	2151	2082	2575	2232	2121
novel.159	2609	2574	2247	3410	3724	2991
AT1G73120	2474	2441	2925	522	635	551
AT5G01350	1532	1446	1435	2354	2587	2214
AT4G19710	2574	2048	2252	2613	2469	2104
AT1G03890	45	35	41	121	103	114
AT1G24490	1559	1420	1483	2118	2094	1718
AT5G04810	2320	1855	1815	3553	3377	3095
AT4G01150	1033	1159	1076	1362	1465	1119
AT3G50670	3002	2332	2290	2516	2207	2397
AT5G66860	2759	2990	2836	2408	2729	2134
AT5G58410	2703	2070	2249	3148	2748	2527
AT5G52530	2329	2049	2076	2474	2546	2006
AT3G43520	1608	1707	1655	2080	2285	1791
AT4G11570	478	477	496	853	870	739
AT5G07340	5072	4585	5075	1560	1555	1487
AT2G45440	2433	2409	2446	2197	2416	1782
AT2G29190	2409	1909	2138	2717	2582	2219
AT1G56200	1820	1906	1846	3089	3330	2808
AT1G33680	2712	2210	2448	2557	2429	2077
AT1G69740	1670	1550	1484	1959	1998	1702
AT1G14400	1500	1375	1328	2115	2230	1797
AT1G26550	2053	1950	1954	2075	2282	1714
AT2G16430	2434	2302	2585	1931	2116	1755
AT1G53320	1344	1282	1289	2116	2392	1880
AT5G65410	2959	3128	2853	2563	2724	2023
AT1G47570	2344	1865	1785	3280	3431	2786
AT4G11260	1917	2002	2032	2311	2350	2050
AT1G62740	2278	2160	2201	2493	2419	1956
AT5G25780	2733	2563	2545	2511	2507	2098
AT1G77840	2571	2612	2402	2431	2695	1977
AT1G06110	925	982	883	2434	2406	2049
AT1G12110	1901	1830	1949	3297	3259	2889
AT1G08830	2287	2296	2293	1343	1377	1209
AT5G18170	1186	1156	1145	3173	2812	2506
AT1G74720	2912	2602	2945	2556	2558	2083
AT1G68790	2575	2240	2182	3230	2943	2372
AT4G32390	1600	1697	1676	1628	1739	1426
AT3G15020	1905	1749	1851	1335	1416	1141
AT5G64200	2519	2394	2445	2369	2428	2096
AT2G45510	526	404	453	1591	1497	1555
AT1G69070	3455	2889	3097	2969	2597	2397
AT1G32400	1030	1064	1183	1508	1632	1341
AT1G12000	1948	1820	1884	1462	1569	1224
AT1G78570	741	683	744	760	820	679
AT5G14440	2441	2258	2283	2568	2542	2275
AT2G46420	1901	1558	1500	1685	1702	1675
AT1G43890	1286	1297	1340	1832	1882	1507
AT2G47710	1611	1539	1526	2967	3129	2706
AT2G06990	3124	2415	2581	2792	2633	2279
AT3G20250	785	570	693	1773	1517	1541
AT1G16470	2222	2211	2386	2360	2276	1962
AT1G27530	1656	1875	1790	2131	2364	1830
AT1G64040	1404	1467	1407	2208	2423	1686
AT1G35160	1952	2058	1997	1908	1988	1638
AT3G03710	2384	1914	1907	2560	2230	2099
AT5G43460	2073	2003	2007	2016	2228	1868
AT3G22845	1841	1812	1938	1705	1909	1491
AT5G05220	34	29	30	198	229	162
AT3G30390	1492	1302	1512	2171	2249	1849
AT2G01720	1678	1658	1814	2037	2341	1845
AT3G28710	1411	1497	1475	1923	1903	1700
AT4G36080	3438	2179	2751	3780	2856	2825
AT3G06345	2154	1716	2580	1722	1776	1685
AT5G46070	2591	2336	2590	2895	2751	2223
AT3G44340	2523	1970	2188	2373	2008	1826
AT2G18570	792	890	835	2164	2490	1782
AT1G32380	1695	1650	1475	2654	2362	2156
AT3G11410	2037	1999	1997	2612	2757	2152
AT3G10370	2232	2096	2105	1912	1984	1601
AT2G02100	1280	1316	1255	1547	1676	1249
AT2G14720	1517	1304	1502	2620	2531	2220
AT5G63190	634	648	642	2460	2371	1859
AT3G55460	1516	1521	1466	2159	2231	1997
AT2G39980	2356	2446	2396	2474	2675	2259
AT1G10670	879	800	817	783	855	745
AT4G16500	1194	1291	1367	993	1125	907
AT4G30440	2210	2163	2526	2316	3045	2331
AT4G21580	753	706	746	1177	1190	1024
AT4G14440	2218	2456	2404	2159	2552	2060
AT1G80270	3228	3005	3052	2598	2846	2056
AT3G10380	2527	1871	2145	2487	2350	1981
AT3G01770	1856	1238	1343	3220	2748	2931
AT4G35260	2421	2457	2484	1923	2248	1614
AT3G50500	1990	1860	1862	2428	2626	2118
AT5G14580	4112	3459	3745	2943	2922	2469
AT4G26300	2772	2492	2472	2158	2272	1967
AT2G20860	1504	1481	1467	1750	2040	1587
AT2G36390	1853	1216	1244	1568	1427	1480
AT5G66720	1675	1811	1725	1967	2096	1607
AT5G65210	2777	2267	2405	3895	3730	3423
AT1G19490	2154	2068	1950	2408	2677	1968
AT3G02550	2921	2649	3025	3356	4224	3351
AT2G24500	2176	2231	2178	2331	2256	1951
AT3G57050	1731	1424	1460	2491	2464	2053
AT4G25210	2320	2282	2355	2160	2504	1836
AT5G67330	2022	1952	2137	3172	3407	2688
AT3G29360	1193	1286	1351	1167	1382	879
AT4G05530	1538	1635	1619	2175	2185	1773
AT2G33220	1414	1561	1577	1484	1593	1391
AT3G48170	1369	1314	1398	1771	1544	1496
AT3G63520	1592	1173	1125	1997	1726	1791
AT4G04640	1570	1624	1582	1827	2073	1447
AT1G33410	3261	2209	2599	3195	2652	2563
AT5G08470	2329	1809	1910	3096	2754	2490
AT2G29400	1866	1749	1697	2682	2676	2446
AT4G34350	2097	1711	1768	2745	2686	2266
AT5G15610	2695	2431	2478	2304	2301	1991
AT4G34180	894	951	987	2198	2473	1841
AT5G51070	876	670	774	1568	1246	1175
AT3G62980	1989	1823	1906	2353	2409	2027
AT5G18520	2102	2029	2316	2040	2178	1802
AT2G39420	4432	4086	4261	1501	1589	1421
AT4G36195	1088	1007	1203	1721	1943	1541
AT3G51370	1338	1137	1114	2161	2074	1796
AT3G06680	2801	3114	3107	1939	2106	1663
AT1G79150	3175	3004	2933	2607	2535	2047
AT3G03640	939	927	1095	2423	2592	2125
AT3G54280	3036	2119	2390	3041	2685	2629
AT5G14430	2263	1961	1971	2522	2718	2209
AT4G37120	2402	2250	2347	2465	2232	1899
AT1G08640	2258	2009	2026	2180	2276	1887
AT4G09830	1205	1128	1162	2399	2726	2187
AT1G17020	2822	2956	2978	1185	1325	1083
AT4G30150	3563	2593	2956	3153	2915	2405
AT5G10780	2429	2346	2315	2358	2506	2018
AT1G31730	1968	1727	1800	2370	2368	1910
AT3G13860	3290	2762	3078	2788	2711	2077
AT4G28300	1563	1466	1422	2243	2113	1883
AT2G26990	2183	1918	1969	2144	2210	1764
AT2G45030	3087	2658	2812	2924	2720	2426
AT5G15320	2055	2383	2158	1509	1763	1490
AT5G05210	2545	2575	2527	2418	2582	2023
AT3G10850	1136	1130	1152	1905	2011	1607
AT1G80480	1868	1593	1663	2250	2339	1865
AT3G09850	1952	1744	1820	2173	2125	1719
AT3G13870	1689	1341	1485	1484	1473	1333
AT2G14880	2291	2285	2235	2330	2593	2013
AT5G54680	1799	1799	1768	2347	2441	1929
AT1G04300	2153	1773	1827	2634	2369	2054
AT3G27380	2704	2844	2955	1462	1753	1304
AT2G26280	2292	1805	1857	2156	1916	1999
AT2G26330	2313	1790	1831	3061	2764	2634
AT2G41650	2998	3133	3158	2062	2180	1730
AT1G51060	1518	1679	1646	1301	1271	1137
AT1G04210	2963	2280	2552	2543	2477	2181
AT1G03900	1041	1043	929	1543	1726	1276
AT1G22710	3156	3110	3262	3380	3346	3103
AT1G59610	2187	1601	1875	2356	2179	1899
AT2G45470	1570	1545	1724	2350	2713	1986
AT5G21274	1880	1876	1870	2132	2173	1749
AT2G46820	1844	1864	1728	2399	2612	2089
AT5G16750	3207	2692	2776	2847	2768	2360
AT3G19420	1797	1551	1598	2246	2258	1901
AT5G34850	1561	1534	1582	1319	1468	1250
AT4G30100	2192	1891	2084	2538	2466	2106
AT3G03950	2593	2470	2350	2920	2962	2470
AT5G59130	2600	2326	2556	1558	1640	1550
AT3G22200	1062	904	1092	905	833	675
AT1G48620	1668	1549	1478	2202	2203	1791
AT5G06560	2475	2355	2300	3436	3485	2687
AT2G38550	2000	1910	2014	2236	2025	1743
AT2G29210	2394	2074	2149	2486	2245	2123
AT2G39770	1006	1075	1095	1494	1654	1158
AT1G61790	1971	2136	2225	1050	1427	1050
AT5G41190	2637	2490	2427	2366	2325	1875
AT3G17970	3007	2581	2822	2234	2340	1998
AT2G03520	123	91	125	1055	811	878
AT2G03680	1139	1289	1258	1199	1452	1138
AT5G03940	1761	1497	1515	2448	2261	2159
AT3G10770	1800	1657	1636	2421	2528	2096
AT1G62510	849	883	824	1925	2307	1486
AT3G18830	2076	2137	2384	2692	3146	2529
AT5G57490	2594	2626	2638	2397	2657	1960
AT3G57880	1451	1274	1393	2280	2302	1739
AT1G24706	2950	1926	2126	2916	2293	2342
AT1G60160	3344	3032	3373	2618	2807	2372
AT5G55135	25	9	21	348	331	282
AT1G24460	2898	2175	2576	2484	2122	1899
AT2G38040	2380	2045	2125	2031	2094	1570
AT3G10410	1085	1033	1175	1619	1699	1422
AT1G69250	2912	2795	2800	2596	2694	2364
AT1G27470	2646	2235	2512	3106	2697	2323
AT3G17170	2279	2249	2108	2766	2763	2349
AT4G03210	1025	1037	1043	555	605	523
AT2G02930	116	104	141	1427	1430	1176
AT1G48350	1644	1656	1443	1710	1773	1466
AT5G40340	2279	1960	2072	2932	2666	2201
AT5G63350	476	522	426	1022	1129	853
AT3G16310	2282	2290	2125	2915	3090	2302
AT1G74690	1872	1733	1822	1828	2019	1589
AT4G14710	1596	1518	1550	2160	2321	1903
AT3G02410	1136	856	888	1354	1193	1244
AT4G26760	2939	2380	2517	2044	1976	1916
AT5G19350	2481	2557	2424	2502	2759	2222
AT3G10350	1335	1121	1108	2200	1905	1848
AT4G31430	2215	1996	2100	3014	3027	2512
AT5G01020	1886	1747	1713	2040	2344	1790
AT2G03640	2397	2128	2163	2615	2511	2232
AT1G06410	2658	2176	2369	2514	2471	2011
AT5G42100	1886	1790	2076	1672	1914	1587
AT2G32120	139	110	132	581	559	543
AT4G35570	2396	2337	2422	2169	2342	1935
AT1G32750	2431	1787	1945	2996	2463	2313
AT4G03550	2293	1826	2088	2649	2607	2066
AT5G18110	1520	1548	1478	1975	2134	1632
AT3G51860	865	665	740	1603	1537	1340
AT1G54130	881	775	818	1264	1304	1016
AT5G63980	2017	1963	2132	1605	1523	1348
AT4G12040	1267	1360	1410	2514	2805	2130
AT3G20390	1376	1280	1357	1057	1129	974
AT4G15780	821	861	771	1941	1920	1851
AT4G36390	1827	1693	1678	2246	2212	1793
AT4G01560	3082	2819	2794	2430	2619	2119
AT4G01800	2061	1540	1708	2573	2142	2075
AT5G62440	2410	2561	2461	2096	2255	1768
AT2G37480	1336	1368	1418	1912	2012	1626
AT1G31230	2094	1702	1857	2176	1955	1701
AT5G10510	2655	2424	2463	3651	3497	2861
AT4G11360	822	869	813	1734	1880	1647
AT1G77440	2609	2705	2632	2293	2291	1915
AT1G53780	2863	1066	1367	2141	1311	2133
AT2G30060	1792	2092	1970	1927	2227	1611
AT4G32760	2215	1855	2012	2735	2500	2251
AT2G30520	291	343	250	171	176	149
AT1G76790	3183	3004	3305	758	811	715
AT1G31180	2480	2249	2400	1952	1909	1737
AT2G07360	1949	1358	1504	2178	1875	1780
AT5G09620	2097	2096	2196	2208	2304	1766
AT1G80620	2751	2439	2502	2317	2545	1986
AT5G46420	1973	1721	1699	2195	2153	1926
AT1G04400	2203	1951	2166	2238	2237	1944
AT3G09090	2023	1694	2015	2536	2409	2187
AT5G35360	1541	1465	1462	1405	1357	1205
AT2G04350	649	613	647	1495	1372	1103
AT3G06670	2349	1886	2043	2422	2223	2111
AT5G15810	2696	2336	2422	2743	2485	2289
AT2G18510	1983	2069	2026	2116	2372	1811
AT1G16740	2052	2144	2175	2131	2311	1939
AT3G12760	1961	1702	1930	2965	3023	2730
AT4G34720	1625	1546	1630	1434	1588	1207
AT4G08460	2184	2186	2160	2274	2714	1974
AT2G47390	2232	1831	2046	2006	1760	1637
AT1G32130	2016	1813	1724	1996	1983	1585
AT5G27410	1468	980	1124	1518	1370	1283
AT3G12080	1864	1445	1537	2552	2423	2330
AT5G20000	2823	2577	2824	2172	1971	1673
AT1G26460	2607	2372	2602	1934	2111	1592
AT4G00450	2451	1858	2133	2797	2475	2053
AT1G03600	1132	1257	1127	2012	2206	1758
AT3G25140	1259	1243	1397	1648	1888	1460
AT3G03070	1504	1651	1508	1757	1900	1434
AT5G47480	2094	1501	1669	2337	2194	2016
AT5G05320	96	87	98	846	834	610
AT1G20580	2219	2232	2273	2198	2367	2000
AT2G29450	572	545	596	1248	1405	1100
AT4G17530	1066	1016	1048	1412	1341	1183
AT4G35890	2244	2189	2228	2431	2319	1896
AT4G38350	1899	1106	1317	2321	1695	2106
AT3G57650	2969	2675	2936	2042	2206	1833
AT4G13615	1294	1427	1391	1437	1645	1374
AT3G01790	2656	2541	2365	2117	2195	1975
AT1G68140	1403	1293	1346	2267	2331	1901
AT1G48840	1244	899	986	2004	1916	1736
AT5G67300	1463	1402	1574	615	803	612
AT4G18910	1665	1554	1772	3549	3996	3357
AT1G49032	677	693	576	2465	2874	2192
AT5G57090	914	888	992	1004	1132	1004
AT3G05910	2831	2456	2858	1207	1402	1297
AT4G32551	2478	2069	2170	2997	2620	2431
AT1G11260	1877	1690	2058	3983	4404	3894
AT4G18905	2461	2299	2307	2622	2373	2126
AT1G69800	704	693	664	1185	1181	920
AT1G15280	2249	1782	1852	2297	2084	2052
AT2G27600	2139	1851	2035	2062	1976	1848
AT5G44800	2667	1934	2066	2732	2472	2139
AT1G13160	2916	2440	2623	2163	2176	1819
AT5G60340	2081	2091	2105	1904	2191	1714
AT4G39210	283	235	239	122	152	83
AT5G13680	2868	2578	2566	2747	2763	2325
AT1G60900	3022	1909	2092	2299	1850	2057
AT2G39570	496	429	455	1540	1601	1256
AT1G59750	2120	1621	1751	2344	2224	2003
AT2G41790	2578	1862	1949	2648	2113	2175
AT2G21270	1418	1506	1398	1800	1788	1438
AT3G12280	2030	1560	1792	1959	1694	1533
AT5G16370	1483	1525	1480	1374	1597	1338
AT3G04610	2762	2265	2061	2114	1799	1848
AT5G54170	1250	1171	1236	2027	2098	1721
AT1G20980	2138	1690	1836	2441	2293	1902
AT1G71110	3337	2658	3055	2365	2586	2189
AT1G79090	2005	1848	1946	1908	1922	1610
AT4G00720	1768	1535	1634	2458	2495	2059
AT5G44700	3220	2511	2887	2941	2854	2666
AT2G20920	455	389	373	887	827	712
AT2G02780	2760	2381	2668	2424	2352	2235
AT4G15180	2940	1751	2266	2677	2189	2240
AT5G15400	2317	1923	2142	2529	2320	1782
AT1G07820	1259	1464	1362	1588	1693	1266
AT1G76990	909	708	769	1464	1364	1267
AT5G47720	1981	1422	1583	2308	2119	1966
AT2G47970	1383	1367	1379	1795	1906	1447
AT2G41530	1652	1743	1621	2054	2190	1742
AT5G37720	1610	1385	1432	2123	2019	1730
AT2G17240	2067	2089	1964	2110	2488	1875
AT1G04690	1834	1935	1958	2079	2116	1782
AT4G31990	1391	1338	1264	1345	1304	1091
AT5G14590	1942	1584	1791	1970	1939	1702
AT2G19450	1173	911	1032	1862	1791	1688
AT5G41210	1258	1191	1123	1570	1638	1450
AT5G52240	1151	1149	1302	1788	1831	1418
AT3G54090	2497	2434	2299	2575	2771	2234
AT5G67220	2358	2348	2283	2213	2296	1784
AT1G10290	1927	1618	1684	1649	1537	1427
AT1G51570	2348	2437	2425	2252	2296	1815
AT1G77680	1560	1375	1455	2138	1993	1672
AT1G59760	2615	2039	2370	2671	2487	2156
AT5G60410	2545	1982	2147	2468	2319	2032
AT1G20110	1689	1572	1470	2172	2043	1815
AT1G14510	2036	2155	2139	2194	2348	1893
AT1G21580	3072	1410	1700	2713	1832	2127
AT1G27290	2102	2076	2223	3056	3478	2571
AT3G63160	468	492	441	1269	1334	973
AT1G23070	364	342	306	1236	1261	1101
AT2G35680	821	722	719	1123	1124	991
AT3G22630	2001	2133	2276	1973	2106	1693
AT5G64100	44	41	53	67	71	49
AT5G55850	1019	1044	1010	1662	1917	1417
AT1G61870	2579	2601	2625	2083	2356	1700
AT1G08420	2102	1579	1727	2220	2198	1894
AT1G53850	2492	2489	2557	1737	1836	1552
AT5G46250	910	879	803	2079	2171	1859
AT2G32230	2179	1822	1910	2081	2088	1919
AT5G08130	2460	1976	2016	2337	2403	2016
AT3G11540	2317	1872	1905	3032	2642	2342
AT3G62600	3552	3238	3424	926	1218	1141
AT4G24750	1887	1581	1551	1976	2054	1763
AT4G26970	1124	1007	1135	1228	1184	1002
AT1G63180	1736	1575	1757	1702	1621	1362
AT1G15130	1498	1290	1463	2551	2297	1997
AT2G25760	2192	1656	1893	2348	2291	2092
AT3G08640	1560	1502	1646	1637	1844	1283
AT5G63510	1545	1590	1565	1404	1729	1227
AT1G64950	540	527	616	1190	1157	965
AT3G01740	1869	2158	2041	2144	2349	1696
AT5G51300	2653	2154	2227	2432	2184	1912
AT4G23750	3436	3509	3170	3116	3278	2562
AT4G03260	2323	1985	2008	2174	2234	1980
AT2G43950	1273	1294	1275	1704	1701	1391
AT5G66140	2181	2465	2323	2044	2210	1784
AT1G04770	2637	2274	2565	3805	4035	3453
AT3G57890	1680	1687	1780	1904	1835	1463
AT3G12050	1777	1755	1782	1952	1959	1643
AT2G24360	1932	1770	1912	2469	2509	2022
AT3G20630	2047	1745	1965	2166	1986	1895
AT3G56800	1236	1332	1305	1567	1849	1318
AT2G21410	1153	1034	1119	1716	1645	1455
AT4G30920	1270	1203	1149	1708	1576	1322
AT5G45670	1224	1334	1391	806	905	901
AT1G76850	1765	1271	1426	2333	1963	2012
AT2G01190	1014	988	1042	2394	2294	1821
AT3G58560	2380	2026	2085	2214	2162	1837
AT1G10580	1891	1868	1887	2158	2199	1703
AT1G67360	1341	1320	1478	1229	1469	1086
AT5G16270	2158	1558	1878	2057	1837	1663
AT4G25370	1950	1957	1912	1755	1988	1690
AT4G30890	2152	1958	2053	2364	2489	1904
AT3G23490	1184	1035	1083	2080	2140	1760
AT1G64650	1296	1281	1285	1183	1310	1126
AT3G57000	2598	2664	2623	2275	2404	2004
AT2G46340	1404	1335	1238	2081	2157	1716
AT3G01130	1764	1948	1814	1962	2100	1733
AT5G67320	2297	1865	2010	2379	2053	1944
AT5G11090	1850	1982	2062	2208	2170	1828
AT4G11120	2380	2235	2255	2065	2271	1773
AT5G35210	2885	1544	1875	2209	1787	1977
AT5G50810	2809	2908	2775	1964	2261	1818
AT1G05570	4480	2537	3220	2395	1968	2366
AT3G30300	1855	1509	1590	1838	1871	1749
AT3G12260	1541	1696	1566	1420	1702	1480
AT1G07360	1981	2098	1979	1958	2038	1579
AT2G44970	1536	1464	1454	2133	2344	1879
AT5G23110	3082	1492	1994	3160	2238	2512
AT5G58490	1602	1533	1561	1830	1890	1531
AT3G55010	3024	2850	2753	2157	2230	1825
AT3G54360	1135	1179	1116	1837	1839	1556
AT1G80090	158	121	126	539	462	484
AT2G38670	1645	1778	1737	1846	1794	1538
AT4G28440	2119	2335	2139	1972	2250	1792
AT1G68550	2881	2854	2605	2229	2531	2025
AT5G53620	2417	2269	2205	2315	2160	1937
AT5G67070	2357	2440	2391	1700	2171	1648
AT4G15470	1346	1435	1514	1677	1924	1506
AT5G66880	2240	1957	2008	2914	2987	2596
AT2G20140	2210	2198	2293	1808	1940	1594
AT2G07050	2160	1806	1964	1565	1475	1313
AT2G18110	1846	1818	1831	1885	1872	1537
AT4G19160	2471	2026	1841	3501	3391	3353
AT4G19860	961	735	888	1198	993	980
AT1G78240	2021	1763	1889	2006	2094	1865
AT5G43770	17	33	38	314	354	328
AT2G42500	2003	1758	1759	1835	1935	1694
AT5G47430	1828	1576	1617	2073	2087	1690
AT1G07110	2164	1607	1743	2444	2125	1983
AT5G18650	3045	2644	2634	2141	2279	2018
AT3G25800	1947	1810	1861	2139	2034	1811
AT5G11240	2977	2726	2842	2505	2324	2003
AT3G54960	1638	1432	1790	777	813	804
AT3G13230	2546	2658	2494	2211	2415	1935
AT2G30870	443	420	448	182	216	152
AT4G13520	1099	1305	1315	1528	1636	1364
AT1G14900	2078	2261	2126	1923	2219	1692
AT2G46390	1087	1085	1203	1386	1375	1312
AT5G02310	2588	1724	1985	2639	2328	2038
AT1G06200	1356	1423	1403	1886	2026	1656
AT1G66670	1645	1633	1519	1788	1899	1580
AT1G24580	1253	1218	1247	2052	2431	1699
AT1G29120	2440	1958	2081	2411	2073	2146
AT4G22310	1864	2024	2041	1801	2101	1684
AT1G09270	1803	1447	1636	1914	1880	1611
AT4G19960	2219	1795	2174	3607	3485	3158
AT4G28450	2937	2830	2701	2553	2522	2216
AT5G15680	1811	1367	1560	2383	2132	1763
AT1G64090	2077	1952	2226	1589	1725	1430
AT3G27160	1103	1268	1133	1374	1435	1107
AT3G46060	1487	1542	1566	1715	1978	1567
AT3G03940	2123	1685	1970	2030	2098	1806
AT3G42170	1869	1857	1882	1864	1952	1516
AT2G03890	1140	1231	1168	2044	2035	1556
AT3G29320	790	712	742	660	731	571
AT2G46505	1710	1786	1710	1420	1660	1178
AT5G66540	2924	2365	2347	2412	2221	2006
AT1G15840	1906	2106	2074	2448	2515	2121
AT2G16950	2546	2125	2143	1992	1799	1742
AT5G17770	1872	1768	1891	1341	1510	1251
AT5G13980	1014	802	993	1219	1086	1033
AT4G03560	1170	888	1016	1732	1663	1557
AT5G64300	2457	2296	2565	1874	1620	1502
AT3G19740	1969	1481	1690	1883	1688	1666
AT5G53895	65	63	79	506	508	447
AT1G77800	2283	1603	1716	2338	1983	1950
AT2G33120	1634	1620	1745	2041	2156	1624
AT5G56140	818	671	762	2013	1982	1742
AT3G19910	617	615	614	1051	1115	1003
AT2G44610	1430	1480	1376	1538	1643	1269
AT2G01820	1607	1409	1585	1594	1683	1399
AT2G47800	1552	1263	1412	1603	1542	1415
AT3G17020	972	974	1013	1541	1666	1353
AT5G47060	1699	1561	1597	2382	2629	2040
AT3G58730	1004	1081	1025	1194	1365	955
AT1G09760	2191	2278	2176	2048	2403	1864
AT3G18290	1277	975	1101	2907	2702	2233
AT3G46560	2374	2585	2545	1691	1969	1605
AT1G68580	2557	2195	2244	2627	2577	2107
AT5G40370	1020	1112	1134	1680	1909	1467
AT3G03270	884	717	786	1886	1827	1640
AT3G13340	1783	1379	1468	1947	1731	1699
AT5G60360	1093	1183	1215	924	1033	934
AT3G05680	2596	1775	1972	2595	2060	2148
AT5G06980	1973	1732	1689	2416	2311	2153
AT3G49601	1843	1599	1802	2373	2216	1821
AT2G24420	1258	1060	1266	2700	2601	2171
AT2G36250	1879	1624	1629	1840	1924	1553
AT4G18040	2154	2352	2239	1864	1941	1656
AT5G04130	2871	2301	2471	2677	2428	2248
AT1G32580	2433	2463	2397	2077	2313	1804
AT2G20330	1895	1750	1801	2048	2191	1786
AT1G18720	974	1035	1087	1758	1839	1473
AT1G58080	1764	1426	1466	1802	1737	1620
AT2G36060	1609	1671	1639	1887	2008	1619
AT1G27760	2101	1795	1775	1723	1535	1403
AT1G72320	2692	2426	2357	2390	2318	1978
AT4G33240	1615	1196	1432	2235	2078	1720
AT1G04750	1831	1747	1708	1800	1854	1526
AT2G24020	1966	1910	1964	1725	1695	1514
AT2G11225	2246	758	948	1290	724	1305
AT5G61150	1937	1638	1597	2349	2015	1823
AT3G14400	2158	1870	1797	2418	2305	2000
AT5G09650	2126	2065	2034	1249	1390	1058
AT3G15180	1545	1459	1518	1735	1647	1452
AT3G16480	2359	2149	2015	1614	1749	1371
AT5G53170	2092	1732	1873	2311	2148	1968
AT4G29900	1636	1243	1408	2186	1909	1902
AT5G37475	1800	1794	1739	2083	2305	1846
AT3G48530	1196	1234	1305	2139	2255	1622
AT4G35630	1422	1413	1520	1150	1273	885
AT1G48090	2603	1160	1665	2740	1778	2202
AT4G01810	2316	2215	2171	1927	1793	1533
AT5G15450	1063	894	941	1329	1346	987
AT2G26510	2106	1732	1888	2155	2061	2031
AT3G12800	1412	1441	1482	1439	1560	1243
AT1G48900	1806	1770	1717	2010	2023	1585
AT5G02270	516	483	464	372	434	343
AT5G60600	1642	1298	1365	1609	1464	1361
AT4G29510	2624	2572	2722	2388	2603	2005
AT1G75400	2195	1944	2043	2590	2544	2078
AT2G39260	2139	1715	1826	2421	2183	1919
AT3G13960	2936	2841	2604	3122	2983	2424
AT1G08110	1350	1315	1275	1850	1924	1687
AT2G41620	2173	1808	1869	2557	2466	1997
AT2G45640	1750	1896	1879	1993	2237	1810
AT4G14420	2887	2990	3086	1420	1618	1277
AT5G64250	780	793	799	1574	1507	1365
AT5G08290	1482	1571	1484	1584	1921	1511
AT2G02050	1417	1682	1500	1521	1971	1462
AT3G61260	732	676	752	1682	1824	1499
AT2G46520	2271	2013	2156	2232	2144	1767
AT2G21300	1396	1163	1171	1714	1715	1396
AT4G32610	1719	1742	1721	2204	2092	1771
AT1G73880	1670	1756	1680	2341	2433	1943
AT4G30200	2449	2156	2235	1294	1567	1271
AT3G18860	2206	1918	2189	2203	2066	1804
AT1G20630	843	807	840	1080	1059	864
AT4G25890	1887	2147	2177	1227	1485	1151
AT3G61050	1715	1627	1618	1857	1878	1626
AT1G78880	1856	1746	1770	2293	2323	1923
AT2G45820	870	996	869	1853	1917	1670
AT4G31570	2451	1719	2085	2501	2117	1870
AT2G27190	1569	1252	1402	1213	1298	1251
AT2G38560	2035	2036	1930	2079	2190	1687
AT5G13950	1969	1560	1562	2463	2369	2025
AT2G26740	731	666	650	1649	1656	1339
AT5G44090	1636	1086	1129	1926	1742	1726
AT2G44310	516	591	555	933	1038	801
AT1G50030	2534	1198	1638	2517	1671	1990
AT3G09100	2218	1818	1925	2249	2191	1877
AT3G45190	2108	1799	1800	2128	2045	1757
AT1G24360	1825	1864	1863	1454	1541	1291
AT4G04870	716	654	734	1171	1319	1101
AT5G64430	666	684	721	1278	1329	1027
AT2G21620	852	905	982	1167	1130	964
AT3G06610	2130	2227	2147	1859	2142	1724
AT5G58230	2454	2438	2338	2189	2237	1830
AT3G54366	607	657	536	2021	2221	1695
AT3G63130	2619	2584	2559	1752	1863	1391
AT1G35620	1690	1675	1793	2275	2488	1960
AT2G48100	1833	1495	1445	2165	2059	2020
AT5G23250	2124	2188	2157	1879	2060	1517
AT1G17200	1983	2264	2132	1622	1961	1644
AT5G60300	2649	2536	2649	2237	2408	1858
AT1G09140	1541	1099	1214	1602	1397	1552
AT4G36420	2056	2167	2159	1699	1980	1571
AT1G20950	1279	1216	1169	1457	1219	1100
AT1G55500	1662	1434	1540	1867	1827	1640
AT3G20820	1583	1679	1713	1890	2151	1821
AT2G42490	1178	849	984	1513	1347	1237
AT1G80680	2259	1960	2084	2482	2343	1846
AT3G28720	1992	1701	2139	2418	2599	2140
AT3G53560	1242	1228	1119	1440	1535	1146
AT5G67240	2825	2176	2343	2166	1967	1811
AT4G09150	1298	991	1100	1570	1419	1274
AT1G10490	3338	2492	2630	2575	2189	2165
AT1G55020	512	366	526	618	558	527
AT2G39670	1914	1766	1677	2036	2021	1679
AT2G17870	1719	1786	1882	1779	1784	1452
AT1G23950	1391	1247	1321	1784	1740	1528
AT4G36250	965	1061	1062	1065	1089	961
AT3G14050	555	526	516	861	854	759
AT1G60770	2328	2342	2338	1947	2069	1628
AT2G37230	2403	2392	2373	2031	2191	1530
AT3G62940	2778	2635	2605	2131	2226	1809
AT3G61820	2117	2120	2455	2168	2531	2138
AT2G42910	2047	2225	2126	1866	1974	1497
AT4G31210	3378	2046	2454	2343	1795	2092
AT5G07470	860	987	971	1311	1408	1201
AT2G15890	1649	1428	1633	2882	3155	2577
AT3G16840	2932	2073	2198	2331	1800	2030
AT1G70200	2112	1724	1804	2081	2298	1706
AT4G02500	605	633	762	1135	1193	971
AT5G61510	481	583	513	882	1061	892
AT5G62890	1389	1287	1333	1207	1272	1108
AT3G15010	2463	1755	1858	1961	1838	1779
AT5G11490	1487	1350	1430	2061	1918	1647
AT3G10050	2246	2082	2177	2193	2222	1837
AT4G21570	1123	1236	1233	1290	1556	1223
AT4G32285	1113	1066	1114	1395	1369	1131
AT3G11170	1333	1321	1143	1683	1707	1468
AT1G65270	1613	1547	1700	1975	2088	1760
AT1G09430	1382	1246	1359	1865	1950	1637
AT4G11160	2539	2180	2327	2211	2182	1762
AT1G04870	2482	2459	2422	2259	2307	1946
AT3G48700	528	579	531	253	329	275
AT3G13772	1512	1417	1669	2089	2064	1810
AT4G38760	2795	1721	2055	2389	1915	1850
AT5G16780	1943	1660	1784	2430	2184	1895
AT3G20330	2348	2088	2198	1884	1919	1615
AT1G17840	2147	2027	2115	2072	2027	1729
AT2G45730	2047	1921	1996	2092	2168	1834
AT2G41630	1486	1345	1513	1948	2086	1577
AT2G30500	2320	1873	2041	1216	1217	1116
AT2G03150	2362	1657	1927	2367	1962	1885
AT3G55560	2298	2280	2061	2329	2604	1997
AT4G36020	2378	2430	2286	1560	1527	1300
AT1G18260	1690	1506	1868	1823	1905	1652
AT3G02350	1416	1417	1597	1808	2091	1684
AT1G16270	2357	1745	2080	2370	2041	1874
AT1G08580	2717	2760	2929	1908	2017	1737
AT2G44060	353	373	447	426	541	423
AT1G20970	736	630	746	1918	1629	1371
AT5G51570	871	923	958	2175	2072	1619
AT2G36950	913	962	990	2107	2103	1628
AT1G21680	126	103	167	608	613	608
AT5G48030	2721	2522	2472	2382	2368	2074
AT5G54310	1320	1277	1280	1760	1705	1489
AT1G52380	1877	1854	1860	2144	2210	1698
AT3G49490	1353	1174	1222	2045	1984	1596
AT4G32910	1848	1407	1670	2309	2319	1991
AT3G15095	1945	1876	1745	2409	2440	1961
AT1G68220	795	954	915	1571	1736	1378
AT1G28060	2537	2238	2304	2316	2212	1789
AT5G04885	2181	1967	2221	1715	1752	1629
AT1G32900	386	274	312	197	228	200
AT3G07310	1294	1294	1284	1689	1805	1530
AT5G20190	1467	1310	1303	1074	1060	925
AT1G12270	2392	2180	2144	1703	1676	1447
AT3G18000	291	214	183	184	151	199
AT2G42810	2139	1939	1898	2344	2342	1960
AT5G62270	2227	2134	2088	1757	1780	1416
AT3G08730	2435	2198	2037	1500	1462	1436
AT1G55310	1899	1392	1297	1749	1559	1827
AT2G38820	421	318	397	1128	1199	942
AT1G13560	2422	2023	2357	1919	1949	1739
AT5G24650	2265	2239	2211	1857	1993	1708
AT5G64580	2443	1819	1860	2118	2030	1841
AT2G29550	904	966	883	956	1075	798
AT1G14830	1704	1659	1564	1316	1383	1231
AT5G64670	2181	2110	2148	1708	1827	1547
AT1G12520	2290	2160	2235	2304	2179	2202
AT1G05680	665	673	839	1046	979	784
AT2G43510	372	501	608	3206	3859	3149
AT1G58270	83	77	107	79	108	64
AT3G63500	1447	1123	1314	2079	1845	1480
AT2G38210	1735	1661	1693	2397	2586	1935
AT4G39980	1920	1928	2007	1366	1390	1134
AT1G30360	846	776	826	1366	1330	1171
AT5G42190	1000	1112	1034	1760	1800	1465
AT5G64050	1639	1460	1527	1706	1726	1412
AT5G14920	1074	1068	1081	1448	1729	1389
AT1G06040	947	1031	764	765	845	702
AT1G34130	1470	1537	1799	1908	1899	1588
AT1G15200	2505	1479	1746	1925	1497	1692
AT3G48680	1125	1128	1106	1288	1469	1213
AT1G60640	3045	2762	2668	2212	2017	1898
AT2G40660	2232	2230	2116	1918	1948	1595
AT3G12270	2819	2609	2655	2214	2164	1968
novel.126	493	429	411	2066	2127	1772
AT4G36648	2085	1205	1123	1725	1529	1847
AT5G13020	1933	1537	1546	1987	1919	1738
AT3G53420	214	194	198	191	226	156
AT5G54070	12	1	7	146	115	78
AT3G61580	1157	1148	1077	1119	1140	863
AT1G19520	2187	2186	2135	2078	2169	1499
AT2G36320	1765	1904	1937	2552	2973	2260
AT2G11890	2357	2165	2078	2133	2205	1776
AT3G51270	1911	1795	1683	2248	2147	2053
AT5G59140	1816	1823	1770	1851	1969	1733
AT4G04940	3066	2666	2723	2281	2175	1895
AT4G33070	1157	970	1215	2543	2536	2261
AT4G33030	1432	1430	1399	1251	1447	1119
AT3G44600	1876	1746	1738	2071	2113	1744
AT5G47780	1476	1285	1494	1534	1725	1438
AT5G04280	1881	1674	1564	1727	1821	1628
AT5G45510	1603	1372	1479	1327	1373	1081
AT1G79440	950	742	868	868	799	697
AT1G26580	2493	1364	1476	1982	1740	1964
AT4G02680	2148	1886	1929	1920	1963	1549
AT1G05150	1580	1522	1553	1833	1874	1477
AT3G04240	2038	1567	1677	2452	2066	1949
AT5G43330	655	679	755	794	861	707
AT3G14330	757	771	767	1109	1075	847
AT1G06760	1181	1287	1261	2212	2226	1745
AT1G79340	905	908	964	1065	1067	823
AT5G19090	1705	1620	1728	1607	1928	1456
AT4G00660	1863	1757	1845	1795	1798	1484
AT1G36320	1423	1404	1468	2070	2238	1676
AT3G61440	1542	1353	1367	1431	1449	1244
AT3G05420	1423	1178	1323	1372	1366	1161
AT5G11700	2082	1359	1644	2100	1900	1850
AT5G10730	528	565	511	997	1090	794
AT3G23300	1382	1237	1400	1639	1776	1424
AT4G10080	1243	1261	1228	2324	2387	1848
AT1G18210	1106	1252	1159	1077	1315	933
AT3G11200	1579	1595	1592	1494	1592	1344
AT3G23580	2608	2541	2444	2112	2169	1884
AT5G35980	2011	1490	1631	1924	1720	1566
AT1G63680	1873	1555	1475	1696	1697	1522
AT5G16760	1447	1590	1537	1631	1671	1280
AT3G59140	2417	1842	2386	978	900	803
AT3G61690	2093	1601	1687	1888	1818	1621
AT5G39050	1332	1422	1432	1367	1282	992
AT1G16810	1548	1547	1535	1774	1867	1655
AT5G03340	1435	1264	1371	2258	2014	1666
AT3G07910	2075	2252	2230	2137	2326	1984
AT3G27220	2004	1621	1745	2442	2796	2517
AT1G15740	436	306	313	769	666	730
AT4G38890	2629	2249	2308	2213	2067	1894
AT5G46030	1534	1566	1596	1845	2003	1792
AT2G02390	702	661	702	1208	1281	1053
AT3G09860	1522	1609	1505	1703	1864	1633
AT1G48570	2088	1965	1979	2576	2573	1967
AT1G71840	1898	1958	1833	1974	1921	1695
AT3G48660	449	491	502	903	1102	779
AT4G02080	1261	1417	1419	1529	1706	1365
AT5G56500	2555	2467	2384	2246	2328	1898
AT5G24970	816	586	629	1047	954	922
AT3G49990	2219	2069	2154	2215	2167	1727
AT1G80830	1815	1676	1742	1738	1732	1517
AT4G17840	173	164	149	652	572	553
AT4G24110	1747	1656	1869	2349	2524	2161
AT1G28660	3015	2604	2912	1037	1210	1044
AT1G75200	2196	2170	2387	1972	2154	1705
AT1G31660	2860	2742	2582	1956	1928	1705
AT5G18130	55	61	53	587	608	468
AT2G20560	207	135	228	486	598	420
AT1G67785	1255	1332	1356	1182	1281	1105
AT5G15020	1739	1339	1505	2141	1852	1611
AT1G33050	1731	948	1057	2997	2194	2942
AT1G51730	2074	1944	1849	1974	2048	1679
AT3G14180	1617	1560	1610	2170	2117	1638
AT1G29370	1662	1555	1541	2316	2087	1802
AT1G80530	2504	2497	2552	2202	2292	1961
AT5G43010	2454	2302	2353	1757	1806	1382
AT3G10530	2747	2400	2440	2246	2152	1699
AT3G48430	2684	2246	2577	2322	2193	1880
AT5G64070	1834	1220	1390	2076	1718	1785
AT4G01037	2095	1901	1859	2435	2392	1981
AT4G39280	2401	2348	2325	1877	1799	1645
AT1G23860	2110	2112	2081	2199	2140	1981
AT3G59040	1825	1680	1738	1991	2104	1657
AT2G37080	1936	1876	1804	2207	2189	1908
AT1G21720	2065	2027	1996	1662	1655	1397
AT1G55090	1312	1153	1252	1800	1741	1590
AT4G32260	945	867	831	1569	1504	1382
AT4G10040	1142	1234	1321	1037	1106	849
AT1G70580	269	225	241	838	738	713
AT4G39330	1291	1373	1281	467	554	470
AT1G27435	1810	2099	1812	1621	1966	1462
AT3G04740	1682	1456	1625	2142	2202	1603
AT1G54580	1347	1397	1388	1027	1094	928
AT1G55360	1371	1323	1520	1330	1394	1215
AT5G39410	985	967	1010	1481	1551	1231
AT2G34710	2007	1342	1371	2225	1903	2059
AT2G03440	831	1046	929	1965	2090	1676
AT5G66170	1466	1324	1274	868	930	770
AT4G30220	2130	2191	2194	1768	1775	1514
AT5G49980	1848	1713	1736	2105	2177	1613
AT1G13080	2312	2035	2477	776	764	717
AT1G07210	2025	2110	2138	1896	1852	1495
AT1G75630	1121	1157	1165	1390	1678	1265
AT1G80600	1258	1313	1321	1226	1290	1010
AT4G03020	1266	1081	1135	1934	1977	1596
AT2G46560	2160	1333	1465	2234	1780	1935
AT3G55400	2064	1921	1855	1932	1844	1653
AT2G36910	2042	1847	2074	1918	1961	1452
AT4G00570	1375	1271	1255	1447	1377	1088
AT3G25150	1540	1377	1426	1727	1778	1622
AT1G22360	1910	1831	2138	1120	1164	919
AT2G20230	929	923	1101	1752	2005	1681
AT1G02305	1177	1183	1250	1860	2131	1871
AT3G27870	1087	804	920	1586	1246	1298
AT3G14390	2316	2183	2093	1527	1478	1328
AT2G13370	2256	1315	1583	2217	1812	1854
10/31/60	1916	1855	1729	1514	1652	1256
AT2G42600	1464	1497	1375	1397	1434	1165
AT5G26600	1364	1135	1331	967	1023	833
AT4G39730	805	954	1074	1247	1375	1132
AT1G23280	2508	2280	2300	1942	2024	1581
AT2G36070	2385	2017	2167	1794	1816	1599
AT5G57260	220	165	213	986	911	850
AT5G43060	1140	1033	1344	197	212	176
AT4G11110	1682	1379	1494	2183	1976	1650
AT1G26830	1447	1418	1460	1793	1778	1377
AT2G42880	1497	1223	1294	1534	1564	1292
AT5G12310	688	693	721	1202	1277	1011
AT3G49080	2226	2225	2084	1599	1798	1455
AT4G26900	2222	1992	2086	1705	1642	1555
AT2G45790	962	962	933	687	803	684
AT5G44180	2275	1652	1793	2398	1987	1966
AT3G56310	924	840	939	1340	1538	1290
AT5G12250	903	890	1032	965	1022	806
AT2G38310	2425	2464	2540	1517	1730	1368
AT5G48810	1089	1159	1203	1520	1758	1428
AT5G03660	1591	1441	1439	1899	2007	1551
AT4G39960	2249	1948	1878	1966	2060	1717
AT1G70620	2428	1051	1224	1864	1144	1746
AT5G65360	919	1020	1016	797	905	728
AT5G45140	2809	1823	2150	2299	1893	1939
AT1G08410	2339	2289	2262	2230	2290	1900
AT1G43190	1988	1747	1807	1795	1765	1480
AT3G61140	1990	1881	2027	1972	1856	1360
AT2G18220	2764	2148	2327	2233	2012	1798
AT4G22010	99	101	135	114	160	141
AT1G65660	1317	1233	1245	2131	1962	1659
AT4G09040	1520	1472	1348	1521	1483	1205
AT2G38270	1206	1272	1194	1604	1785	1378
AT4G14300	1512	1446	1409	1437	1580	1266
AT1G27000	1552	1443	1563	1460	1460	1259
AT2G05990	1450	1397	1433	948	1101	895
AT1G67350	1418	1509	1461	1082	1246	1034
AT3G13570	1955	1759	1756	1908	1817	1637
AT4G26700	1089	730	774	2224	1974	1904
AT3G09350	1045	890	1020	1110	1174	979
AT3G42790	1494	1468	1472	1637	1761	1448
AT1G48660	1678	1482	1483	1902	1844	1575
AT1G71260	1846	1686	1767	2209	2312	1915
AT5G20660	1253	1133	1284	1881	1945	1691
AT4G39420	2096	1395	1733	2424	2255	1854
AT2G45560	807	879	790	1961	2023	1589
AT5G66420	951	854	842	1542	1493	1264
AT5G18900	1354	1304	1480	1565	1755	1555
AT1G76300	2110	2219	2008	2257	2490	2115
AT5G35680	1931	1960	2079	1722	1908	1387
AT5G12410	1831	1747	1886	1884	1816	1528
AT2G47840	1617	1713	1574	1736	1875	1430
AT3G59670	2694	2664	2669	2263	2440	1992
AT3G09770	1313	1277	1255	1842	1967	1562
AT1G14570	1407	1190	1222	1604	1679	1439
AT4G15560	1924	1739	1676	1071	1069	932
AT3G01340	1482	1492	1455	1601	1713	1416
AT5G08040	1672	1904	1821	1735	1775	1474
AT1G78420	1483	1283	1361	1854	1889	1550
AT1G13320	1762	1667	1699	1822	1830	1561
AT5G50600	13	6	8	281	143	445
AT1G17530	891	1008	949	1297	1357	1062
AT3G63170	851	938	924	1374	1431	1102
AT1G76400	1719	1578	1735	1642	1556	1405
AT4G12340	1224	1320	1266	1651	1794	1439
AT5G49940	826	816	804	1315	1505	1202
AT4G37590	2218	1807	2065	1602	1920	1460
AT1G29350	1695	1426	1614	2210	1991	1595
AT1G68590	1480	1609	1405	1429	1495	1161
AT4G38100	2178	2077	2048	2021	2011	1753
AT5G24740	2546	1272	1742	2167	1531	1891
AT2G46230	1977	1800	1883	1789	1687	1727
AT5G64030	1457	1188	1367	1560	1643	1424
AT2G17250	2538	2249	2262	1995	1982	1723
AT3G04600	2226	2083	2206	1808	1797	1615
AT5G27520	1779	1694	1850	1373	1473	1322
AT5G48580	1009	1104	1131	1035	1192	913
AT3G52250	1872	1424	1734	2293	2254	1682
AT4G29130	1588	1571	1662	1056	1083	948
AT1G71730	1412	1434	1364	1731	1992	1406
AT3G20500	1278	1212	1484	2560	2733	2087
AT2G02710	901	646	770	1181	1023	967
AT1G20440	2597	2612	2764	1262	1419	1176
AT4G01450	3858	3364	3609	1379	1490	1434
AT4G23650	1270	1165	1228	874	979	752
AT5G43830	1652	1706	1595	640	759	619
AT4G28260	1321	1116	1082	1926	1941	1655
AT1G15250	2288	2397	2310	2127	2174	1857
AT4G38580	1599	1705	1628	2366	2572	2117
AT4G30720	1606	1190	1300	1768	1676	1640
AT1G09100	2024	1974	2091	2165	1995	1789
AT3G52200	1758	1447	1517	1588	1550	1310
AT5G58090	1572	1559	1606	1892	2199	1657
AT4G04770	1275	1192	1250	1115	1148	898
AT1G45332	2253	1930	2100	2032	2094	1833
AT3G05545	1552	1486	1485	1794	1988	1440
AT1G55350	2563	1472	1887	2102	1775	1947
AT5G57020	1688	1797	1736	1673	1864	1374
AT3G47650	1014	1062	911	1245	1523	1215
AT1G11750	1429	1421	1312	1549	1583	1452
AT2G42750	237	179	153	348	310	406
AT4G14900	1051	1048	983	1286	1301	1099
AT4G21860	659	710	653	1059	1079	890
AT5G61960	2110	1616	1700	1749	1723	1489
AT1G07590	599	645	679	1346	1493	1155
AT5G56150	697	660	645	1182	1260	1011
AT3G06650	1826	1680	1655	1723	1534	1430
AT5G64960	2213	1893	1943	1928	1886	1628
AT4G37460	1825	1137	1236	1756	1477	1491
AT2G21330	1436	1611	1483	1948	2078	1620
AT5G36210	1397	1292	1285	1938	1793	1582
AT3G18820	980	1008	1102	1294	1253	1116
AT2G28900	333	350	354	334	353	292
AT3G24503	676	607	602	1310	1148	990
AT2G39870	2743	2428	2432	3056	3276	2636
AT2G28450	2034	1548	1858	2338	2112	1906
AT4G20400	1914	1565	1790	2104	1978	1675
AT4G16180	1490	1177	1448	2056	2048	1878
AT2G44650	1485	1436	1420	1302	1358	1101
AT3G27770	575	491	521	1719	1715	1628
AT4G24620	1658	1519	1595	1451	1442	1180
AT5G55280	1943	1963	1810	1678	1789	1536
AT1G33490	1135	1125	1114	1767	1858	1551
AT5G60220	223	240	221	1268	1390	997
AT1G08880	1528	1559	1478	1497	1746	1464
AT2G36080	1378	1404	1167	1497	1648	1475
AT3G57550	1630	1490	1523	1609	1565	1394
AT3G08650	1631	1515	1666	1848	2054	1591
AT1G03080	1408	1088	1260	1529	1301	1111
AT3G05290	1366	1258	1309	1785	1857	1563
AT5G60170	1962	1317	1461	1696	1531	1537
AT1G49340	1927	1246	1456	1378	1266	1265
AT5G25280	1091	996	943	888	1037	781
AT5G38830	2115	2086	2154	1810	1749	1507
AT5G10920	2086	1997	2003	1569	1603	1293
AT2G34630	1387	1287	1417	1566	1503	1288
AT4G31810	2354	2269	2250	1599	1698	1494
AT5G37130	2009	1329	1557	1835	1598	1676
AT1G43690	1938	1775	1796	1720	1742	1551
AT1G16890	1637	1589	1532	1733	1793	1491
AT3G29180	1362	1217	1172	2140	2221	1965
AT2G27040	2455	1872	1781	1799	1701	1727
AT1G61730	2161	2215	2050	1644	1602	1369
AT4G26670	1817	1906	1764	1969	2023	1705
AT2G44050	1802	1874	1791	1473	1731	1262
AT5G58100	1714	1179	1431	1771	1591	1631
AT3G57870	1972	1982	1878	1565	1718	1421
AT1G80790	1816	1626	1671	1899	1877	1668
AT4G32850	1834	1269	1372	1913	1728	1817
AT5G65470	476	413	456	1060	1044	894
11/8/01	2503	1259	1583	1833	1321	1593
AT1G80940	2072	1725	1745	1755	1741	1621
AT4G00740	1364	1381	1529	1727	1803	1487
AT3G27280	2132	2258	2064	1861	1926	1610
AT1G02920	277	640	447	3084	3704	2667
AT3G06040	1764	1801	1785	1571	1736	1410
AT4G04910	1424	1210	1247	1950	1883	1529
AT1G77300	2001	1377	1615	2225	1888	1766
AT1G06400	1064	1169	1153	1492	1567	1290
AT4G05410	2493	2359	2285	1895	1852	1587
AT1G65720	746	725	840	1671	1720	1313
AT1G28420	1950	1462	1593	2279	1839	1692
AT3G13940	2147	2236	2119	2012	2161	1663
AT2G01100	1567	1056	1186	1496	1317	1400
AT1G75750	6	6	4	8	4	0
AT5G25270	1723	1203	1321	1975	1722	1693
AT2G13540	2310	1923	2034	1840	1519	1507
AT1G73960	2079	1365	1515	1930	1698	1681
AT1G76140	1698	1472	1512	1768	1776	1425
AT5G08590	1274	1162	1184	1518	1408	1185
AT5G05060	1829	1831	1696	2092	2334	1789
AT5G61970	1907	1696	1733	1608	1828	1451
AT5G16300	1746	1400	1402	1651	1566	1393
AT2G16570	2142	2115	2213	2388	2381	1886
AT4G16340	1668	1312	1432	1492	1399	1204
AT5G55390	1968	1373	1637	2183	1788	1831
AT3G62900	1813	1160	1521	2151	1790	1715
AT2G23320	538	522	556	1513	1629	1234
AT4G26780	2249	2151	2268	1942	2191	1733
AT5G52520	1582	1409	1355	1451	1495	1286
AT3G49680	1909	1672	1741	1145	1084	1027
AT5G09880	2559	1300	1336	1739	1242	1836
AT3G49470	2132	2282	2227	1784	1908	1529
AT3G03780	249	251	222	235	231	217
AT3G52560	1533	1554	1443	1649	1799	1370
AT4G22330	1491	1548	1621	1846	2113	1552
AT3G61130	1519	1365	1596	1460	1637	1315
AT4G32620	1992	1658	1899	2052	2233	1726
AT1G12770	1714	1651	1669	1944	2052	1523
AT2G25730	2260	1306	1577	2319	1875	2050
AT2G47000	1363	1129	1508	1412	1354	1194
AT4G11140	2619	3088	2707	2804	3117	2449
AT4G00620	2067	2205	2146	2145	2169	1682
AT1G71980	1667	1642	1609	2722	2875	2300
AT4G23850	1118	906	1082	1278	1189	1078
AT1G07790	1719	2101	1959	1652	1712	1384
AT2G14170	1671	1301	1367	2020	2055	1719
AT2G16800	1418	1428	1363	1661	1740	1352
AT4G01690	1462	1361	1465	1655	1688	1465
AT2G15290	1370	1462	1481	1616	1656	1334
AT3G49720	1111	1101	1157	1180	1430	1197
AT3G07810	1098	1061	1109	1178	1261	915
AT3G21540	2634	2090	2130	2055	1829	1610
AT1G63810	2784	2075	2170	2155	1794	1793
AT3G08510	1691	1387	1455	2214	2065	1736
AT2G19800	896	774	726	1453	1552	1280
10/31/95	2003	2079	1848	2490	2692	2120
AT1G54490	1985	1528	1605	1855	1693	1640
AT2G26780	2143	1316	1761	1949	1486	1477
AT5G67630	1792	1740	1809	1952	2084	1572
AT5G05100	1316	1186	1298	1942	1970	1718
AT1G80230	1270	1466	1458	1316	1369	1079
AT5G25757	2030	2071	1985	1761	1973	1467
AT1G28350	1975	1527	1555	1671	1572	1356
AT3G14010	1563	1150	1246	1625	1451	1437
AT2G43820	495	384	494	779	708	598
AT4G27010	3243	2167	2480	2544	2127	2021
AT5G28300	1535	1574	1540	1912	1815	1493
AT1G65260	1074	932	977	1674	1547	1329
AT2G32070	1944	2031	1844	1854	1931	1632
AT5G49930	1531	1131	1378	1834	1587	1344
AT3G53730	891	1102	1035	988	1063	864
AT5G21940	1222	1098	1196	1992	2225	1768
AT3G01160	2420	2158	2182	2014	1868	1621
AT4G27600	1403	1369	1294	1840	1836	1528
AT3G07565	743	761	844	1187	1187	956
AT2G34300	365	365	429	612	653	495
AT1G71960	941	1014	944	998	1136	884
AT1G09200	413	497	496	624	640	566
AT5G49700	1916	2073	1800	2108	2190	1633
AT4G38440	1868	1488	1604	2226	2066	1900
AT5G27760	1263	1295	1286	1351	1449	1236
AT5G11450	1224	1247	1103	1527	1547	1320
AT1G04660	295	279	352	692	771	668
AT5G23890	773	616	684	1013	921	937
AT3G13290	1702	1441	1432	1798	1591	1455
AT3G53580	1714	1487	1474	1505	1541	1282
AT2G45140	1357	1320	1311	1533	1631	1259
AT2G05790	1011	979	1051	1096	1181	952
AT4G23940	1720	1397	1444	1565	1450	1253
AT3G15980	1516	1060	1268	1114	1010	1002
AT3G02050	1806	1645	1777	1694	1869	1648
AT5G54940	1126	1119	1269	1452	1457	1293
AT5G53860	1624	1433	1445	1622	1841	1519
AT5G15960	0	2	0	2	1	4
AT3G51140	1442	1458	1415	1796	2016	1470
AT5G09770	2146	2371	2079	1873	1957	1684
AT5G64290	1494	1480	1559	1593	1766	1273
AT3G57940	2749	2159	2261	2250	2088	1839
AT5G49510	1913	1929	1761	1944	2012	1639
AT4G19006	1957	1986	2023	1560	1646	1304
AT1G01820	1102	1042	989	1616	1659	1424
AT5G05520	1835	1852	1765	1696	1840	1501
AT2G40890	769	709	845	1274	1461	1102
AT4G14800	1772	1936	2112	1514	1568	1277
AT4G24270	1906	1732	1781	2283	2045	1866
AT5G60920	942	957	964	1510	1730	1327
AT5G10350	1575	1497	1462	1561	1724	1489
AT5G56000	1685	1757	1731	1721	1720	1340
AT1G30470	2023	1588	1571	1771	1659	1559
AT5G58720	1083	853	796	1520	1323	1343
AT5G08160	1212	1206	1251	1046	1172	920
AT3G01910	1217	1086	1105	1384	1352	1222
AT3G60860	1333	1096	1203	1576	1556	1251
AT5G06970	1576	1278	1279	1420	1377	1332
AT5G06130	859	768	758	1316	1386	1202
AT5G50320	1484	1524	1472	1791	1856	1508
AT1G23780	1059	1057	1083	1420	1524	1165
AT5G23535	1901	2075	1926	1552	1692	1437
AT2G35780	1384	1237	1363	1629	1633	1452
AT5G60540	1203	1131	1188	1619	1535	1401
AT2G37050	2051	1591	1920	2463	2275	2035
AT1G73220	2760	2732	2785	509	582	518
AT4G16520	910	814	899	1362	1392	1228
AT5G66120	1642	1494	1679	1587	1594	1242
AT1G05960	1331	1015	1131	1571	1354	1352
AT4G34430	1729	1567	1619	1851	1872	1495
AT2G38120	1698	1558	1756	1927	2287	1828
AT4G16360	1289	1316	1198	1549	1723	1422
AT2G28600	2010	1868	1951	2089	2042	1741
AT3G02420	1498	1466	1545	1441	1511	1232
AT3G18420	1429	1526	1526	1633	1869	1443
AT5G18800	1268	1341	1435	1097	1200	974
AT5G57330	1278	1262	1280	1192	1302	1117
AT2G45240	2181	1901	1920	1894	1823	1591
AT1G48990	497	508	490	1308	1391	1137
AT3G20210	1908	1614	1992	433	480	406
AT3G25220	1340	1445	1590	1356	1503	1250
AT1G05520	1537	1331	1339	1413	1336	1195
AT3G01320	2143	1395	1454	2254	1848	1857
AT3G21865	968	945	1022	958	1109	881
AT1G03530	2338	2207	2268	2091	2046	1756
AT2G04690	414	301	329	822	807	780
AT1G27430	1430	1068	1224	1695	1379	1299
AT1G76670	1042	979	1119	1074	1303	1020
AT1G20920	2064	1462	1590	1837	1413	1482
AT3G33530	1652	998	1100	1938	1537	1566
AT2G45810	1989	1751	1730	1813	1787	1479
AT3G14420	1541	1494	1475	1910	2047	1579
AT3G55360	1115	1095	1062	1096	1225	952
AT3G17090	1351	1294	1242	1396	1518	1236
AT5G20080	1209	1264	1178	1014	1205	917
AT3G15580	609	551	623	1055	1191	1042
AT2G01270	1299	1212	1230	1925	2113	1697
AT3G14290	1730	1754	1794	1545	1514	1314
AT5G42850	990	1053	1028	1370	1536	1221
AT1G78070	425	430	359	901	849	798
AT1G16840	752	649	746	996	1115	991
AT5G42740	1186	1017	1160	1344	1187	1047
AT5G58870	1680	1381	1443	2013	1842	1716
AT2G25870	1954	1803	1777	1393	1403	1367
AT1G01170	739	644	643	1241	1425	1070
AT2G46370	1278	1308	1346	1958	1976	1537
AT1G22190	291	291	272	597	712	597
AT5G15980	1955	1950	2034	1872	1877	1427
AT5G20570	1405	1685	1610	1541	1639	1362
AT3G61860	1803	1465	1485	1473	1502	1477
AT5G14640	2695	2424	2486	1734	1824	1554
AT1G49475	2485	2403	2561	2257	2548	2005
AT5G62050	1730	1496	1633	1736	1656	1393
AT2G34740	31	32	34	459	370	320
AT3G51010	1488	1675	1586	1522	1678	1290
AT3G27260	1804	1282	1302	1733	1689	1464
AT3G07630	1981	1717	1662	1658	1649	1423
AT4G07825	1336	1275	1136	2319	2379	1860
AT5G43130	2078	1676	1684	1854	1780	1539
AT5G18400	1517	1623	1486	1762	1919	1577
AT1G59990	2186	1748	1993	1904	2026	1675
AT1G70490	1426	1337	1395	1102	1251	982
AT2G35240	1891	1838	1821	1621	1658	1332
AT1G02870	2035	2140	2081	1841	2061	1686
AT5G63050	1265	1310	1267	1817	1935	1465
AT5G25060	1829	1440	1626	1986	1760	1554
AT3G56490	2256	2331	2201	1587	1809	1339
AT5G03040	1834	1807	1803	1655	1705	1335
AT1G73490	2095	1912	1770	1602	1419	1392
AT2G25110	2648	2395	2678	838	1011	924
AT1G17110	1875	1391	1596	1599	1468	1366
AT2G22720	1669	1357	1414	1480	1325	1297
AT5G47750	1649	1715	1606	1902	2195	1614
AT4G16250	790	672	756	1520	1457	1278
AT4G25080	1237	1297	1112	1740	1810	1570
AT1G75540	1211	1087	1114	1429	1471	1153
AT1G15420	2154	1957	2058	1854	1813	1517
AT5G43560	1639	1230	1369	1836	1642	1527
AT5G47200	1175	1291	1197	1091	1140	935
AT5G56630	1602	1636	1472	1254	1327	1116
AT1G67810	980	967	938	1198	1311	869
AT1G03140	1237	1261	1232	1738	1860	1499
AT2G18710	989	795	903	1347	1463	1169
AT4G32330	1218	1082	1129	1294	1279	1090
AT2G27030	1369	1452	1395	1180	1386	1058
AT5G27720	1250	1162	1252	1610	1590	1316
AT4G32130	1319	1256	1335	1502	1681	1418
AT3G28920	1357	1507	1387	1793	1800	1482
AT5G10840	1177	981	1150	1015	1128	931
AT4G39040	1358	1275	1279	1489	1630	1315
AT5G16660	868	963	928	1519	1615	1351
AT2G30800	1352	1100	1192	1848	1692	1385
AT5G35430	1797	1815	1834	1728	1771	1317
AT1G17130	1382	1279	1423	1524	1518	1393
AT2G21250	1202	1213	1203	941	1102	822
AT5G47550	988	923	1166	941	965	820
AT1G61620	1097	1140	1139	1819	1800	1474
AT3G57300	1762	1131	1337	1960	1597	1553
AT2G34470	782	801	770	1247	1293	1150
AT5G51830	778	713	762	1093	1067	853
AT1G50600	932	916	954	1424	1396	1044
AT4G36980	2232	989	1184	1606	1017	1516
AT3G18165	1650	1710	1689	1657	1948	1535
AT5G59570	1010	905	928	1571	1842	1416
AT3G06730	1651	1732	1638	1759	1809	1449
AT1G32490	1985	1478	1769	1820	1526	1543
AT4G25880	2226	1762	1891	1975	1897	1625
AT5G47320	1875	1814	1905	1457	1504	1256
AT2G34970	1664	1778	1800	1742	1843	1486
AT5G51280	1140	1185	1162	1666	1564	1313
AT1G55325	1997	1475	1772	2028	1717	1671
AT4G25100	256	224	265	216	210	236
AT2G43710	788	801	798	664	676	558
AT4G30930	1836	1887	1845	1587	1760	1472
AT5G67130	1691	1629	1629	1846	1905	1736
AT1G50640	1538	1550	1486	1539	1585	1247
AT2G16860	1589	1675	1556	1621	1746	1495
AT3G15850	1013	958	981	1214	1242	988
AT3G61600	1032	1088	997	1543	1511	1201
AT1G21590	1660	1343	1482	2085	2132	1842
AT4G24290	1349	1054	1105	1663	1630	1386
AT5G20600	2072	2048	1953	1731	1856	1402
AT1G33240	2335	2026	1969	1395	1539	1389
AT5G17630	2024	2084	1987	1902	2239	1569
AT1G65650	1616	1592	1529	1603	1729	1386
AT5G46630	1396	1225	1282	1449	1384	1289
AT5G65700	1434	1321	1533	1443	1470	1174
AT4G12590	1215	1242	1409	1480	1532	1362
AT1G72390	1839	1507	1654	1901	1861	1536
AT3G48110	1948	1101	1389	1419	1052	1352
AT5G56350	1686	1865	1893	1578	1596	1129
AT5G05080	862	944	850	1414	1390	1240
AT4G30935	1014	1014	1034	1581	1581	1218
AT1G13730	2076	2097	2054	1577	1560	1358
AT2G47070	1438	1311	1289	1959	1893	1585
AT3G28715	969	940	1017	1254	1401	1147
AT2G20610	2148	2077	2215	991	1110	932
AT5G42220	1625	1392	1464	1647	1555	1597
AT5G41950	1240	1188	1255	1362	1403	1182
AT2G16510	1375	1462	1652	1207	1369	1106
AT5G61230	1545	1603	1451	1622	1756	1406
AT1G46768	163	176	173	514	516	350
AT3G59770	1390	1022	1103	1771	1441	1331
AT1G33520	1296	1147	1183	2308	1981	1690
AT5G67380	1248	938	1022	1638	1673	1510
AT5G62790	969	790	787	1155	1131	1058
AT1G30070	1135	1142	1234	1279	1429	1078
AT4G26000	1696	1644	1673	1708	1855	1487
AT5G41700	517	504	512	885	936	794
AT4G21100	2076	1576	1744	1877	1638	1457
AT1G15940	1662	1469	1575	1949	1822	1548
AT4G00585	1215	1335	1305	1156	1339	1110
AT1G25380	1931	1691	1627	1696	1693	1526
AT3G19930	755	698	867	1267	1268	1069
AT5G03560	1118	1049	1060	1952	2019	1520
AT3G15660	1764	1765	1655	1497	1704	1339
AT3G50060	964	921	991	736	893	689
AT5G56240	1528	1485	1473	1842	1934	1448
AT2G06520	707	884	687	868	1019	821
AT5G45360	1085	1036	1209	1585	1703	1375
AT4G19880	902	901	887	1352	1468	1190
AT5G11580	1269	1033	1076	1392	1313	1291
AT2G46140	1099	1165	1187	1168	1309	1066
AT1G76150	1158	1190	1108	1260	1404	1202
AT1G27510	1368	1234	1190	1804	1714	1500
AT5G16680	1515	1247	1438	2066	1885	1658
AT5G45920	2009	1789	1713	1817	1733	1755
AT1G73180	1824	1550	1598	1523	1462	1271
AT1G03060	1675	1186	1440	1813	1601	1399
AT1G65030	2417	2337	2282	1769	1756	1553
AT2G17560	1322	1352	1368	945	1100	916
AT2G25430	1315	1311	1310	1304	1408	1062
AT1G31817	1756	1837	1859	1423	1630	1250
AT4G25500	1599	1366	1401	1381	1509	1315
AT1G09010	1295	1059	1125	1557	1507	1363
AT3G47890	1714	1254	1324	2189	1858	1817
AT2G20190	1963	1356	1523	1489	1262	1246
AT1G66150	1575	1539	1866	1361	1431	1209
AT2G39580	1965	1031	1311	1979	1477	1753
AT5G37830	1498	1332	1448	1642	1541	1194
AT3G03150	170	201	238	756	769	604
AT2G27170	1903	1344	1492	2105	1885	1723
AT1G72750	1644	1743	1610	1375	1558	1186
AT2G15000	2109	2262	2159	1680	1872	1576
AT5G18190	1346	997	1109	1328	1201	1146
AT5G08620	2225	1939	2014	1974	2073	1741
AT2G29020	1028	1081	979	1557	1593	1339
AT3G07680	1273	1267	1510	1239	1330	1072
AT3G12570	1287	1244	1251	2020	2102	1682
AT1G58235	503	425	402	1645	1746	1462
AT5G23450	1362	1143	1194	1569	1539	1348
AT4G28910	1283	1167	1113	1316	1417	1161
AT1G28580	2049	1703	1946	671	788	727
AT1G30590	2066	1310	1416	1705	1410	1482
AT1G42470	1802	1138	1377	2585	2087	2377
AT3G10270	1993	1724	1826	1959	1869	1588
AT2G37860	1670	1412	1406	1470	1506	1401
AT2G23310	1292	1210	1197	1602	1744	1437
AT4G30160	1939	1425	1573	1730	1711	1433
AT5G32440	1010	951	951	1524	1567	1445
AT1G04920	878	656	724	1367	1217	1067
AT4G28390	512	553	523	1029	1020	842
AT3G62130	1424	1434	1332	1805	1875	1449
AT1G68020	650	619	638	1384	1394	1226
AT3G02450	1472	1266	1315	1466	1652	1332
AT3G11070	1640	1762	1697	1534	1696	1270
AT3G48780	1103	993	1060	1782	1729	1603
AT5G44790	700	602	726	1736	1591	1370
AT4G15630	388	353	503	904	1108	913
AT1G71410	1131	906	1016	1673	1543	1509
AT5G51120	1833	1715	1729	1455	1549	1364
AT2G35510	1453	1072	1101	2042	1845	1801
AT4G19490	1546	1087	1131	1426	1284	1245
AT5G22330	1863	1695	1684	1879	1806	1591
AT1G44810	1606	1773	1604	2015	2027	1600
AT2G02760	1064	905	971	1732	1910	1491
AT5G53540	1692	1595	1674	1378	1486	1188
AT1G77670	1684	1802	1667	1507	1664	1152
AT3G56990	2319	1898	1979	1809	1814	1598
AT4G34910	1988	1720	1837	2076	2018	1810
AT2G40490	1230	1152	1122	1447	1440	1201
AT1G30680	2341	1764	1822	1603	1466	1342
AT4G18240	1826	1335	1649	2107	1825	1754
AT4G28760	1232	1116	1057	1580	1516	1217
AT1G27320	1392	1069	1236	1915	1815	1626
AT1G32210	1073	1149	1064	1012	1245	943
AT5G19450	1550	1325	1420	1818	1672	1595
AT1G10270	2148	2171	2044	2095	2099	1600
AT5G43320	1391	1190	1131	1334	1319	1181
AT2G19870	1802	1686	1717	1610	1667	1298
AT4G35080	1711	1670	1557	1444	1604	1202
AT5G63370	1970	1512	1887	1887	1654	1585
AT1G45145	199	256	224	1249	1194	960
AT2G25320	1534	1272	1377	1704	1712	1310
AT4G34490	1013	1008	1047	1097	1086	825
AT2G04630	1782	1799	1643	1594	1811	1463
AT2G01340	635	627	658	1382	1352	1162
AT3G22290	1177	1081	1141	1761	1731	1554
AT2G44710	1621	1197	1392	1524	1333	1385
AT5G60460	620	678	600	1191	1332	960
AT1G09795	893	844	853	1432	1380	1235
novel.171	1282	1141	1201	1724	1654	1389
AT1G56660	406	423	378	1248	1308	1160
AT5G01400	2051	1361	1558	1782	1484	1526
AT3G13790	790	579	831	1448	1550	1281
AT3G07790	1068	1197	1274	1518	1612	1216
AT5G18620	1192	940	1021	1046	995	899
AT4G32650	975	869	1009	2188	2285	1970
AT1G16870	1792	1691	1623	1437	1365	1177
AT1G29850	1605	1517	1501	1521	1640	1351
AT5G59870	523	582	563	535	630	475
AT4G36800	1239	1157	1227	1343	1407	1095
AT1G54920	906	677	706	1320	1220	1263
AT1G10630	820	777	768	710	837	557
AT3G27570	1409	1293	1491	1388	1392	1120
AT4G11560	1265	1052	1100	1484	1358	1277
AT3G28740	91	84	82	539	591	501
AT1G06700	1312	1093	1128	1645	1578	1493
AT3G14860	1665	1466	1564	1805	1865	1503
AT1G79650	1548	1420	1431	1436	1430	1281
AT5G47890	1010	1254	1233	1045	1251	930
AT5G19860	578	597	633	1122	1208	876
AT5G14250	1677	1638	1676	1725	1697	1456
AT5G07830	792	594	638	1464	1415	1239
AT2G05830	1610	1445	1389	1827	1786	1562
AT4G27780	490	400	502	801	766	671
AT4G33650	1902	1521	1690	1674	1669	1460
AT5G37370	1732	1410	1349	1708	1495	1527
AT3G01780	1322	1079	1166	1173	1081	902
AT2G29960	848	787	963	1052	1235	996
AT5G23300	2018	1895	1938	1628	1785	1359
AT3G20920	1079	1093	1110	1320	1535	1201
AT1G33040	1544	1743	1604	1080	1260	999
AT4G32420	1919	1426	1516	1702	1575	1440
AT5G12140	427	506	521	711	808	566
AT1G17650	1233	1024	1029	1237	1239	1191
AT1G05380	1338	1093	1104	1706	1544	1417
AT1G77710	967	1019	1001	1019	1023	933
AT5G60160	1402	1212	1305	1369	1449	1170
AT4G18130	1197	852	997	1459	1285	1139
AT3G19100	800	594	693	777	721	651
AT4G34980	1562	1652	1696	2376	2806	2186
AT3G22170	1860	1438	1551	1783	1715	1475
AT4G26210	1649	1803	1730	1227	1519	1145
AT4G32400	1909	1914	1920	1667	1763	1555
AT2G36720	1746	1086	1261	1845	1504	1577
AT3G54350	1634	1351	1369	1639	1563	1385
AT5G19290	1517	1535	1556	1510	1848	1516
AT1G06890	1233	1091	1209	1507	1509	1294
AT5G03630	406	435	430	341	352	270
AT2G26060	1210	1141	1086	1394	1338	1152
AT1G58250	1514	896	1102	1907	1473	1526
AT2G35790	1532	1687	1560	1667	1674	1338
AT5G44650	1527	1349	1423	1487	1512	1303
AT5G20090	1497	1480	1492	1462	1524	1291
AT3G63540	958	1102	990	1411	1645	1434
AT3G46010	1438	1442	1475	1438	1601	1209
AT5G14170	1585	1495	1552	1816	1770	1523
AT5G57930	1073	1023	951	1516	1575	1200
AT2G45710	1721	1912	1867	1735	1799	1389
AT3G12630	1103	1148	1097	1519	1846	1409
AT5G62680	1195	1229	1406	1468	1592	1271
AT5G22740	1251	1023	1272	2315	2421	2021
AT5G11900	1479	1631	1576	1474	1669	1391
AT5G10300	1307	1273	1437	1673	1646	1312
AT3G01460	1888	1415	1758	1888	1771	1435
AT5G57180	1258	1211	1145	1410	1557	1212
AT3G10040	2135	1824	2083	2562	2729	2310
AT1G71820	1422	1102	1172	1606	1490	1160
AT3G21200	1439	1402	1387	1577	1609	1241
AT3G54670	1603	1081	1285	1805	1518	1360
AT3G16190	626	592	564	1085	1161	1010
AT5G55310	1948	1252	1479	2091	1753	1730
AT5G61140	1776	1004	1233	1803	1327	1516
AT3G03310	322	244	278	1057	1022	803
AT2G04400	1695	1559	1701	1344	1389	1159
AT2G31810	1409	1199	1213	1841	1729	1550
AT3G61780	1773	1557	1601	2208	2218	1781
AT5G60890	2122	1787	1719	941	1118	999
AT5G20200	1618	1570	1657	1948	1737	1509
AT1G34190	1213	1213	1212	1648	1717	1319
AT5G20070	564	541	545	705	812	658
AT5G66580	278	294	316	522	609	420
AT5G39580	827	946	1021	2074	2207	1736
AT1G02090	1458	1534	1473	1428	1517	1318
AT1G26665	603	644	600	1149	1265	1057
AT3G15970	1055	1144	1092	1635	1816	1449
AT1G59890	1818	1391	1520	1674	1468	1315
AT4G39690	1608	1520	1637	1473	1539	1328
AT3G07090	1040	980	1085	1068	1150	904
AT5G65270	1809	1912	1890	1499	1658	1376
AT5G64940	665	467	489	545	551	542
AT1G56190	622	597	534	629	621	543
AT1G64390	1682	1354	1852	1840	2186	1810
AT5G53440	1506	1252	1446	1771	1628	1445
AT4G28360	1680	1614	1480	1090	1261	994
AT3G13882	1614	1836	1718	1365	1617	1253
AT1G05910	2055	1675	1817	1856	1853	1554
AT1G01550	1099	1046	1028	1412	1364	1141
AT1G71100	2390	2911	2498	1452	1745	1302
AT5G39510	872	772	791	1158	1122	987
AT2G27050	1552	1519	1589	1957	2003	1646
AT1G69460	1209	1069	1170	1166	1253	1067
AT3G25660	1317	1159	1104	1104	1038	998
AT5G04550	1629	1572	1518	2012	2311	1710
AT1G08510	1449	1330	1412	1509	1584	1264
AT1G48850	1309	1178	1222	1130	1186	989
AT2G46550	969	876	983	2023	1927	1785
AT1G18840	686	666	689	1024	1099	865
AT4G14615	928	1014	991	1346	1391	1143
AT2G40700	2011	1685	1849	1696	1556	1535
AT5G47680	1378	1360	1377	1669	1820	1478
AT5G50370	1479	1480	1529	1022	1139	1010
AT1G12064	1105	1227	1234	1878	2221	1715
AT5G03180	320	247	288	794	693	654
AT4G26370	1431	1285	1250	1520	1622	1408
AT1G74320	1579	1395	1344	1253	1262	1124
AT5G51940	1480	1519	1461	1567	1751	1404
AT1G70160	1145	1160	1152	1820	1866	1559
AT5G25630	2005	1429	1459	1814	1635	1516
AT5G48120	2525	2070	2129	1913	1658	1513
AT1G09960	1919	1787	1885	1590	1597	1521
AT2G14120	1861	1408	1509	1756	1530	1438
AT1G72050	1884	1462	1491	1672	1591	1677
AT2G04410	1281	1217	1220	1822	1954	1648
AT3G07030	1534	1436	1491	1780	1667	1328
AT5G20130	1254	1213	1133	1593	1724	1362
AT1G13190	1558	1518	1514	1601	1753	1351
AT5G60580	1721	1400	1519	1589	1426	1265
AT2G45520	1588	1837	1593	1454	1633	1354
AT3G60250	1335	1088	1101	1356	1489	1266
AT2G26670	1100	1109	1062	1653	1733	1288
AT1G51690	1390	1134	1251	1389	1387	1241
AT1G76860	1144	1183	1356	1454	1655	1383
AT5G48240	1906	1790	1726	1628	1645	1494
AT3G53670	1278	1215	1171	937	1094	790
AT2G39890	2507	2280	2210	1413	1500	1289
AT1G71950	459	495	500	977	1028	832
AT5G55940	1214	1385	1337	1311	1415	1234
AT5G61770	2186	2007	2146	1643	1762	1486
AT3G10450	871	670	879	1150	1066	924
AT5G02880	1411	800	1046	1871	1402	1590
AT5G01870	235	197	234	113	138	118
AT3G23820	880	666	959	705	919	741
AT1G74850	1520	1376	1414	1564	1669	1241
AT1G23310	1009	800	881	1962	1790	1533
AT1G04190	1721	1679	1779	1612	1592	1317
AT4G14130	572	580	506	668	723	626
AT1G19870	1294	1131	1154	1396	1570	1145
AT2G36990	1641	1488	1419	1626	1613	1422
AT5G14540	1297	1234	1338	1414	1560	1223
AT5G65260	1413	1294	1326	1402	1663	1357
AT2G15970	47	44	54	81	63	56
AT3G52220	1134	1156	1163	1115	1196	993
AT4G26450	1453	1209	1235	1600	1657	1314
AT1G30860	40	37	42	599	502	484
AT1G21460	1229	1151	1241	1890	1983	1558
AT4G24920	1595	1667	1694	606	695	600
AT2G01470	1222	1033	1074	1000	936	848
AT3G13440	1577	1406	1360	1552	1684	1397
AT5G02740	1622	1687	1619	1289	1405	1141
AT3G02650	1696	1590	1690	1391	1590	1200
AT5G01710	1587	1410	1485	1803	1985	1563
AT1G20330	766	827	829	904	968	750
AT3G12810	1977	1315	1605	1734	1472	1488
AT1G18450	1509	1247	1331	1619	1448	1470
AT2G36350	1008	985	969	1275	1288	969
AT5G62670	247	179	209	153	127	123
AT5G16150	1081	1008	1054	1728	1677	1337
AT3G09740	1074	953	965	1196	1321	1104
AT2G46260	819	761	798	1527	1471	1253
AT1G03470	239	199	216	540	505	480
AT2G17510	1821	1548	1600	2024	1776	1490
AT3G20540	1828	1478	1816	1856	1793	1456
AT1G62570	2220	1967	2241	445	475	461
AT3G47930	1533	1270	1384	1406	1324	1125
AT3G26380	925	898	978	1585	1651	1477
AT3G17850	1505	1146	1275	1460	1248	1257
AT5G15750	1965	2000	1973	1649	1775	1456
AT3G53180	258	263	293	927	898	736
AT1G71080	1217	1275	1251	1530	1682	1314
AT5G24350	1539	1015	1281	1719	1659	1460
AT1G43700	884	777	810	1493	1464	1246
AT5G45130	949	929	914	1203	1128	1047
AT4G32920	1398	1039	1108	1288	1101	1073
AT4G36850	1747	1392	1536	1957	1703	1822
AT5G03520	1525	1476	1589	1335	1465	1242
AT2G42710	1863	1843	1800	1552	1538	1315
AT1G65280	1281	1033	1052	1867	1777	1642
AT5G16110	871	798	761	1906	1956	1679
AT4G34860	791	752	783	1184	1221	923
AT2G39810	1831	1522	1571	1854	1661	1489
AT5G27330	2051	1872	2006	1524	1557	1054
AT5G14260	1094	889	983	1275	1160	1060
AT2G18740	1502	1670	1569	1562	1656	1382
AT3G04470	1253	1102	1144	1302	1316	1054
AT4G38200	1471	1097	1275	1341	1245	1104
AT2G30050	1190	1207	1159	1093	1171	903
AT5G58020	859	973	976	1024	1089	779
AT4G15550	2139	2056	2189	1591	1490	1281
AT3G23600	1073	944	1027	1182	1265	1087
AT5G12150	1238	976	915	1288	1284	1062
AT1G08130	1842	1537	1514	1554	1419	1325
AT2G32260	1191	1077	1044	1536	1627	1297
AT1G79730	1602	1274	1427	1514	1369	1325
AT3G15380	1595	1525	1482	1973	1953	1751
AT1G13020	1518	1408	1336	1213	1282	1055
AT4G04885	1784	1680	1621	1778	1853	1436
AT3G18230	1303	1273	1343	1634	1697	1279
AT5G11480	1324	1318	1309	1435	1588	1293
AT4G18440	2350	2158	2259	1673	1648	1392
AT1G31420	1217	1051	1082	1237	1352	1141
AT1G13360	235	275	288	850	960	721
AT3G26780	1320	1347	1270	1391	1397	1144
AT5G44240	1287	944	1201	1723	1518	1519
AT3G46590	1328	867	1036	1667	1460	1479
AT3G55770	930	869	866	1175	1256	1072
AT1G11475	1873	1968	1962	1913	1935	1575
AT4G21110	1264	1093	1258	1328	1282	1102
AT1G54630	1649	1716	1608	996	1064	855
AT5G53470	1017	951	965	1390	1462	1195
AT2G38440	1579	1218	1414	1730	1811	1470
AT2G27680	772	698	684	1210	1143	1061
AT3G55170	1887	1698	1745	1426	1513	1236
AT1G52560	59	76	110	186	210	187
AT3G57010	74	77	57	82	95	95
AT5G13530	1531	1046	1183	1955	1496	1494
AT5G27990	1600	1506	1506	1512	1502	1419
AT4G26650	994	919	1045	904	1022	839
AT1G27595	1881	1261	1444	1812	1500	1528
AT5G23140	1399	1372	1392	1339	1457	1044
AT2G14740	1119	934	1062	1602	1526	1458
AT1G11240	1346	1257	1266	1431	1538	1352
AT1G20010	834	928	888	511	510	448
AT4G19410	744	596	779	661	627	583
AT5G19740	1366	860	983	1570	1468	1527
AT1G55890	1455	1557	1517	1387	1521	1176
AT1G06390	1398	1210	1249	1571	1564	1353
AT1G30330	1755	1421	1532	1564	1591	1355
AT4G26570	969	854	824	1316	1358	1147
AT1G17580	1615	1050	1226	1591	1332	1372
AT3G43230	1043	1075	1041	1321	1385	1092
AT3G62810	1367	1592	1502	1179	1428	1108
AT3G03620	392	364	375	1370	1171	1087
AT1G80380	837	624	622	1612	1593	1467
AT3G51310	1067	892	895	1220	1096	996
AT5G66240	1327	1107	1093	1565	1634	1489
AT5G40580	1620	1594	1686	1281	1315	1118
AT4G09670	1275	1380	1287	1689	1783	1389
AT4G37930	1344	1019	1177	1502	1426	1218
AT2G39140	1604	1359	1298	1651	1786	1436
AT1G04860	1630	1438	1450	1755	1813	1411
AT1G32500	1481	1543	1464	1550	1730	1280
AT1G14060	2060	2018	2015	1493	1635	1130
AT2G46270	700	543	591	869	957	803
AT4G27680	1259	1159	1268	1404	1323	1254
AT2G02510	887	1013	1001	1096	1280	960
AT3G53710	1458	1363	1471	1403	1372	1179
AT1G04430	271	216	239	297	350	299
AT1G66070	1782	1789	1736	1597	1791	1366
AT5G23670	1098	958	1008	1502	1533	1251
AT2G19760	1027	995	1080	980	1077	895
AT3G53800	2662	2267	2145	1906	1951	1752
AT5G53850	1333	1016	1056	1239	1107	1062
AT1G48860	1282	1148	1137	1454	1385	1171
AT2G43330	1358	1167	1306	1486	1602	1424
AT3G56910	1120	1091	1090	1116	1311	1068
AT2G24270	944	917	896	251	240	235
AT3G06930	1867	1753	1865	1666	1612	1398
AT3G44100	399	429	423	920	892	762
AT3G48890	638	617	726	1098	1209	946
AT3G26580	388	300	303	821	788	739
AT2G25930	1499	1128	1128	1614	1348	1421
AT3G50740	121	106	142	684	671	481
AT5G51110	1056	1114	1024	1670	1727	1382
AT1G73840	1293	1316	1359	1723	1651	1467
AT5G45160	1284	1023	1128	1783	1621	1578
AT2G47450	1188	1260	1163	1348	1615	1186
AT5G59500	1545	1625	1546	1622	1695	1338
AT3G06430	1202	1195	1172	1721	1681	1273
AT5G13300	1557	1355	1285	1882	1793	1487
AT2G31670	844	959	886	1066	1151	918
AT5G20490	2091	1265	1667	1602	1280	1310
AT3G16110	1005	1031	1092	1811	1755	1547
AT5G11710	1645	1437	1491	1285	1278	1018
AT2G02180	535	437	459	1131	1100	987
AT1G28440	1497	1270	1637	1395	1328	1184
AT2G35635	1472	1649	1549	1419	1578	1310
AT5G38200	727	699	676	3257	3032	2621
AT5G54000	16	15	24	747	619	604
AT5G19750	1408	1439	1475	1131	1187	1069
AT1G77370	556	551	522	1185	1295	1012
AT1G04530	1045	895	945	1376	1309	1128
AT5G54580	1722	1991	1826	1786	2013	1603
AT1G49950	1267	1261	1161	1689	1720	1455
AT2G25140	1092	973	907	1494	1549	1236
AT4G22740	1183	1215	1146	1624	1564	1348
AT1G20260	703	652	640	589	623	573
AT5G04870	1086	956	1024	1117	1245	1037
AT1G31812	892	994	960	891	940	846
AT5G52580	912	777	829	1029	1045	937
AT2G44410	550	565	563	995	1057	780
AT3G10490	1480	1287	1329	1612	1564	1375
AT2G15490	736	666	739	728	770	533
AT1G24267	1749	1589	1680	1487	1514	1239
AT1G22200	1450	1312	1467	1544	1543	1391
AT5G04740	850	751	770	609	649	579
AT4G25050	1649	1676	1621	1226	1365	1129
AT3G18570	46	47	37	386	369	294
AT1G27150	1090	933	995	1403	1181	1153
AT4G33210	1279	901	1060	1558	1315	1283
AT5G12370	1480	989	1204	1566	1391	1314
AT5G12840	810	654	661	1005	959	864
AT3G56940	383	372	362	483	559	443
AT5G64130	813	759	821	1056	1093	909
AT4G22240	484	462	469	618	596	468
AT1G61890	1010	920	1047	1070	1229	1034
AT3G10670	1124	1009	1065	1444	1507	1250
AT1G53580	1734	1556	1717	1183	1160	1051
AT3G23570	1378	1320	1285	1437	1518	1180
AT3G63070	1640	1239	1268	1773	1421	1362
AT2G33830	45	70	63	1024	1062	860
AT5G67260	1224	1199	1020	1662	1766	1415
AT1G02110	1304	1059	1013	1689	1775	1472
AT3G06190	1095	1045	1022	1667	1633	1326
AT4G39880	1441	1696	1580	1043	1234	931
AT1G68720	1638	1280	1439	1724	1626	1292
AT3G03050	865	771	883	942	1030	796
AT1G17100	392	403	396	803	879	649
AT1G01240	288	240	245	1129	1077	943
AT2G25080	839	880	804	1165	1179	960
AT4G20130	1355	1265	1196	1433	1320	1244
AT2G29090	877	839	862	1737	1691	1405
AT5G23150	1694	1239	1358	1886	1655	1547
AT3G25890	1453	1464	1342	2460	2563	2013
AT3G56360	1366	1256	1264	1944	2107	1763
AT1G61580	2356	2181	2139	1234	1297	1160
AT2G32440	1206	960	1098	1540	1382	1348
AT3G08930	1061	979	978	1363	1319	1222
AT3G02600	1116	1004	1008	1268	1220	1074
AT1G07990	1339	1140	1155	1603	1510	1325
AT5G52440	965	860	878	1405	1395	1224
AT1G70980	1305	1201	1327	1462	1392	1198
AT5G03650	770	576	641	631	682	511
AT1G49140	1055	1097	1147	1235	1373	1024
AT1G06680	632	667	634	1152	1246	1013
AT5G13120	959	1027	1067	1110	1175	1014
AT3G26650	459	485	466	1158	1178	946
AT2G40730	1860	1538	1622	1305	1235	1184
AT2G34900	1615	1547	1505	1552	1644	1317
AT3G62860	1618	1411	1454	1276	1301	1227
AT3G53520	1098	1059	1180	1292	1299	1127
AT1G70070	1644	1390	1437	1658	1734	1411
AT1G33110	1039	885	935	1425	1396	1312
AT4G29160	684	682	697	946	966	796
AT3G23900	1503	1199	1288	1560	1414	1287
AT3G62400	1350	1414	1374	963	1072	850
AT3G60320	1050	1017	941	1599	1703	1449
AT2G06210	1576	1250	1477	1818	1571	1424
AT3G62830	615	608	640	781	909	763
AT3G12370	1563	1695	1538	1453	1653	1228
AT1G63780	1732	1666	1527	1600	1656	1425
AT3G25870	578	619	567	889	1005	770
AT2G24590	1412	1359	1236	1238	1282	1064
AT1G15100	580	644	565	794	921	645
AT2G26980	1767	1194	1276	1726	1506	1627
AT1G74250	1696	1586	1617	1822	1745	1526
AT4G10920	1038	1149	1209	1545	1671	1304
AT4G19170	101	91	100	155	199	135
AT1G08600	1854	1348	1586	1924	1629	1524
AT2G46900	821	842	859	1453	1511	1166
AT3G60190	1031	983	955	1705	1451	1280
AT3G58750	1513	1249	1489	888	917	832
AT5G60710	1248	1353	1257	1423	1540	1175
AT5G27395	1805	1724	1769	1439	1476	1283
AT5G67250	1322	1305	1377	1920	1926	1485
AT1G33980	1470	1229	1074	1451	1437	1245
AT1G67250	1513	1661	1678	1251	1280	1078
AT1G54610	1558	1394	1470	1615	1720	1509
AT5G59160	1424	1516	1411	1315	1620	1150
AT2G31740	1900	1698	1742	1697	1611	1434
AT2G18090	1159	1044	1082	1406	1344	1113
AT5G27670	917	817	908	1009	1129	905
AT2G47330	1174	1191	1170	1352	1336	1045
AT5G04290	1625	1115	1353	1828	1630	1374
AT2G34020	2122	1794	2050	826	815	837
AT5G12210	1050	1008	1004	1663	1686	1492
AT1G79690	1250	1116	1133	1340	1273	1183
AT4G00800	1618	1007	1173	1708	1381	1414
AT3G54640	1552	1551	1562	860	1041	790
AT1G15810	1538	1471	1467	1193	1293	1018
AT1G01910	1593	1517	1555	1242	1288	1147
AT3G48670	929	718	892	1230	1242	1077
AT4G35310	1174	1014	1139	1237	1347	1032
AT4G26410	1284	1274	1292	1362	1481	1232
AT3G05380	1870	1394	1431	1915	1652	1619
AT2G35920	1270	893	933	1692	1415	1498
AT3G20800	1562	1482	1413	1402	1375	1087
AT1G15780	1383	1000	1275	1714	1409	1346
AT1G01510	1391	1321	1325	1316	1435	1184
AT1G50840	1720	1233	1302	1915	1743	1603
AT2G35490	877	892	781	1133	1195	868
AT1G80180	410	458	446	1795	1943	1614
AT1G44170	1893	1684	1778	1399	1425	1232
AT4G14270	862	868	793	1563	1685	1394
AT5G57610	1147	881	1036	1151	952	921
AT2G18750	1261	1085	1178	1501	1414	1208
AT5G25754	1541	1563	1621	1534	1567	1328
AT3G54230	1663	985	1042	1424	1213	1423
AT4G31860	287	202	257	540	423	436
AT2G38465	287	331	334	1095	1095	1021
AT3G12320	1193	1046	951	1556	1640	1502
AT2G31510	1351	960	1048	1338	1229	1292
AT3G06010	1280	1048	1087	1715	1582	1416
AT2G06010	910	834	790	1578	1660	1373
AT3G26618	1408	1276	1380	1645	1784	1296
AT4G28060	1189	1255	1125	1109	1156	957
AT4G25700	1267	1032	1108	2010	2074	1836
AT1G72410	1049	705	819	1338	1154	1091
AT1G14620	1470	1615	1652	1386	1461	1211
AT4G32940	381	364	401	788	804	647
AT4G29380	1127	789	926	1777	1487	1437
AT4G20480	1749	1345	1274	1385	1296	1400
AT5G57350	768	564	800	1862	1778	1591
AT5G11680	593	534	570	897	847	748
AT1G29930	76	76	64	87	123	83
AT3G43980	1620	1876	1916	1348	1469	1178
AT5G25590	1111	1098	1118	1121	1248	975
AT3G13070	1478	1113	1276	1408	1269	1201
AT2G18330	1891	1691	1678	1502	1614	1317
AT2G22660	1515	1260	1341	1497	1456	1153
AT3G09300	1082	1009	959	957	1084	897
AT2G21470	1539	1340	1453	1645	1586	1380
AT5G41600	1275	1306	1332	1114	1270	1043
AT4G34555	1854	1798	1723	1233	1416	1230
AT1G10522	1554	1617	1421	1513	1837	1397
AT4G23640	945	852	952	1418	1352	1111
AT4G18820	1751	1377	1353	1394	1374	1249
AT4G17830	1617	1664	1554	1489	1441	1324
AT2G44620	1278	1244	1239	1037	1089	869
AT5G15490	775	768	759	910	976	764
AT5G62640	1138	1063	982	1243	1233	981
AT1G11310	1403	1146	1343	1458	1470	1297
AT1G06210	944	986	1037	1262	1277	985
AT5G63890	1539	1450	1525	1255	1347	1059
AT4G27585	1459	1365	1483	1566	1711	1307
AT2G17980	1077	960	1108	1164	1184	993
AT1G04780	1640	1439	1564	1812	1607	1345
AT2G43410	1289	1089	1152	1709	1471	1342
AT5G04750	542	479	525	967	952	803
AT5G20520	887	808	810	1588	1742	1411
AT5G44260	395	404	370	1228	1398	1114
AT4G29735	871	862	807	1029	1293	1079
AT1G70190	1516	1578	1638	1270	1373	1133
AT1G48110	1455	1433	1322	1631	1641	1314
AT3G46510	955	966	917	1266	1312	1051
AT5G40660	1479	1363	1426	1448	1647	1300
AT3G11960	1656	1095	1353	1780	1556	1515
AT2G34520	1338	1575	1429	1176	1322	1046
AT2G40650	1440	1272	1373	1514	1551	1342
AT4G16150	1185	975	1084	1578	1592	1255
AT3G26810	1349	1334	1242	1398	1481	1171
AT2G45980	765	873	872	1233	1220	989
AT5G12480	1062	907	956	1724	1659	1401
AT3G55430	597	531	689	930	1021	827
AT5G64750	526	485	556	872	894	686
AT1G14300	1781	1716	1815	1851	2007	1696
AT3G17940	867	893	936	801	832	698
AT4G08520	1104	1098	1079	981	1122	877
AT2G02090	1345	1111	1158	1566	1483	1383
AT4G17170	559	569	497	998	936	814
AT4G23860	1088	996	967	1288	1295	1066
AT3G51950	1149	998	971	1646	1576	1367
AT4G21670	1685	1284	1408	1589	1370	1338
AT2G01060	1306	1166	1143	1447	1386	1378
AT1G13980	1183	1064	1203	1332	1411	1089
AT5G19590	811	768	839	1499	1575	1257
AT5G20350	957	837	935	1397	1437	1199
AT4G27380	1531	1618	1532	1371	1596	1282
AT3G26060	658	683	560	720	735	604
AT2G05120	1759	1425	1618	1979	1807	1523
AT3G27300	813	766	838	1307	1266	1018
AT1G36310	1655	1748	1822	1493	1785	1267
AT4G28880	1235	958	923	1256	1136	1219
AT1G07030	1055	999	1009	1294	1464	1161
AT3G19720	1045	915	1005	1368	1298	1220
AT4G12750	2317	1597	1869	2035	1794	1808
AT2G30980	1522	1304	1314	1411	1399	1235
AT5G18280	1420	1212	1464	1141	1383	1036
AT3G46600	726	640	732	942	953	775
AT5G43630	874	693	717	1198	1084	1077
AT5G44100	1308	1052	998	1261	1289	1121
AT1G32200	1282	1147	1119	1133	1052	905
AT1G77480	1672	1444	1677	1956	1900	1765
AT2G24790	1110	1178	1131	912	998	852
AT3G17840	1323	1246	1540	1145	1312	1056
AT5G23590	855	830	864	1493	1604	1224
AT1G47640	1190	1128	1189	1154	1333	1087
AT2G33450	954	897	926	1121	1138	939
AT1G13270	1526	1461	1305	1235	1322	980
AT3G12860	2469	2221	2284	1559	1526	1294
AT1G18700	1209	981	1151	1643	1487	1323
AT4G39460	1147	904	881	1098	1156	1013
AT5G10240	1409	1350	1379	1407	1380	1156
AT3G13990	1547	1334	1447	1606	1568	1274
AT3G10800	904	923	925	1379	1447	1075
AT4G05400	1855	1890	1783	1304	1470	1158
AT5G37350	1531	1351	1498	1581	1585	1353
AT2G03510	1246	1198	1351	1397	1519	1228
AT1G30820	2099	1984	1930	1857	1904	1515
AT3G60030	1088	970	1050	1647	1590	1234
AT3G01370	1239	971	979	1230	1103	1050
AT1G48540	1392	946	1001	2094	1801	1913
AT5G55040	1576	1418	1385	1702	1552	1369
AT3G25840	1659	1207	1270	1503	1162	1314
AT3G17770	1642	1352	1387	1986	1870	1664
AT2G17150	1670	1574	1496	2261	2198	1942
AT3G11730	1195	1172	1193	1304	1401	1200
AT1G14410	1649	1747	1674	1481	1514	1251
AT1G07310	628	550	549	921	896	786
AT5G01030	1801	1609	1788	1669	1695	1460
AT4G17510	1254	1293	1301	1432	1410	1248
AT5G41990	1008	837	897	1472	1446	1161
AT4G25200	86	55	97	199	232	189
AT5G07970	1594	1353	1562	1667	1630	1390
AT5G15860	2414	1948	2094	690	685	740
AT5G25520	1359	1086	1092	1419	1226	1187
AT3G58140	1402	1243	1237	1181	1287	1093
AT3G16270	983	892	945	1361	1399	1091
AT4G28480	1120	1085	1066	1474	1454	1149
AT5G42570	575	518	656	895	889	726
AT5G20990	1046	873	998	1423	1314	1188
AT1G80010	906	870	933	1381	1334	1091
AT1G79210	1427	1529	1437	1171	1216	1021
AT5G65780	1229	1173	1207	1392	1329	1196
AT4G26080	1674	1713	1259	1639	1677	1571
AT4G34740	1609	1618	1528	1326	1298	1009
AT4G00430	773	768	800	518	552	468
AT4G08310	1302	1246	1289	1564	1481	1290
AT5G40490	1622	1406	1591	1803	1685	1414
AT5G04170	472	407	491	932	839	680
AT5G57123	1029	1115	1083	1197	1348	1087
AT4G01860	1666	1314	1442	1588	1558	1350
AT5G53000	1085	1028	1046	1341	1295	1045
AT3G55020	1293	908	1006	1310	1162	1219
AT1G79040	360	341	347	846	927	757
AT1G28200	783	716	743	1222	1212	935
AT1G53540	112	70	106	327	340	272
AT1G27350	1326	1344	1371	740	849	638
AT4G27320	1226	1171	1141	1102	1094	977
AT5G61130	1474	1351	1318	804	873	704
AT2G01600	1357	1108	1185	1480	1539	1275
AT1G27770	1139	1014	1061	958	961	818
AT4G00090	1096	914	1079	1272	1222	1067
AT3G32930	991	875	851	1350	1346	1103
AT4G10760	1467	1239	1232	1361	1314	1103
AT4G10840	1291	1172	1303	941	948	779
AT4G36860	2680	1969	2296	1245	1232	1116
AT4G02880	1160	958	1128	1729	1667	1375
AT3G62770	527	431	511	796	678	660
AT3G03170	758	739	804	1056	1236	1052
AT1G16560	752	714	775	1052	1202	952
AT1G67140	1590	904	1100	1442	1031	1212
AT3G59910	1131	982	1088	1610	1680	1324
AT3G50380	1657	787	997	1553	1125	1354
AT5G42940	1031	1000	1127	1574	1366	1179
AT4G02690	102	78	105	571	527	480
AT2G48060	1746	1140	1348	1627	1325	1432
AT1G71880	1080	1093	1161	768	912	853
AT3G27230	1054	1007	1101	1175	1236	1000
AT1G21980	1497	1297	1362	1111	1116	1053
AT1G10740	1589	1368	1477	1303	1365	1300
AT3G56090	1332	1345	1359	354	382	305
AT3G56720	1344	1091	1069	1428	1289	1222
AT4G02620	987	1031	1066	1024	1080	889
AT1G11720	1065	787	768	1241	1051	1056
AT5G09970	1000	1151	1088	2428	2611	1949
AT5G52370	1105	1209	1155	1584	1695	1385
AT1G08970	861	862	865	1245	1223	1026
AT5G13070	954	914	1024	1153	1334	1098
AT5G50250	975	906	912	1307	1275	1071
AT4G13350	1218	1021	1042	1223	1161	1035
AT5G04895	2175	1557	1737	2145	1889	1820
AT3G63000	908	869	931	1079	1069	853
AT1G17550	1217	1012	1062	1244	1153	1090
AT5G05740	704	597	579	867	875	703
AT2G39700	316	350	393	612	849	551
AT5G51820	604	443	423	544	498	464
AT5G02250	1046	691	896	1615	1412	1341
AT1G22730	1284	1202	1229	1525	1573	1255
AT5G09920	1103	1038	1093	1388	1432	1303
AT5G43600	591	545	540	804	776	775
AT4G24550	937	846	856	1133	1184	1041
AT5G11340	1347	1390	1330	1332	1434	1160
AT3G22520	1280	1194	1300	1284	1273	981
AT3G54190	1394	1286	1417	1310	1373	1103
AT3G07880	629	641	615	933	1116	873
AT5G16650	653	580	542	708	816	755
AT5G17270	1869	1465	1488	1806	1676	1542
AT1G16000	1150	1301	1201	1111	1279	1073
AT3G57090	1292	1270	1409	1542	1524	1249
AT1G23230	1508	1124	1280	1830	1620	1543
AT4G27460	189	174	170	1147	1081	929
AT5G42870	1113	762	927	1503	1236	1142
AT5G16730	936	821	882	1374	1279	1119
AT1G78610	946	824	915	854	910	780
AT4G14990	1020	804	944	1547	1497	1171
AT3G58640	752	636	576	977	845	847
AT5G26751	1508	1353	1426	1648	1606	1306
AT3G26935	1246	1271	1297	1360	1558	1268
AT5G66030	1093	697	809	1315	1054	1209
AT1G24300	1276	1048	1092	1428	1209	1134
AT3G12130	1257	1301	1189	1373	1311	1062
AT4G17600	809	847	805	979	1123	898
AT4G38160	1346	1422	1370	1525	1731	1345
AT4G39860	1007	1126	1044	966	985	839
AT3G06350	1574	1282	1339	1171	1189	1048
AT1G72090	1460	1374	1322	1219	1349	1095
AT1G42990	1006	1102	1105	1229	1387	1091
AT3G27390	1496	1151	1403	1381	1496	1305
AT1G61770	1101	987	1052	1081	1159	968
AT4G14360	970	762	983	1172	1190	1026
AT5G39500	1300	1140	1232	1348	1411	1076
AT2G43630	1194	1098	1179	1197	1215	993
AT1G30270	1704	1263	1197	1767	1587	1684
AT3G55340	1867	1795	1698	1252	1489	1108
AT3G11560	1258	852	904	1663	1584	1408
AT3G10520	1995	2046	1966	1180	1368	1065
AT5G24930	478	388	432	635	526	472
AT4G26600	1894	1582	1635	1433	1306	1225
AT1G60680	77	80	95	646	584	507
AT4G04340	862	748	777	1451	1398	1261
AT5G06140	944	726	797	1176	1242	1034
AT5G03730	1508	1007	1181	1290	1233	1241
AT3G09210	951	973	943	1250	1329	1056
AT1G02120	984	715	764	1395	1189	1305
AT5G35460	668	690	785	1144	1173	1000
AT1G77610	1224	1224	1318	1366	1506	1066
AT3G19490	980	819	811	1238	1379	1159
AT5G22760	1485	1022	1112	1416	1369	1253
AT3G04830	1124	1231	1108	1139	1214	1038
AT2G27210	1465	1191	1284	1669	1647	1403
AT2G39780	1056	914	1021	795	938	772
AT5G55670	1574	1495	1449	1685	1510	1244
AT1G50370	1590	1492	1526	1332	1391	1125
AT2G26300	1009	798	873	1586	1489	1389
AT3G55160	1883	1402	1669	1787	1576	1377
AT5G05610	1212	1093	1178	1195	1312	1090
AT3G25470	1497	1549	1482	1322	1300	1176
AT2G37690	2135	1673	1730	1277	1154	1181
AT1G05180	1731	1541	1540	1566	1527	1376
AT3G57410	1408	1110	1146	1368	1249	1218
AT2G38905	72	68	65	385	275	287
AT3G51160	742	760	810	747	870	665
AT1G20760	1279	1045	1112	1346	1251	1080
AT4G33200	1739	1135	1357	1636	1279	1379
AT3G27080	1442	1344	1305	1135	1257	1021
AT5G51400	866	852	905	1341	1418	1132
AT1G07960	1117	1094	1116	1340	1464	1205
AT5G55610	1339	1322	1279	1076	1253	936
AT4G32770	210	203	216	759	714	636
AT2G04040	765	663	781	1193	1280	997
AT4G31460	1094	1092	1044	1112	1147	1044
AT2G18280	278	258	264	659	690	559
AT5G11040	1016	887	900	1116	1122	959
AT5G43810	1260	1023	1082	1619	1530	1323
AT4G25550	1252	1329	1272	1321	1422	1263
AT1G67580	1345	988	1033	1455	1394	1288
AT4G12400	184	151	246	531	511	391
AT2G02570	1345	1047	1042	1388	1234	1318
AT5G22010	1794	1315	1381	1623	1348	1283
AT3G07780	755	636	646	1334	1230	1035
AT5G05440	1823	1781	1909	1246	1307	1115
AT2G29530	1670	1682	1698	1205	1361	1087
AT3G26890	1278	870	923	1346	1145	1127
AT3G57140	1432	1323	1364	1682	1680	1341
AT4G33430	1343	1141	1288	1462	1516	1237
AT5G05690	1558	1343	1410	1653	1607	1440
AT1G30450	1355	1081	1270	1156	1230	1058
AT2G26900	1298	1219	1165	1239	1260	1123
AT1G71350	1014	863	958	1315	1295	1047
AT4G02990	1373	1171	1220	1369	1577	1099
AT1G19880	1577	1326	1240	1216	1123	1064
AT3G55380	1387	1536	1439	1229	1346	1070
AT4G37210	1340	1188	1274	1296	1415	1141
AT3G23560	965	802	928	1270	1387	1228
AT4G31670	1091	844	950	1451	1372	1194
AT2G24765	791	777	715	843	930	767
AT2G47410	1586	954	1197	1360	1118	1166
AT2G02230	966	979	952	2039	2090	1741
AT3G05090	1551	1239	1310	1530	1446	1293
AT5G37310	1256	1208	1277	1397	1391	1222
AT1G23180	1383	1119	1085	1540	1400	1280
AT1G16240	648	583	638	1034	1032	927
AT5G05980	1084	907	1016	1091	1167	1024
AT5G42920	1399	1257	1249	1502	1409	1216
AT1G22410	672	688	693	467	500	397
AT1G34430	1050	1036	1090	1108	1189	923
AT3G27530	1392	1084	1123	1180	1218	1110
AT1G60070	1004	802	815	878	854	755
AT1G27680	927	663	707	1175	1148	1016
AT5G49160	1067	795	888	836	884	745
AT5G15540	1724	1129	1284	1727	1361	1433
AT3G55270	1302	1175	1208	1576	1459	1246
AT3G14120	1641	1247	1362	1640	1418	1364
AT5G48230	553	477	548	528	518	459
AT4G00355	757	724	768	1069	1053	870
AT2G21520	1231	1055	1141	1036	1063	982
AT3G22300	1420	1426	1413	1196	1396	991
AT5G47435	1122	971	919	1034	1112	1020
AT1G50250	533	434	473	756	754	592
AT5G22780	1426	1091	1119	1332	1177	1129
AT1G10310	781	870	853	1280	1324	1096
AT2G14835	1074	986	1000	1199	1285	1097
AT5G47080	1402	1110	1055	1423	1363	1191
AT5G13520	1075	1170	1172	1069	1113	853
AT3G50910	812	851	885	1087	1025	808
AT4G21490	2642	2446	2742	72	55	86
AT5G45350	901	892	879	1608	1622	1324
AT5G04990	781	788	820	1100	1255	930
AT1G07830	1241	1366	1214	1360	1443	1203
AT5G36290	953	936	941	1026	1072	853
AT3G05120	741	631	684	1280	1391	1027
AT1G78370	197	223	223	669	716	513
AT1G02205	9	7	19	1	1	3
AT4G36680	1612	1664	1626	1332	1324	1122
AT3G18640	1444	1470	1427	1696	1654	1242
AT5G39320	131	165	146	112	120	117
AT3G06290	1553	905	1091	1631	1254	1502
AT5G17900	988	894	912	1515	1485	1215
AT1G72330	1293	1091	1260	2021	1844	1582
AT5G44200	1393	1310	1335	1402	1466	1246
AT2G43790	841	908	814	1069	1168	944
AT3G13160	1582	1600	1584	1430	1538	1132
AT4G02920	717	658	635	1279	1311	1171
AT1G02130	1251	1376	1261	1299	1397	1024
AT5G16715	1288	837	867	1340	1145	1277
AT1G42970	120	92	91	389	423	403
AT2G39960	1031	1065	1105	957	1059	891
AT2G33840	1337	1210	1330	1216	1253	1023
AT3G61040	0	1	1	178	123	116
AT4G11270	1269	984	1045	1471	1386	1227
AT4G17950	1417	1353	1327	1270	1297	1092
AT1G72160	814	769	799	1095	1131	874
AT2G38860	1423	1193	1619	524	620	509
AT5G16220	984	880	866	1443	1491	1218
AT2G47690	696	804	755	574	674	664
AT3G16857	1012	969	933	1136	1268	992
AT5G42520	1088	944	1103	1544	1551	1251
AT3G02060	1501	1123	1188	1629	1373	1431
AT4G07390	1196	1183	1218	1458	1542	1327
AT4G04210	1031	1067	1072	1151	1213	1001
AT5G64500	1112	946	1090	1384	1363	1194
AT5G14720	1230	941	989	1329	1231	1153
AT4G00630	1583	960	1093	1216	1064	1116
AT2G42590	1164	1235	1151	1310	1325	1123
AT5G25560	1488	601	674	1045	655	1078
AT5G22080	912	752	811	1413	1452	1369
AT1G79600	989	888	936	1385	1451	1124
AT1G72560	1693	1312	1446	1580	1428	1328
AT1G35190	546	536	597	1208	1133	971
AT1G45160	1799	1404	1458	1578	1393	1476
AT4G22285	1582	1210	1433	1420	1327	1331
AT5G62620	918	749	856	1391	1342	1108
AT4G31720	997	963	909	1496	1650	1335
AT1G63120	869	819	834	1270	1224	1032
AT1G06070	1472	1431	1428	1520	1611	1314
AT1G04590	1302	1251	1137	1454	1622	1318
AT4G15802	1046	1142	1072	939	998	839
AT4G18970	110	114	124	222	262	270
AT2G35610	710	618	627	979	1068	856
AT2G30260	1248	1470	1295	1324	1351	1137
AT4G22000	1182	1350	1326	1108	1152	933
AT2G43770	1330	1457	1228	1446	1387	1132
AT1G34320	1374	954	1063	1356	1123	1105
AT1G68990	2039	1189	1329	1496	1292	1331
AT3G56510	1319	1380	1308	1495	1664	1245
AT1G61150	1302	1269	1189	1190	1233	1001
AT1G31810	1447	1048	1143	1539	1173	1201
AT5G19900	1126	910	1022	1203	1231	976
AT3G05070	1202	1300	1309	1467	1475	1188
AT4G31130	1215	1202	1240	995	1076	857
AT2G01350	1014	874	884	1000	966	921
AT4G01395	1160	1120	1083	959	1124	838
AT5G50380	1212	1078	1141	1334	1452	1081
AT1G61250	804	744	761	1083	1217	947
AT4G39660	663	635	716	953	1015	747
AT5G61500	1307	1220	1084	1248	1194	1052
AT3G13235	1362	1246	1298	1156	1247	955
AT3G19520	1083	963	975	1308	1326	1134
AT1G49400	1470	1612	1414	1331	1465	1152
AT2G45430	1430	1420	1447	1534	1631	1139
AT1G36370	1356	1359	1338	1966	2112	1671
AT1G22270	1257	1444	1528	1215	1397	1005
AT5G60690	1751	1174	1295	1934	1771	1775
AT2G38650	1119	1006	1087	1009	1068	890
AT4G15410	1221	1219	1250	1142	1246	961
AT5G49210	989	1105	1070	1016	1053	864
AT2G33310	1285	1258	1256	1538	1656	1261
AT1G48450	1158	1145	1125	1086	1252	897
AT4G00026	1569	1496	1431	1253	1293	1244
AT5G09400	906	853	914	1318	1326	1118
AT2G22010	966	724	838	1140	979	852
AT3G58030	1292	1129	1197	1290	1362	1185
AT4G37090	1767	1658	1648	1383	1543	1220
AT1G64350	1313	1372	1281	1334	1388	1105
AT5G26880	1354	1126	1087	1217	1277	1157
AT1G50660	1233	1098	1036	1237	1393	1074
AT1G66680	839	829	827	921	980	773
AT1G09150	1157	1153	1103	1163	1327	1014
AT1G50140	1564	1034	1102	1518	1248	1276
AT5G05560	2019	1323	1573	1837	1424	1566
AT1G44575	51	47	47	61	56	43
AT1G29400	633	535	560	1058	998	805
AT5G39950	779	790	751	932	1060	806
AT1G09660	1553	1303	1055	1329	1285	1150
AT5G65930	956	699	807	1116	998	977
AT5G62740	1247	1128	1272	1509	1593	1306
AT3G25530	1168	1079	1101	891	916	903
AT3G17205	1202	904	1029	1315	1159	1097
AT4G14690	13	21	22	7	7	8
AT1G61010	1482	1285	1417	1485	1527	1172
AT4G18650	391	427	408	1141	1272	963
AT2G04842	1071	938	1010	1468	1405	1198
AT4G35230	1140	1020	1051	1479	1444	1221
AT3G55510	1983	1795	1690	1578	1434	1352
AT5G18570	1494	1271	1291	1362	1213	1126
AT2G24990	1745	1445	1523	1464	1326	1198
AT1G44100	1548	1349	1358	1201	1157	1062
AT1G79470	1949	1797	1875	1577	1716	1269
AT5G55230	841	798	769	1134	1161	908
AT3G54010	1192	881	885	1221	1147	1191
AT3G16260	1228	976	1004	1299	1181	1099
AT3G16630	1005	853	879	927	974	788
AT5G06160	1515	1291	1300	1337	1259	1085
AT3G18520	1515	1202	1257	1332	1253	1260
AT1G77550	1933	1532	1628	1349	1283	1221
AT3G04870	724	727	694	999	1000	882
AT3G10500	1674	1259	1432	1040	1012	979
AT5G64310	559	547	539	1102	1264	860
AT1G48520	1160	1008	993	997	965	858
AT3G52170	1494	1389	1400	1488	1498	1135
AT4G24740	1309	833	883	1031	850	1081
AT3G54440	954	791	863	1419	1330	1054
AT2G19080	1197	1229	1265	1406	1351	1152
AT4G10020	285	224	299	1074	1052	946
AT2G44040	1209	1151	1124	1080	1146	918
AT3G23070	1183	943	988	1215	1155	1021
AT3G09980	1048	1106	1087	1330	1362	1152
AT1G10510	1414	1139	1138	1345	1213	1199
AT3G20230	1078	978	921	1261	1380	1155
AT2G44065	1081	1060	1123	1082	1096	902
AT2G38950	1175	1042	1207	1341	1408	1166
AT1G58230	1355	913	1149	1529	1243	1238
AT5G64610	1214	1148	1112	1330	1289	1099
AT1G16190	1430	1251	1305	1274	1197	997
AT4G30580	1129	923	953	1123	1141	1048
AT3G13490	1426	1126	1217	1270	1077	1031
AT3G26770	133	125	99	593	541	550
AT1G65010	656	590	668	670	772	538
AT5G14950	1176	1117	1169	1552	1483	1271
AT5G19010	1298	1184	1194	1471	1592	1233
AT2G39340	1670	887	1103	1496	1084	1277
AT3G48270	521	532	556	1190	1350	1045
AT1G12810	1447	861	873	1403	1211	1490
AT3G52890	1196	1142	1161	1473	1534	1188
AT2G27230	1384	1226	1260	1465	1497	1355
AT1G73590	2479	2157	2254	1415	1399	1237
AT5G50700	7	0	0	51	45	23
AT4G19640	984	1056	1002	1300	1378	1104
AT2G22490	1074	1086	1169	1105	1219	1010
AT5G07010	1564	1616	1761	1414	1430	1105
AT5G22100	1863	1749	1777	1358	1305	1226
AT5G06060	1186	1111	1110	1196	1310	1124
AT4G30530	1562	1470	1522	993	1167	1000
AT3G51620	1127	939	975	1149	1125	971
AT5G22770	1282	931	990	1375	1219	1116
AT3G12600	1333	1218	1224	1242	1417	1180
AT4G35050	1208	1223	1252	1688	1643	1338
AT1G79350	1679	883	1009	1275	1020	1168
AT2G44870	1137	1049	1069	1240	1383	1102
AT3G09735	828	787	780	1119	1222	967
AT3G18240	1429	1415	1423	1370	1401	1148
AT1G55840	1020	1016	944	1148	1081	1024
AT1G50570	1230	1189	1382	1230	1202	900
AT1G53380	1297	1237	1284	1554	1614	1179
AT4G03080	1318	1030	1182	1477	1300	1208
AT5G16910	815	742	796	1234	1082	923
AT4G38790	1124	1059	1230	1177	1260	1068
AT1G16700	886	914	935	680	808	642
AT1G74380	812	761	891	888	985	761
AT4G02715	1200	1027	1065	1419	1423	1252
AT1G55900	1666	1560	1625	1269	1314	1079
AT2G40830	637	655	682	902	990	767
AT1G70060	1456	1146	1226	1651	1368	1375
AT1G08700	977	1011	997	1542	1699	1324
AT2G21290	1228	1383	1304	1203	1280	1052
AT5G04000	402	445	414	717	763	643
AT5G66090	942	994	919	1182	1334	1004
AT2G22795	785	705	801	708	713	577
AT1G79570	1373	1035	1090	1491	1282	1236
AT4G19500	1422	991	1070	1679	1506	1388
AT2G47990	1601	1769	1703	1336	1338	1105
AT1G05340	66	50	76	347	344	276
AT2G47900	1355	1260	1254	1279	1340	1051
AT4G39220	1148	1210	1221	1300	1355	1062
AT2G39190	1001	941	891	1318	1281	1192
AT2G03140	1396	924	1058	1465	1316	1244
AT5G06220	1072	797	820	1510	1303	1169
AT1G18850	1593	1686	1729	1422	1517	1180
AT2G35800	1038	933	1003	1471	1440	1183
AT1G11930	574	513	546	867	841	801
AT1G01160	1190	1067	1038	1284	1369	1248
AT3G05840	1321	1149	1278	1196	1219	1026
AT5G44110	64	60	49	53	62	43
AT2G38800	245	207	239	1778	1724	1411
AT1G16710	1468	1037	1224	1769	1521	1347
AT2G14520	426	321	342	727	695	632
AT2G40950	950	948	997	1322	1447	1049
AT3G10420	353	254	275	373	334	330
AT2G33700	1160	1118	1101	1200	1265	1049
AT1G45230	771	787	757	1235	1377	1097
AT4G09980	1466	1346	1286	1439	1326	1133
AT1G36050	950	854	909	1269	1400	1188
AT1G03680	867	865	829	1022	1083	805
AT5G42150	1560	1414	1416	1076	1188	978
AT2G21600	1181	1070	1136	1094	1238	1084
AT5G13110	1252	1212	1268	965	893	769
AT4G01370	999	955	959	1372	1393	1190
AT4G38932	298	315	313	1038	1218	996
AT4G31040	1466	1211	1185	1366	1422	1264
AT5G22450	1508	1220	1128	1557	1218	1214
AT3G11270	1584	1547	1588	1399	1371	1253
AT5G51100	1147	899	889	1125	998	1087
AT1G21700	1379	1097	1173	1290	1230	1103
AT2G23790	1236	935	869	888	877	853
AT3G45770	796	697	704	1248	1178	971
AT3G22780	1554	1268	1310	1247	1106	1002
AT5G35630	43	44	54	50	63	58
AT3G01310	1008	757	877	1499	1335	1268
AT3G04590	1049	921	933	1192	1170	1061
AT3G03600	1270	1369	1367	981	1035	849
AT1G09310	76	68	94	145	228	157
AT5G01530	631	654	615	847	833	742
AT5G67280	1920	1701	1842	1328	1382	1224
AT2G23980	859	642	686	1162	960	1014
AT2G34730	1363	1167	1178	1648	1433	1257
AT3G47810	566	605	673	906	949	759
AT1G17080	379	402	405	726	732	645
AT3G54650	782	609	649	814	765	611
AT5G61380	1070	980	941	1720	1593	1381
AT5G64920	961	927	916	1423	1579	1222
AT2G28510	2473	2364	2461	538	640	528
AT4G08290	1468	1222	1695	1331	1370	1231
AT3G25585	1053	876	885	867	839	878
AT5G38640	1231	1220	1302	1675	1578	1300
AT4G33380	937	887	880	1075	1213	995
AT3G48750	989	880	931	1379	1539	1175
AT5G09390	918	761	891	1300	1132	1039
AT1G48440	816	892	919	1117	1248	971
AT2G47960	1024	778	868	977	1044	902
AT3G59840	988	1210	1008	1213	1363	1112
AT2G27900	1328	844	950	1192	969	1016
AT1G72820	885	858	824	1390	1606	1174
AT2G01440	1357	1041	1281	1747	1770	1503
AT5G51660	1713	1244	1436	1422	1267	1190
AT1G16770	43	49	36	140	126	109
AT5G14270	1091	909	945	1328	1232	1139
AT1G09870	976	953	1057	1052	1145	946
AT1G20900	1430	1438	1448	1277	1427	1116
AT5G19180	1269	1223	1169	1235	1245	1136
AT5G26850	578	541	525	692	703	599
AT1G29310	1533	1395	1638	576	698	501
AT5G47020	1291	794	1012	1508	1083	1055
AT5G44750	1988	863	1074	1126	774	1165
AT2G44640	991	1149	1074	996	1027	820
AT1G57680	958	882	821	835	988	817
AT1G10130	1260	928	1120	1052	963	944
AT3G04090	1028	1005	1197	990	1064	817
AT3G51770	1100	916	1041	1198	1296	993
AT1G07840	1454	1317	1350	1319	1179	1096
AT3G23640	766	483	562	1010	899	891
AT2G28520	1191	1071	1149	1134	1171	924
AT4G30760	1389	1186	1132	1111	1224	1112
AT1G09815	1236	1320	1349	1132	1178	832
AT4G33760	1485	1150	1125	1214	1021	1074
AT4G01120	494	443	444	1070	960	807
AT4G25320	1661	1655	1633	1354	1351	1126
AT2G41960	1222	1044	1127	1344	1248	988
AT1G24190	1212	833	977	1447	1277	1181
AT1G12330	649	644	640	1070	1091	876
AT3G45830	1189	1065	1207	1352	1267	1175
AT5G60990	1735	1422	1444	1280	1168	1152
AT1G17690	1661	1279	1387	1323	1163	1172
AT1G19140	717	662	739	1098	1057	872
AT1G08490	1078	964	1043	1234	1234	1135
AT5G45420	1084	1137	1122	1052	1233	971
AT5G17230	914	855	795	558	566	562
AT5G20500	835	817	924	765	883	767
AT3G11330	683	750	752	729	749	546
AT1G08370	1100	989	1010	1073	1032	964
AT5G19370	911	797	824	1040	1055	854
AT2G44160	307	311	293	354	443	386
AT3G24550	1336	1181	1229	1167	1163	962
AT2G29380	634	669	540	1399	1514	1152
AT3G17160	1088	1192	1090	928	1052	881
AT4G02840	1260	1363	1238	1273	1322	1055
AT1G70570	1093	800	927	1192	1180	1051
AT3G56460	958	934	905	884	859	746
AT3G03060	1810	1566	1709	1200	1212	962
AT5G26667	866	716	735	623	664	617
AT2G35605	1712	1745	1739	1226	1402	1066
AT3G07610	1572	1237	1230	1329	1168	1062
AT1G01050	786	774	747	873	843	773
AT1G29790	879	917	877	1170	1302	1012
AT5G65490	1135	1007	1025	1187	1230	997
AT5G51430	940	836	923	945	955	808
AT2G24150	1647	1536	1576	1151	1278	1089
AT5G11280	696	710	769	1114	1372	1132
AT1G69340	1324	951	1059	1202	1205	979
AT5G42970	1371	1332	1280	1267	1248	1049
AT3G57350	1425	1176	1258	1532	1414	1171
AT3G44290	976	872	881	1530	1471	1256
AT4G13530	257	249	305	579	626	511
AT5G12190	934	995	946	1083	1266	979
AT5G06550	1670	1687	1716	1349	1592	1166
AT2G35050	1242	923	1017	1419	1314	1210
AT5G26760	1378	1224	1322	1511	1365	1190
AT5G22510	1208	1032	1050	1393	1292	1149
AT2G25625	8	1	7	33	35	32
AT5G26030	966	927	843	1117	1193	901
AT5G64170	797	735	548	1073	1064	897
AT3G02990	759	692	729	1517	1412	1345
AT3G22270	1104	972	1021	1167	1285	957
AT1G42960	1065	1193	1198	1114	1110	957
AT4G11790	1574	1373	1410	1317	1355	1147
AT2G41710	455	415	365	1150	1113	1014
AT5G48655	1043	1094	1099	1197	1232	1075
AT3G49140	1385	893	974	1114	1053	1072
AT1G53280	895	815	824	1037	942	879
AT4G01210	1214	925	1022	1139	1168	1037
AT1G21190	1123	1268	1189	1232	1312	1070
AT5G23080	1135	946	1047	1335	1191	915
AT3G51510	541	511	429	992	989	835
AT1G23900	1145	874	937	1259	1168	1090
AT1G09020	1266	1095	1177	1209	1221	987
AT5G10550	1026	785	852	1054	1046	945
AT3G01090	1191	1155	1130	1263	1168	994
AT5G28050	607	659	715	479	557	507
AT4G24840	1072	824	878	944	1012	858
AT5G19620	1546	1052	1090	1182	1053	1005
novel.118	982	915	891	1223	1367	1115
AT1G78780	436	399	403	1169	1161	1078
AT3G05510	699	604	639	965	944	798
AT5G52510	1319	1304	1329	1368	1460	1098
AT5G62530	722	608	655	531	571	474
AT1G19680	749	641	685	1438	1431	1277
AT5G08500	1172	923	1120	1644	1550	1400
AT5G17050	177	157	180	195	209	159
AT2G46540	1039	1120	1055	945	947	844
AT2G40765	815	892	834	753	935	715
AT3G26340	1304	1518	1481	1224	1267	949
AT1G48635	1230	1106	1069	1448	1521	1233
AT4G16141	1655	1582	1460	1118	1309	1069
AT2G28380	1439	1485	1430	1361	1399	1102
AT1G47710	539	544	523	735	685	601
AT4G16380	1161	1110	1063	805	848	769
AT4G37260	394	396	319	593	588	457
AT1G08620	1304	1055	1096	1507	1418	1184
AT3G63250	1149	1131	1120	1241	1309	1097
AT2G34160	1441	1416	1430	1286	1414	1061
AT4G15020	1511	1326	1459	1439	1459	1104
AT1G47200	987	1046	970	873	947	736
AT3G43720	1081	1104	1134	473	633	519
AT3G25860	972	914	903	748	819	632
AT4G00180	1423	1496	1286	1193	1231	1088
AT3G06480	1532	1230	1345	1396	1333	1078
AT2G41900	1881	1662	1692	1014	1037	774
AT1G31780	935	924	892	958	971	801
AT3G04770	2307	2376	2112	1091	1170	937
AT4G25970	620	554	575	935	950	939
AT4G08980	952	886	868	1237	1272	1075
AT3G13180	1152	862	918	1129	1064	1069
AT5G05450	1355	1282	1249	1242	1323	1032
AT3G21140	1278	1137	1072	1346	1483	1132
AT5G65640	1412	1321	1335	1093	1208	988
AT4G25990	1408	1319	1183	1486	1475	1274
AT4G34265	1313	1311	1288	996	1069	895
AT3G43240	1345	1185	1176	1377	1340	1185
AT5G05660	857	678	679	923	765	768
AT3G02190	1451	1411	1519	1282	1334	1105
AT1G33990	880	833	821	1088	1127	945
AT1G21065	791	718	726	1085	1090	994
AT3G06790	1210	1286	1227	1291	1292	1157
AT3G02710	1535	1322	1286	1287	1230	1103
AT5G27970	1447	814	1056	1228	1051	1239
AT3G27325	1363	947	1117	1235	1061	1119
AT5G20400	1282	1223	1391	421	446	365
AT5G12080	1420	1332	1340	1544	1618	1285
AT1G12650	1374	1349	1223	1099	1201	976
AT4G00238	1254	1316	1160	1435	1462	1173
AT4G28210	1048	1083	1016	1160	1241	1032
AT5G53800	1194	1032	1003	1530	1505	1290
AT3G07330	1207	1122	1102	822	987	719
AT2G34690	829	823	899	1108	1152	1036
AT4G14210	1196	1047	976	1293	1235	1060
AT1G68490	906	861	854	1429	1490	1142
AT1G70290	1395	1316	1331	1594	1727	1426
AT5G53280	760	777	729	1075	1156	895
AT1G78870	1021	1052	1022	1112	1036	989
AT3G43600	696	569	625	698	725	631
AT4G15110	833	693	659	1027	1004	890
AT2G37200	806	782	781	1468	1764	1451
AT2G19860	930	887	843	1007	1133	866
AT4G26940	883	795	919	828	896	795
AT1G29320	1644	1380	1354	1459	1302	1148
AT1G29990	1167	1388	1304	1225	1248	1018
AT5G58270	1149	909	1031	1296	1142	1170
AT1G07350	1270	1065	961	1049	1002	972
AT3G10810	971	838	850	1231	1346	1078
AT4G24440	906	940	917	1102	1206	1048
AT1G70180	1270	915	965	1283	1150	1113
AT4G12560	1023	954	951	1164	1218	1100
AT5G04240	1181	942	986	1202	1166	944
AT2G34590	634	634	646	694	719	586
AT5G26180	1653	1312	1346	1481	1345	1280
AT1G03380	721	602	659	1294	1269	1193
AT1G60710	617	591	547	831	824	698
AT5G20700	50	84	66	52	47	34
AT2G39760	1210	1133	1158	1318	1466	1163
AT2G24100	683	678	735	899	870	779
AT2G34780	1569	1376	1354	1440	1484	1179
AT1G30970	1494	1164	1242	1348	1200	1216
AT3G15530	1439	1339	1312	1756	1953	1589
AT2G28070	1685	1182	1336	1382	1209	1347
AT5G18580	983	1066	1116	1022	1044	875
AT5G56900	1324	1225	1206	1536	1486	1272
AT2G33470	616	629	583	723	665	553
AT2G27350	942	704	803	949	845	837
AT5G37260	467	434	480	961	1029	960
AT1G05270	885	726	742	1006	981	882
AT2G41680	1409	1203	1171	1050	992	1029
AT2G35110	1352	1081	1184	1282	1184	1036
AT1G42550	918	814	876	1184	1193	907
AT1G03000	1618	1089	1234	1387	1187	1203
AT2G04900	646	628	633	1045	1132	963
AT1G20840	710	646	811	584	658	555
AT5G05230	538	363	422	724	675	558
AT1G24160	990	941	947	1065	1111	865
AT1G50500	1070	808	831	1130	1034	973
AT5G24165	1048	868	997	692	729	732
AT4G11740	1099	1012	1042	1004	1028	837
AT3G13224	880	761	795	1181	1108	1018
AT5G44280	550	510	497	922	776	784
AT3G26400	1095	1060	1038	1277	1213	1021
AT2G34310	1270	1248	1249	1183	1211	1149
AT2G32910	966	1020	988	1209	1161	983
AT1G13960	381	347	337	602	566	487
AT4G32060	1173	760	798	982	863	929
AT1G15240	1204	732	795	1276	1073	1103
AT4G24200	1371	1167	1353	1429	1458	1058
AT5G22500	426	469	440	737	764	697
AT1G54990	840	832	912	909	1116	892
AT4G08900	713	583	633	1128	1120	964
AT1G15670	1029	1013	949	1272	1449	1138
AT5G18480	833	814	879	1196	1155	1031
AT5G60570	1052	1048	960	960	1064	842
AT5G46160	1137	1260	1233	1179	1336	1013
AT1G77950	814	616	527	855	677	744
AT4G36180	1014	933	1048	1220	1327	1128
AT4G37640	1166	1069	1296	1209	1215	964
AT2G03340	716	597	621	1063	994	868
AT3G62270	1612	1425	1459	870	825	714
AT1G73460	1392	1086	1217	1337	1261	1039
AT1G68945	817	736	790	1008	1111	972
AT5G39890	1234	1004	1088	1662	1839	1714
AT5G24610	1078	1049	992	1317	1261	1159
AT5G40930	1255	1136	1146	1260	1237	1075
AT3G45630	1145	1023	1025	1235	1100	1042
AT1G21740	1513	1278	1407	1230	1299	1203
AT5G16210	827	709	698	1104	1014	1007
AT2G46500	853	866	905	882	856	668
AT1G21650	1474	1074	1177	1687	1578	1418
AT2G47130	545	547	583	1169	1443	1117
AT3G54220	1113	1012	1122	937	994	841
AT3G04930	892	922	885	1186	1239	945
AT5G03160	1922	1818	1957	691	681	670
AT3G24200	989	806	785	1170	1052	926
AT4G02220	1519	1368	1386	1427	1445	1181
AT4G17610	1801	1184	1289	1312	1129	1115
AT3G48115	262	297	238	639	717	589
AT5G46860	823	824	780	1038	1112	881
AT2G16890	380	355	330	747	591	544
AT2G20020	1010	940	984	1138	1029	877
AT1G69040	688	653	717	880	1019	887
AT2G31970	1625	1065	1275	1423	1197	1359
AT3G52120	1057	836	968	1153	1100	1008
AT3G54480	1259	919	941	1083	1063	954
AT1G74910	851	722	752	867	853	794
AT1G69252	222	203	184	639	640	551
AT5G66470	991	825	775	890	873	745
AT1G67105	55	65	47	1438	1768	1368
AT5G58430	802	786	874	1160	1204	911
AT3G01650	693	564	667	990	876	787
AT1G29340	752	844	800	1127	1220	915
AT3G06170	623	526	665	1069	1105	932
AT5G01520	244	207	240	542	486	554
AT5G01650	1460	1344	1335	1165	1353	1192
AT1G16920	543	489	560	535	658	452
AT2G15910	1414	1444	1408	1423	1590	1208
AT5G02580	1041	1135	942	1293	1444	1139
AT3G18060	757	694	770	1029	1089	793
AT1G68060	750	652	650	623	713	611
AT4G09020	766	565	568	949	765	799
AT1G31440	690	651	771	1126	1070	859
AT3G17900	1156	864	930	1008	908	805
AT5G42250	1544	1337	1391	1192	1304	1175
AT5G02490	1169	1099	1155	1055	1128	900
AT2G41500	1161	1111	1122	1323	1270	1113
AT5G13330	469	513	461	1322	1228	970
AT1G16010	1141	1042	1003	1239	1314	1170
AT4G39910	979	840	888	1043	1093	907
AT3G01100	661	462	517	939	840	847
AT5G26680	1215	1127	1134	1110	1006	925
AT5G51230	1191	985	1040	1104	1118	1018
AT3G14920	1004	984	1049	1436	1557	1260
AT5G50870	1140	1075	1176	1254	1367	1099
AT5G49400	1024	1157	1140	1127	1207	941
AT5G55140	1226	1177	1144	1375	1519	1194
AT1G32090	1324	1104	1276	1188	1279	1192
AT5G48850	848	963	841	1815	2049	1681
AT5G08650	1055	667	701	1086	1083	1020
AT4G30310	1138	663	691	1045	913	999
AT5G16930	1725	1727	1699	1415	1451	1185
AT2G38410	888	788	787	1143	1126	932
AT1G65540	1009	846	858	1190	1164	1077
AT3G02750	926	780	875	1131	1179	983
AT1G67700	659	612	567	864	884	720
AT1G09830	1168	1165	1162	1152	1140	880
AT1G54340	1042	851	982	1000	1108	966
AT3G63340	1189	610	725	1194	851	1034
AT2G32850	924	845	887	954	1038	916
AT1G14520	1091	937	1016	746	813	723
AT3G04710	1441	1240	1204	1322	1261	1140
AT3G07300	1271	1098	1083	1064	1099	951
AT2G19830	1107	1020	1101	1097	1105	912
AT1G69840	695	742	658	1143	1125	916
AT5G14240	696	645	686	917	972	806
AT2G40930	1210	993	1134	1292	1161	1031
AT5G62460	995	926	1016	1026	1029	882
AT5G37020	1459	889	1030	1159	1103	1023
AT5G12400	1248	969	1007	1320	1265	985
AT5G07740	1234	674	825	1152	871	962
AT4G05160	808	836	844	903	907	805
AT5G13630	101	63	92	45	27	38
AT3G08960	1258	906	977	1067	918	908
AT5G66985	1201	1163	1244	1760	2166	1724
AT1G55110	974	889	824	1084	1074	852
AT4G31790	1468	1406	1376	1151	1296	978
AT5G51340	1209	994	1026	1472	1341	1128
AT1G78890	880	872	809	1115	1192	925
AT4G23620	1377	1442	1458	1164	1263	1025
AT2G10940	1	4	2	1	4	10
AT1G58100	1236	1209	1231	1393	1426	1125
AT4G13830	790	700	651	728	698	556
AT5G06120	1457	894	960	1151	1020	1029
AT4G14716	438	463	451	1129	1124	965
AT1G75560	1401	1288	1248	1085	1206	1043
AT1G12850	1053	997	1017	979	1157	834
AT4G38520	1005	993	851	1018	1308	974
AT5G54080	388	302	342	690	657	625
AT5G17310	263	261	243	753	673	577
AT3G23750	968	874	922	875	948	784
AT4G28610	927	902	851	1097	1085	929
AT1G22920	1301	1153	1273	1267	1371	1082
AT1G33810	986	974	1053	964	1138	906
AT1G08680	1381	1066	1162	1268	1278	1177
AT3G59600	1146	1111	1128	1113	1249	1077
AT4G13200	630	584	599	1191	1156	987
AT5G66430	1	1	9	502	456	386
AT3G02740	814	679	855	1076	969	915
AT4G17640	1247	1102	1117	1286	1275	1100
AT1G73430	1432	1104	1109	1045	965	967
AT1G62480	36	47	31	51	54	32
AT5G46750	1187	1069	1048	1024	936	882
AT2G36810	1060	543	681	1189	845	1035
AT2G45190	1438	1322	1203	1045	1015	841
AT4G33060	1015	901	841	1294	1234	1075
AT1G66180	995	1016	955	1342	1364	1054
AT1G14000	1061	999	1029	1076	1096	939
AT1G11175	114	135	131	506	561	453
AT5G01810	1029	859	761	361	407	353
AT5G10400	398	512	431	525	685	543
AT3G18790	1116	1145	1161	1293	1265	1052
AT2G37520	1245	941	1044	1186	1102	1057
AT5G49830	991	803	892	1183	1107	927
AT5G57300	755	728	745	802	905	803
AT2G26430	847	795	807	1039	1050	848
AT1G18460	835	674	816	1255	1331	1244
AT3G52090	935	953	986	944	1106	888
AT4G27860	486	424	451	414	409	386
AT5G66040	705	677	644	846	971	753
AT3G20440	1757	1278	1314	1470	1522	1321
AT1G03160	993	793	812	1123	995	896
AT5G04710	1151	918	996	1350	1079	1019
AT2G17790	879	743	783	1213	1167	1011
AT4G13360	664	653	614	983	1001	769
AT3G13750	1082	891	961	649	643	589
AT4G38225	960	879	963	1226	1212	1070
AT1G76500	1184	1235	1193	1218	1408	1063
AT3G45980	546	613	630	544	631	537
AT1G33265	692	729	693	968	1010	831
AT4G25670	964	971	893	969	987	761
AT1G17680	1222	889	956	1482	1307	1236
AT1G35580	1210	1090	1148	911	1042	842
AT1G63690	1133	963	1023	1278	1235	1168
AT4G27080	773	632	661	806	822	675
AT2G44520	1103	1024	982	951	983	820
AT1G48460	1295	1205	1203	1253	1258	1042
AT1G56700	1344	1352	1254	856	1015	771
AT1G80670	1053	985	1005	1168	1175	939
AT4G27940	283	261	262	338	341	285
AT1G21900	1290	1391	1606	987	1032	835
AT4G25570	553	565	609	574	682	567
AT5G07990	40	34	43	72	61	63
AT5G41940	985	874	863	1179	1255	1036
AT5G01750	154	163	160	370	338	268
AT4G12610	1018	925	924	1200	1113	933
AT5G11760	1123	1187	1116	1049	1227	996
AT5G43900	1270	677	926	1053	857	913
AT3G15357	1427	1637	1549	987	1104	893
AT1G47270	833	741	751	1327	1352	1187
AT4G36530	141	119	151	294	274	223
AT5G17560	1240	1333	1305	925	1153	751
AT4G25450	862	653	643	966	850	857
AT3G62010	1152	869	964	1276	1167	1019
AT3G26070	693	625	614	1039	1017	873
AT2G47380	793	849	933	800	823	707
AT3G02570	356	336	351	460	547	444
AT5G60030	1424	1419	1353	1216	1348	1035
AT3G20290	1028	897	831	1132	1196	955
AT4G01590	1339	1380	1281	1019	1089	933
AT1G28340	991	814	927	1067	1093	1022
AT1G18900	1003	955	922	1235	1310	989
novel.127	359	377	303	1592	1706	1359
AT3G58110	958	877	824	1148	1191	969
AT5G53180	1414	1228	1155	1105	1058	949
AT3G10985	816	882	846	472	565	300
AT4G16310	1484	1195	1337	1451	1324	1064
AT2G32600	985	1012	1005	1222	1113	878
AT4G26720	1188	1068	1129	1385	1427	1203
AT2G02470	842	753	804	1137	1221	972
AT3G46960	1509	931	1127	1283	1102	1109
AT2G37400	1297	1286	1296	1269	1461	1116
AT2G15860	1208	1149	1176	1067	1147	991
AT4G26150	742	809	624	1569	1693	1406
AT5G42480	1207	1026	950	1319	1219	1029
AT4G26480	727	683	703	1112	1178	1007
AT5G54910	1548	1306	1469	1292	1258	1108
AT1G34110	1351	1086	1176	1470	1402	1166
AT3G22480	1074	1234	1118	1095	1129	988
AT4G19390	23	24	14	132	105	103
AT2G29500	102	78	133	608	566	542
AT5G59290	354	329	323	339	349	266
AT2G46470	1110	1024	1027	1136	1197	997
AT3G03740	865	898	970	1030	1124	916
AT2G16780	606	550	517	855	918	719
AT2G42520	1143	1136	990	1267	1141	1013
AT1G51630	734	767	841	986	1044	844
AT5G16510	746	708	735	724	834	676
AT5G49480	851	799	770	508	553	407
AT4G31170	953	886	961	1186	1173	1019
AT2G32220	1469	1640	1552	1014	1168	863
AT3G09570	1006	939	1099	970	1093	819
AT5G07940	1564	1225	1334	1402	1325	1217
AT2G40080	884	952	978	1165	1342	1026
AT3G62240	1117	1004	1048	1171	1143	895
AT1G53000	538	603	534	892	1025	846
AT1G06570	215	236	231	874	879	670
AT5G47620	829	813	819	1209	1231	976
AT4G00370	624	542	555	702	687	617
AT3G04780	1236	1266	1287	1076	1192	922
AT1G51590	1132	849	1064	1203	1231	1090
AT1G09280	1056	870	957	1366	1259	1283
AT1G10450	1156	886	981	1447	1243	1113
AT5G24810	1032	705	846	1088	1025	1015
AT2G01320	983	759	795	1225	1074	1058
AT2G21240	774	796	823	1106	1243	938
AT3G25500	433	368	454	495	501	383
AT4G20170	599	549	586	840	766	737
AT1G26740	1323	1475	1455	1231	1360	1021
AT4G18670	899	727	792	1008	1115	955
AT4G33350	863	870	830	954	973	777
AT1G61040	1014	1000	995	1313	1214	1027
AT3G14270	1174	868	995	1436	1322	1206
AT4G29680	785	746	869	628	775	593
AT1G61990	1325	1264	1235	1439	1503	1176
AT3G60210	641	674	584	633	774	563
AT1G59520	1294	995	1016	1199	1130	1104
AT1G31930	975	830	938	1291	1257	1072
AT1G49040	1018	742	831	843	741	719
AT3G52060	835	751	839	1295	1337	1109
AT1G02330	1140	1081	1168	1095	1175	980
AT4G27960	794	676	717	890	846	823
AT4G38640	769	694	775	960	1009	839
AT5G16550	193	239	227	654	650	564
AT3G16910	173	167	178	310	360	261
AT4G33670	363	351	355	749	696	605
AT1G55200	1839	1143	1264	767	758	771
AT1G03280	1179	996	1079	1297	1229	1143
AT3G46440	806	729	786	921	944	749
AT5G18450	185	196	191	1035	1072	797
AT5G12120	879	870	877	1154	1102	937
AT4G14000	1165	1085	1045	1236	1162	1021
AT5G61240	946	857	869	971	1060	792
AT1G69420	1253	995	1106	774	871	721
AT4G28540	1159	948	981	972	933	885
AT1G77130	684	693	697	969	1060	841
AT2G28540	1262	1052	1039	1277	1144	1066
AT2G19640	1537	1592	1480	1089	1270	953
AT2G25660	1584	813	849	1314	988	1190
AT5G10940	823	574	637	992	762	950
AT2G35330	1064	785	862	995	914	867
AT4G17300	1243	1006	1037	1026	1015	969
AT4G27120	952	694	863	1075	1054	949
AT4G39800	1131	1176	1030	878	960	792
AT4G08180	869	746	784	1110	1052	863
AT1G55540	1210	909	936	1468	1292	1071
AT5G13590	1170	836	919	1412	1266	1149
AT2G46080	1029	940	1027	1271	1450	1178
AT3G52180	1003	841	847	946	834	837
AT1G78290	1722	1248	1430	1243	1075	1212
AT3G10970	1079	954	935	1001	1035	855
AT3G60340	707	589	679	964	1002	872
AT2G26590	1157	1053	1070	1066	1065	876
AT1G27190	995	942	1118	1142	1252	946
AT2G26910	1184	871	1035	877	839	857
AT5G54870	724	665	804	1022	950	885
AT5G56940	1101	1206	1108	1043	1177	889
AT5G15970	4	10	12	7	15	5
AT5G28750	866	847	791	921	1041	879
AT2G45160	679	707	751	690	718	629
AT2G36400	1181	1144	1192	1423	1352	1139
AT5G05000	1277	1155	1233	1071	1052	881
AT1G01800	588	599	622	820	796	663
AT5G41010	1374	1428	1246	1190	1362	1005
AT1G60650	1064	990	1009	1240	1235	1030
AT3G19120	1091	991	1009	1303	1385	1076
AT4G34190	588	593	534	755	755	633
AT2G31350	345	268	280	766	766	665
AT5G63640	974	972	934	1072	1076	952
AT2G04865	901	823	833	1143	1187	916
AT5G53450	659	440	469	1748	1589	1432
AT3G23530	5	2	0	3	1	2
AT5G65900	1432	1307	1348	1183	1133	996
AT3G59650	1272	1310	1354	997	1154	859
AT1G09730	1112	927	1008	1210	1161	998
AT4G17060	968	1108	1031	1054	1063	901
AT5G24990	1321	1379	1283	1178	1349	1046
AT2G32520	583	594	588	501	517	426
AT1G62180	612	495	549	659	736	594
AT5G49650	661	539	651	835	804	692
AT3G17210	572	482	489	712	835	635
AT1G71340	237	183	184	608	530	513
AT3G15120	1358	1045	1156	1510	1388	1124
AT5G35840	986	937	928	985	1042	918
AT5G44190	892	839	831	1281	1407	1179
AT4G19600	1053	1014	961	1189	1153	923
AT4G05070	197	230	258	534	537	440
AT3G27180	929	747	724	1072	1090	840
AT2G32460	1875	1722	1860	842	912	830
AT2G32900	684	616	643	1074	1076	933
AT1G73060	787	671	626	930	878	888
AT2G39730	417	376	468	591	609	493
AT5G67470	1157	1169	1259	1033	1058	808
AT5G66530	771	711	744	660	716	663
AT1G30530	406	398	331	288	242	218
AT3G55520	1248	1186	1116	1212	1325	1171
AT2G33740	584	588	578	1108	1148	979
AT2G48110	1289	1013	1095	1388	1209	1032
AT5G49020	1280	1149	1221	1148	1196	1012
AT1G72970	442	358	389	312	355	304
AT5G08640	45	34	38	11	12	10
AT3G48380	908	665	742	1084	1020	973
AT3G07020	795	650	736	1153	1007	974
AT4G22930	711	762	727	690	704	586
AT4G17620	1054	760	826	1182	1070	1005
AT5G23610	1162	940	942	1112	1103	1056
AT5G65940	1002	766	799	1063	937	991
AT1G44960	923	860	956	1165	1278	979
AT1G27752	951	779	793	1200	1067	992
AT5G35320	693	713	724	985	1049	902
AT1G32810	1073	907	941	1334	1122	1037
AT5G54440	999	807	909	1010	829	773
AT5G42560	699	666	720	1077	1036	980
AT1G54320	692	584	634	904	997	806
AT1G15390	1172	1277	1164	974	1095	882
AT4G02020	1277	945	961	1477	1387	1293
AT4G12880	326	316	376	281	385	316
AT5G51410	1236	1080	1087	1220	1166	1018
AT3G12140	1066	871	851	1036	923	964
AT1G03350	767	823	826	997	916	746
AT1G65580	931	743	763	1043	875	848
AT1G08540	855	745	807	843	865	673
AT1G16900	1259	1084	1221	1454	1379	1161
AT5G67440	1331	1094	1150	1280	1283	1123
AT1G75270	675	699	713	561	636	539
AT1G21690	1446	1268	1277	1251	1209	1113
AT3G19670	1519	920	1037	1326	968	1173
AT3G27700	1187	984	1060	1318	1259	1001
AT3G23980	1057	750	896	1025	890	903
AT3G14840	1173	796	1030	895	814	763
AT5G16630	765	708	768	1097	931	827
AT2G06530	630	625	634	873	793	746
AT1G01350	977	928	838	1095	1183	941
AT1G52600	1068	1153	1146	839	913	846
AT1G78850	80	66	105	407	430	335
AT1G56050	1389	1280	1311	1106	1139	952
AT1G78510	789	802	631	857	785	828
AT2G24060	741	684	603	813	869	704
AT5G06340	754	807	790	989	1080	926
AT2G31240	1307	1265	1277	1266	1354	1059
AT3G44480	908	646	733	1354	1099	1109
AT1G21920	708	631	615	993	1035	911
AT1G03120	64	65	63	176	182	159
AT3G08680	705	703	804	755	876	656
AT5G18590	1510	1095	1134	1025	976	1015
AT4G20010	1445	1245	1191	1236	1165	1102
AT2G23740	1449	1096	1254	1541	1340	1179
AT4G03390	1211	1004	1065	1300	1195	1119
AT5G19485	1232	1071	1063	1247	1194	1046
AT4G09650	625	594	574	610	661	555
AT1G14200	133	120	171	195	269	232
AT3G20310	978	973	850	954	1181	1002
AT3G26570	751	707	662	754	724	653
AT1G13590	642	673	746	1292	1396	1237
AT5G55470	357	321	343	801	749	745
AT5G03430	1214	921	1001	976	1006	859
AT4G23460	842	661	673	756	791	677
AT5G20840	772	592	660	999	989	819
AT2G32170	1326	1068	1076	1116	1067	1009
AT3G12290	731	693	720	630	669	602
AT5G39590	764	711	807	1334	1360	1060
AT5G19150	612	617	594	1085	952	899
AT4G36890	1475	1387	1313	978	1107	873
AT5G05680	957	796	787	1171	1130	993
AT1G73080	708	652	810	1054	1126	892
AT3G18110	970	792	868	1257	1267	1035
AT2G26040	1267	1411	1315	1506	1707	1461
AT4G22260	883	771	845	1172	1179	1013
AT1G17450	969	789	914	1454	1257	1099
AT2G47640	1062	1112	1148	966	981	868
AT3G44430	1510	1454	1304	1563	1566	1437
AT1G54710	728	605	631	1038	1025	937
AT3G58580	997	1004	975	943	1065	916
AT3G54510	1041	673	749	1428	1175	1259
AT1G76900	1042	945	1020	1370	1412	1242
AT4G38270	1129	1000	1007	1105	1117	1049
AT3G59280	993	974	1011	955	939	810
AT2G25910	599	532	557	725	765	601
AT3G07390	596	724	747	888	1036	731
AT5G48960	1120	925	933	1335	1345	1123
AT3G47960	1285	1302	1460	1330	1368	1220
AT2G39480	1182	949	1043	1320	1307	1150
AT4G00990	1566	1176	1260	1049	959	891
AT1G74790	260	277	334	577	525	507
AT1G36980	825	922	796	1156	1394	1136
AT4G23670	1	0	0	1	0	4
AT5G47540	1183	951	945	926	921	814
AT2G42570	190	177	189	228	246	230
AT1G80950	1121	957	1095	1019	1098	1008
AT3G20120	947	913	993	1001	1130	920
AT4G01660	1145	960	1121	922	895	785
AT4G29790	954	808	821	1273	1190	967
AT1G44770	526	561	513	868	903	800
AT1G61100	686	597	590	807	820	689
AT5G15270	1426	1055	1042	1302	1232	1048
AT1G03610	654	608	635	1649	1720	1451
AT2G44530	780	704	737	1065	1005	874
AT5G01500	656	590	622	640	565	554
AT2G27450	854	862	895	953	1050	731
AT2G30700	904	901	833	1316	1421	1244
AT4G16490	612	630	673	805	911	623
AT1G51140	560	531	530	561	619	559
AT2G47320	520	471	519	664	674	574
AT4G33740	831	806	861	1406	1479	1150
AT3G59350	470	382	376	1095	1073	848
AT1G17890	643	654	694	588	594	499
AT1G04790	1261	1089	993	1064	1056	1039
AT1G69220	860	644	696	927	825	869
AT1G02816	319	345	352	354	425	329
AT2G35820	512	530	502	1070	1116	857
AT3G62790	895	834	907	824	903	721
AT1G16520	1015	1042	987	723	784	675
AT4G13590	641	614	615	915	968	773
AT5G62200	520	502	529	877	963	708
AT5G01270	1075	810	888	1175	1007	861
AT1G09560	219	196	259	613	545	469
AT5G57360	773	714	773	1123	1235	1052
AT5G16280	1071	779	843	931	807	819
AT4G24560	1138	827	988	1266	1034	1050
AT5G11860	921	961	955	1155	1246	1087
AT3G24800	968	909	852	1001	844	810
AT5G03540	876	669	688	1000	917	832
AT5G49360	20	16	22	6	7	7
AT5G15350	1194	1147	1332	672	811	724
AT3G59980	772	831	809	913	1054	793
AT5G11530	1444	1083	1245	1371	1276	1115
AT1G05500	804	836	786	824	873	695
AT4G39300	1245	1415	1497	1130	1157	999
AT1G79870	881	892	860	807	900	725
AT2G37630	740	670	615	651	794	586
AT1G64050	1231	1049	1050	1381	1245	1091
AT5G17530	1203	1026	1045	1056	989	985
AT3G47730	933	660	836	1440	1182	1164
AT3G60880	961	991	1038	953	1003	857
AT5G03880	541	514	474	885	838	735
AT3G51610	738	732	737	1009	1087	1025
AT3G05200	548	498	550	850	855	743
AT5G23530	1073	1174	1027	796	929	672
AT4G15160	342	275	391	77	108	92
AT1G11400	1022	924	937	1231	1247	1042
AT5G39040	1082	988	1173	1092	971	913
AT5G20300	881	879	808	955	987	819
AT5G19680	1007	983	911	1018	1130	939
AT2G32090	261	303	268	812	780	648
AT1G80000	974	835	784	1188	1174	1094
AT4G04920	1308	961	1095	1351	1160	1028
AT5G40780	248	254	297	675	707	594
AT2G37020	1174	1154	1181	1235	1283	1013
AT2G37570	1064	1051	1016	1484	1669	1282
AT4G18020	248	165	185	502	544	427
10/31/70	652	410	414	1004	970	945
AT3G62330	1043	945	937	978	987	879
AT1G27330	1716	1750	1563	424	530	377
AT1G54170	1297	1003	1043	1144	1082	1047
AT1G75680	422	411	451	462	435	440
AT1G55530	438	430	447	672	825	574
AT2G22680	1479	1454	1437	1433	1275	1053
AT4G15640	1388	1246	1212	1116	1175	1026
AT5G04560	1075	641	821	915	770	786
AT3G46000	574	615	687	888	926	732
AT5G38840	1096	949	1031	1138	1193	952
AT3G47610	678	802	633	1167	1283	1062
AT5G16040	1051	960	1070	1063	1007	1034
AT3G15790	603	602	571	1166	1292	1087
11/4/01	1430	924	940	1031	1056	899
AT5G08550	1015	853	924	1143	1160	860
AT2G02740	1202	1055	1014	1140	1038	932
AT5G43745	1535	881	1154	731	541	667
AT1G15430	241	274	228	353	386	333
AT2G44798	2158	1006	1342	1353	1331	1405
AT4G27440	27	30	41	29	25	21
AT5G22320	1236	1203	1192	1185	1115	878
AT5G63790	254	234	259	309	339	233
AT3G25040	943	886	902	746	827	719
AT3G09720	1616	1428	1401	1283	1282	1057
AT1G72430	753	781	771	1239	1323	1054
AT5G57580	1122	975	1041	1247	1301	1170
AT5G10060	1063	905	877	992	1006	897
AT2G28720	707	719	699	1441	1486	1198
AT1G33390	1380	1124	1265	1212	1242	1016
AT4G30750	771	727	716	1164	1152	1083
AT4G04020	448	404	433	663	741	599
AT1G01650	218	184	258	292	274	217
AT2G38450	776	891	787	1073	1076	948
AT5G42960	895	887	828	926	1021	816
AT5G51980	987	892	891	914	1035	768
AT1G43850	1104	901	951	1381	1291	1011
AT4G12060	888	981	898	815	897	763
AT3G50440	866	728	854	709	880	712
AT3G01470	355	412	322	1276	1363	1089
AT2G46330	674	656	648	787	824	691
AT5G66055	933	830	755	1147	1016	1009
AT1G19920	882	870	819	798	787	721
AT3G18760	1059	1149	1089	986	1015	810
AT2G15292	943	717	746	1780	1681	1471
AT2G47790	1251	1052	1219	1142	1226	1004
AT2G26230	730	581	634	705	758	584
AT2G42030	800	842	829	989	954	857
AT5G09410	1293	843	967	1004	870	830
AT5G63670	822	875	760	1256	1408	1164
AT3G60530	781	741	764	983	1159	846
AT3G21300	1289	1108	1167	979	1120	999
AT1G10940	903	711	728	794	795	792
AT4G05020	266	272	312	323	334	272
AT3G47833	783	867	782	716	699	586
AT3G03490	507	543	531	1140	1125	951
AT1G70280	1175	1042	1165	835	904	787
AT1G25682	685	684	759	893	872	805
AT2G44950	1215	820	933	1142	1054	1020
AT3G10030	875	705	722	1185	1056	923
AT1G52420	747	619	725	954	1047	875
AT5G26800	957	902	883	886	967	770
AT3G14650	939	850	903	1143	1227	974
AT5G52070	923	620	621	965	934	960
AT4G21800	931	805	930	1109	1201	921
AT5G09450	1116	1060	1169	975	1131	859
AT3G03160	497	643	607	673	708	604
AT5G39730	465	397	423	412	392	400
AT5G49460	664	550	631	466	479	408
AT5G35220	1086	867	979	1125	1025	1026
AT3G04580	1199	1039	1087	963	1072	814
AT5G20610	907	834	923	1306	1278	979
AT5G49430	1273	895	1005	1230	1097	1024
AT1G25540	1163	999	971	1325	1287	996
AT3G06320	1352	1537	1426	1048	1143	991
AT4G13630	711	670	704	1012	1062	834
AT5G41370	950	497	619	991	685	944
AT3G14930	790	699	713	758	810	601
AT1G03330	1030	1106	1008	918	1044	822
AT5G55480	984	782	913	865	960	806
AT1G63640	1068	829	801	981	870	868
AT3G19860	838	642	669	1156	1060	1043
AT1G01490	1017	963	930	746	814	716
AT3G57340	676	674	715	802	867	680
AT5G23340	321	251	281	595	670	525
AT5G12010	697	760	751	930	910	734
AT1G23870	1026	971	1088	1489	1585	1291
AT2G34680	942	668	724	953	802	819
AT3G07220	862	874	871	935	1051	825
AT1G79390	902	1019	977	996	1111	882
AT1G27750	931	753	827	1333	1273	1039
AT5G18410	912	658	710	762	710	647
AT3G26520	0	0	0	0	0	2
AT4G29810	803	756	809	1064	1123	869
AT3G54140	369	287	382	636	631	508
AT1G66340	1004	810	909	1204	1125	951
AT4G25710	983	940	881	1116	1172	959
AT1G51070	892	744	811	260	259	233
AT5G63110	1034	955	1029	1084	1039	898
AT3G50360	929	902	882	980	974	839
AT3G52500	486	506	528	1218	1279	1067
AT5G10560	724	650	773	631	776	667
AT1G74370	561	522	579	776	809	674
AT5G10480	525	476	507	548	608	526
AT5G02810	1130	757	737	1471	1259	1307
AT3G19990	334	330	326	776	755	602
AT2G05170	822	702	838	1019	1139	817
AT1G14360	2377	2262	2545	594	685	600
AT2G30470	1143	879	971	1336	1201	969
AT1G66330	646	434	533	887	813	856
AT1G13690	911	992	873	910	1076	932
AT5G07960	676	703	702	930	883	728
AT1G71270	898	662	749	871	773	736
AT1G49540	1178	1039	1132	1362	1186	1107
AT3G06380	535	557	496	1053	997	985
AT4G36900	89	87	73	252	318	252
AT5G18830	949	865	755	1048	960	868
AT4G19610	1306	991	1066	1238	1070	952
AT2G14260	697	518	528	863	853	835
AT3G54680	436	425	384	562	563	478
AT3G26370	781	695	855	864	847	749
AT1G70000	1385	1438	1332	906	1119	841
AT1G71780	777	806	811	877	976	774
AT1G63290	857	849	850	963	1022	878
AT4G31420	517	539	548	743	740	627
AT3G04350	572	507	482	935	991	827
AT5G05460	1154	933	1084	1086	1029	906
AT4G32605	1207	1185	1180	1157	1291	1005
AT1G69850	1768	1566	1712	1020	1116	870
AT3G29090	718	670	638	949	906	842
AT3G07170	1060	960	940	976	962	818
AT4G30790	1212	957	964	1270	1272	1098
AT4G32290	280	336	242	575	733	523
AT2G28390	831	622	735	833	761	749
AT5G64680	1305	1172	1085	1159	1185	1062
AT1G28360	422	502	468	680	633	496
AT3G57990	804	954	781	1024	1055	846
AT3G51730	811	717	779	629	784	582
AT4G10070	1161	1002	941	1172	956	1039
AT3G17800	616	575	568	796	801	669
AT1G48230	856	814	793	723	863	637
AT5G12040	748	666	749	876	858	794
AT1G26910	1259	1394	1245	786	858	631
AT2G05075	118	119	137	784	908	642
AT4G22820	869	983	1006	899	993	701
AT2G18940	1145	1073	1077	1157	1313	896
AT4G28240	271	298	235	859	870	697
AT1G26470	960	830	902	825	757	773
AT3G07760	641	638	676	858	852	662
AT3G46940	857	903	816	718	859	611
AT5G42060	1127	1167	1114	1075	1253	999
AT3G59760	622	583	604	406	400	359
AT1G01620	525	557	621	668	747	637
AT3G42670	1552	1347	1396	1377	1444	1223
AT2G45480	901	913	860	1335	1299	1102
AT3G42660	1221	1003	1098	1049	936	731
AT5G10490	1007	891	911	985	938	810
AT1G05120	767	588	630	1024	826	799
AT3G54500	544	351	343	974	819	876
AT2G22425	1013	1171	1142	963	1094	921
AT5G44250	977	890	847	848	909	777
AT3G07140	932	876	988	1053	1006	899
AT5G27740	931	838	928	1025	969	879
AT4G12780	1105	834	854	1048	1013	959
AT3G06420	64	48	77	183	145	121
AT1G64710	116	115	125	380	440	332
AT3G17000	634	584	643	938	987	879
AT1G27900	1057	902	931	1275	1168	1066
AT5G24670	1602	625	689	837	558	879
AT3G46210	1458	1227	1186	1224	1185	1094
AT1G44910	1444	963	1148	1195	975	1017
AT1G68070	504	448	530	740	704	585
AT2G27810	1108	925	1008	1054	1060	902
AT2G35900	837	779	871	1090	1134	892
AT5G08380	507	429	421	794	782	671
AT5G28850	1213	1011	1031	1003	1003	951
AT3G17410	844	833	760	1131	1111	927
AT4G00755	634	586	641	757	764	657
AT3G18980	1211	1110	978	1320	1357	1085
AT1G17510	785	961	935	955	1155	859
AT1G44900	624	539	504	661	663	557
AT3G60350	910	791	862	1133	1001	962
AT5G54380	1683	1398	1634	898	983	811
AT1G22400	905	779	833	1040	1078	921
10/31/73	1293	1092	1200	1196	1216	980
AT4G02150	697	707	741	916	806	698
AT3G15460	1400	1323	1350	1060	1132	965
AT1G77000	139	120	128	369	384	292
AT5G54750	648	713	741	713	755	635
AT4G25230	527	456	481	645	604	578
AT3G19540	1338	1463	1231	1292	1410	1106
AT3G15450	117	110	122	738	860	559
AT2G01690	1043	657	852	1110	978	931
AT4G04970	1199	848	929	1299	1140	1048
AT3G03340	1145	893	961	1183	1039	986
AT4G23540	1584	1135	1332	1462	1181	1187
AT5G60450	1327	946	981	1218	1087	1043
AT3G24050	1300	1333	1351	1044	977	841
AT4G29490	967	673	691	888	897	859
AT2G17520	718	536	762	1189	1159	1096
AT5G13280	898	829	892	707	780	647
AT5G61220	1144	1171	1172	966	1177	913
AT3G63150	893	718	741	954	915	863
AT4G38430	417	361	336	540	528	490
AT1G47278	1073	1211	1143	951	1058	905
AT5G22840	1196	1118	1107	1374	1449	1100
AT4G03320	1079	1037	1126	1208	1295	891
AT1G34550	792	712	703	764	815	724
AT3G60360	1231	1212	1132	970	957	838
AT2G20300	1068	1022	1154	1174	1104	943
AT1G17440	1066	967	1089	1183	1140	946
AT4G13180	68	67	67	130	150	129
AT3G56430	1081	1042	1059	872	1017	699
AT1G07070	1293	1331	1251	731	799	658
AT3G58050	1014	850	905	1037	976	905
AT1G14530	236	191	209	569	507	508
AT4G24470	898	846	881	1056	1015	875
AT2G17265	644	711	652	729	810	695
AT5G17930	1205	993	1000	953	974	842
AT4G19700	764	820	796	1092	1292	965
AT4G29330	912	728	908	874	753	773
AT5G24160	39	34	42	623	626	451
AT2G35410	687	653	649	828	749	641
AT3G21215	1115	780	837	1147	957	1012
AT4G28590	1267	1226	1135	1381	1273	1067
AT1G09900	1237	1280	1149	1163	1262	874
AT2G36000	761	753	674	1009	1132	813
AT5G23070	1126	1272	1185	1029	1130	796
AT1G31130	662	662	712	829	932	768
AT5G65050	817	457	534	575	495	579
AT3G25700	960	1005	1081	728	795	610
AT4G07990	811	807	775	1182	1305	996
AT5G42620	1236	897	1076	1115	1143	990
AT1G32530	1058	886	904	1134	950	907
AT1G16300	780	729	748	634	720	583
AT1G65840	573	474	512	243	275	266
AT1G61690	650	573	695	952	948	698
AT1G68310	1044	1037	1094	921	942	867
AT5G35200	607	437	480	859	822	772
AT1G72770	434	263	324	551	533	425
AT1G75840	875	802	831	811	870	750
AT5G60210	604	570	550	740	705	572
AT4G26620	732	764	692	951	1012	871
AT1G01040	1346	848	979	1221	859	1023
AT5G02840	374	317	292	954	757	813
AT2G41720	865	724	761	965	980	874
AT1G21080	423	407	422	805	727	721
AT5G08790	453	445	505	580	634	513
AT4G15080	1286	1093	1152	1170	1213	1006
AT5G58900	764	653	650	144	148	156
AT1G33230	670	525	577	754	714	663
AT2G38400	1566	1134	1154	816	769	854
AT1G23080	1536	1343	1558	878	985	869
AT5G56740	877	862	868	851	899	738
AT5G40760	442	425	453	604	568	522
AT3G19810	807	765	699	1054	1125	944
AT5G09890	646	548	563	665	599	589
AT2G02070	1116	1016	1103	952	958	841
AT4G26910	753	747	723	534	591	511
AT3G09560	992	681	787	901	919	885
AT4G36440	813	701	760	899	1101	852
AT5G01290	1295	980	948	1068	995	865
AT5G18420	1010	941	974	1032	997	884
AT2G43130	1083	1131	1103	926	1049	781
AT4G08950	403	321	368	328	460	334
AT5G58640	768	757	824	856	922	724
AT1G19740	924	934	910	877	955	771
AT2G28790	593	663	611	613	690	522
AT5G10630	1004	879	887	1126	1099	905
AT1G64190	920	852	959	771	806	657
AT2G16660	1649	1485	1806	563	569	511
AT2G36480	986	973	990	1032	1045	864
AT4G32010	1163	1002	1063	1045	1123	1016
AT4G33480	872	753	838	1064	975	808
AT4G33945	870	828	830	874	933	660
AT5G27650	1049	1000	1005	1146	1216	938
AT3G01380	1106	882	934	1000	977	863
AT4G34830	835	643	623	1184	1078	1057
AT3G22990	1063	929	941	1058	1052	990
AT1G77750	1042	1115	1066	812	737	696
AT1G20370	1080	1082	1045	921	1015	730
AT4G32180	992	759	835	1010	915	946
AT1G60610	869	792	745	1273	1131	1073
AT3G15354	450	336	266	570	479	517
AT5G58450	1048	911	908	931	865	819
AT5G41685	996	1021	1126	993	1195	874
AT3G16990	300	318	280	642	720	549
AT5G57460	837	879	941	775	953	646
AT4G13750	1460	1173	1284	1441	1252	1082
AT5G19540	433	391	428	761	797	619
AT3G20670	389	460	416	471	539	420
AT5G26110	1379	1378	1360	1172	1179	1070
AT5G01160	690	795	667	908	968	770
AT5G56860	783	817	719	1112	1160	883
AT5G58210	822	804	843	1206	1119	1060
AT4G32300	774	664	820	757	755	641
AT3G61700	671	442	448	791	769	742
AT1G80910	953	866	947	912	958	801
AT5G23290	912	985	954	970	1006	831
AT1G24735	168	195	198	602	570	490
AT4G38500	809	819	853	937	949	811
AT2G43810	1128	1102	1145	1039	1138	923
AT5G04670	1065	933	993	1095	1087	896
AT1G44750	970	854	833	1149	1102	927
AT4G29750	872	702	658	1074	960	855
AT1G14910	1155	948	997	1308	1136	1066
AT2G41700	1605	942	1171	925	698	796
AT1G01730	607	624	686	862	919	688
AT5G64220	1077	888	936	1115	1048	880
AT2G01220	965	593	649	853	759	846
AT3G10740	523	424	554	1104	1057	1034
AT1G01610	758	759	833	506	621	460
AT1G48160	770	877	903	775	928	732
AT2G02790	972	962	1024	1190	1157	708
AT5G22800	1434	1049	1363	977	804	804
AT1G12360	743	499	648	923	745	761
AT5G23050	372	288	274	694	634	676
AT2G27830	850	951	862	1400	1459	1207
AT2G31840	1026	1013	933	1270	1319	1129
AT5G17640	1078	1092	1036	1108	1280	1006
AT5G10650	321	236	267	603	516	517
AT5G11260	611	621	480	583	710	688
AT3G07180	918	745	878	949	922	1006
AT1G09530	710	591	611	1138	1057	959
AT4G08960	947	917	875	906	1026	817
AT1G02100	834	647	586	923	887	913
AT2G42740	1175	1191	1177	896	975	765
AT5G04500	50	63	75	406	347	328
AT1G72480	595	584	628	740	890	680
AT4G10180	1006	739	751	1100	968	947
AT1G03030	604	470	495	912	824	727
AT3G07950	713	659	631	711	860	712
AT5G63620	673	588	654	957	1005	778
AT4G30340	1087	920	1089	974	977	930
AT4G25960	1059	816	1144	1147	1100	971
AT2G20050	1170	987	963	945	866	749
AT2G33520	46	36	52	331	293	249
AT1G01080	696	665	721	638	796	612
AT5G66110	103	112	123	400	348	302
AT1G18950	996	867	884	1120	974	867
AT2G07690	509	427	433	496	503	428
AT5G59710	1202	962	932	1043	991	885
AT4G09680	1301	759	852	1122	872	1037
AT1G75370	683	575	601	1132	1165	1024
AT1G11360	406	417	431	617	652	472
AT3G26710	820	803	734	863	888	749
AT3G49790	1418	1334	1379	1253	1379	1070
AT3G04550	593	630	612	813	888	696
AT3G29160	991	897	935	1155	1173	984
AT3G01520	559	571	595	719	807	654
AT1G62810	480	495	520	902	958	780
AT2G15430	942	1003	932	880	831	767
AT4G19040	1327	944	1026	1099	963	994
AT4G20330	748	747	784	816	837	761
AT2G37500	1060	893	867	827	858	818
AT3G53990	273	265	315	413	481	408
AT3G19630	922	912	895	978	1071	883
AT2G22360	1011	989	993	936	1027	836
AT5G48870	1078	1094	1060	952	1069	839
AT3G51120	795	589	673	1085	1008	870
AT1G20770	634	588	555	604	664	619
AT2G03470	792	806	786	910	896	737
AT5G17510	1295	1033	1064	1077	1082	930
AT2G35010	988	988	972	835	957	774
AT1G06130	606	649	700	942	1016	788
AT5G01460	831	729	801	811	886	779
AT4G36730	737	625	663	908	830	807
AT2G22080	327	359	320	638	681	565
AT1G79520	995	916	1018	1023	1104	921
AT5G07370	1083	1082	1134	1042	1188	848
AT5G47090	518	523	481	832	929	700
AT5G04440	720	607	584	813	901	754
AT1G53840	218	204	218	496	641	488
AT1G10900	1069	820	918	1144	1124	1157
AT1G79050	1007	950	985	1081	1213	980
AT2G20390	959	1007	932	1156	1374	1169
AT1G29260	845	748	828	878	989	763
AT1G55250	1122	814	892	1148	963	1021
AT1G52730	1100	949	873	859	983	699
AT2G20940	1097	1207	1222	1140	1338	1079
AT1G69960	855	834	804	1030	1026	901
AT5G48380	484	468	597	1059	1145	863
AT1G11280	1208	938	1053	914	919	912
AT4G03120	1138	1138	1021	1077	1125	873
AT2G46950	1012	1007	980	316	349	303
AT1G22700	701	531	591	726	733	615
AT2G44730	567	581	598	887	762	641
AT3G47450	971	720	822	904	851	819
AT2G22450	828	783	745	1053	944	881
AT2G04160	422	370	463	75	77	76
AT5G22350	751	671	606	746	694	708
AT2G06040	1170	919	999	1308	1101	1036
AT2G17990	707	629	629	867	819	695
AT4G02790	954	794	767	953	917	854
AT1G26370	1197	1026	1114	1168	1032	974
AT5G49580	961	751	885	1026	996	937
AT5G10950	932	901	957	1039	1057	843
AT5G03460	500	589	541	876	970	768
AT2G04700	706	732	653	890	984	727
AT1G26800	251	214	220	405	533	365
AT5G03900	959	713	752	908	944	911
AT5G07200	1811	1880	1983	1339	1285	1027
AT5G11980	925	729	764	760	805	646
AT2G19680	1061	1116	1067	731	877	721
AT4G17230	509	599	590	855	852	664
AT3G21110	1094	1003	1054	980	952	838
AT1G52320	899	772	777	1191	1147	943
AT5G40670	1124	1036	1106	996	1023	893
AT5G24890	803	792	810	972	1025	891
AT4G36380	1212	1020	1184	1722	1645	1479
AT5G03070	903	736	826	1213	1103	961
AT1G12470	910	641	727	1050	921	777
AT4G35160	229	271	193	555	580	500
AT5G62650	750	693	730	950	967	774
AT2G19470	1352	1001	1048	1006	995	913
AT4G36480	869	877	775	752	941	771
AT4G34270	906	752	780	972	1052	907
AT3G05810	801	820	772	856	999	823
AT1G63850	677	629	591	857	963	756
AT4G19190	722	713	665	971	935	708
AT4G22130	442	404	389	490	499	413
AT5G41790	692	484	587	572	513	439
AT5G53770	1128	1002	1006	1165	1221	1031
AT5G24060	948	782	815	998	966	845
AT5G55120	600	502	477	445	479	390
AT5G49540	963	954	912	799	841	726
AT5G63550	936	882	895	928	905	791
AT1G14685	951	855	874	1112	1011	834
AT2G45180	305	295	319	22	23	31
AT5G13640	801	732	812	951	997	850
AT2G46830	690	523	488	600	559	584
AT3G47836	944	1007	952	1045	1067	871
AT5G10070	665	614	645	692	715	667
AT4G38220	453	445	471	603	752	550
AT5G11270	695	650	606	901	1015	746
AT2G18160	547	513	454	746	906	669
AT1G08500	659	690	727	525	636	536
AT3G46100	922	783	818	838	845	773
AT4G33110	886	853	741	749	692	567
AT1G21160	1074	757	930	1290	1068	982
AT2G28550	439	374	432	695	673	592
AT5G05370	1122	1241	1171	590	742	691
AT1G80340	1135	1166	1024	786	898	681
AT2G16280	623	606	698	580	621	504
AT2G32950	776	655	716	941	914	842
AT3G04490	1225	776	807	1054	822	976
AT5G02750	43	36	54	244	228	156
AT5G38720	1224	1170	1168	1106	1037	953
AT5G55200	1285	1265	1228	882	989	740
AT3G10090	1121	1303	1257	1000	1021	888
AT3G59810	788	829	805	1016	1095	831
AT1G75210	1105	797	765	751	751	705
AT3G21220	679	785	701	803	998	685
AT5G56760	756	730	727	770	830	748
AT2G16920	962	832	878	1029	943	792
AT3G18480	874	706	748	856	797	725
AT1G74960	677	559	606	425	435	451
AT1G08780	921	942	940	796	940	811
AT1G09330	729	793	773	777	881	711
AT2G19790	615	580	661	748	659	567
AT1G71500	636	597	578	790	789	619
AT4G25260	1314	1416	1439	962	1084	978
AT3G20550	916	717	751	1133	1023	957
AT3G48060	948	798	877	1082	1083	810
AT2G30140	140	183	168	457	513	379
AT3G14890	741	577	645	595	595	497
AT1G12760	685	633	689	931	1068	806
AT5G62600	1101	872	968	1122	993	863
AT5G03420	925	721	757	1059	1012	886
AT5G28350	856	603	666	835	701	710
AT3G24430	605	487	485	885	837	853
AT1G54520	554	474	545	798	789	766
AT1G76630	1253	901	954	1105	840	970
AT4G34020	1166	795	818	1039	973	942
AT2G17440	742	663	651	1022	1053	879
AT5G39660	587	624	627	738	779	653
AT1G19580	890	877	833	765	848	595
AT3G23280	819	732	720	1335	1243	1000
AT5G19130	788	790	878	1001	1176	920
AT4G35240	402	382	379	789	817	545
AT1G30690	1140	1071	1023	898	866	737
AT5G61330	1380	1240	1138	1050	972	920
AT2G45150	1351	1109	1046	1143	1165	1048
AT2G15560	691	696	669	821	902	793
AT4G35860	603	587	569	732	672	614
AT1G72570	2064	1670	1497	435	348	404
AT1G12120	957	921	906	897	1019	854
AT5G20040	880	901	911	1003	941	872
AT1G62420	247	298	277	770	725	574
AT1G20430	981	1162	1096	826	882	732
AT3G21750	311	283	341	368	451	315
AT5G27380	937	810	812	740	725	655
AT3G18140	804	649	655	857	899	808
AT5G09850	816	648	731	720	705	595
AT5G65760	674	519	649	920	862	789
AT1G79270	146	123	130	340	299	234
AT4G18920	67	56	61	387	410	315
AT4G18280	92	79	76	438	488	393
AT1G73720	1001	886	863	1000	1005	872
AT3G58170	694	655	588	879	985	816
AT5G56220	1097	1089	1026	1082	1192	871
AT4G34881	194	182	159	920	833	642
AT3G50650	700	718	708	1269	1247	984
AT1G68660	664	632	587	947	1046	734
AT5G55125	1159	1116	1093	966	931	868
AT3G58040	928	899	938	840	864	690
AT3G15090	548	525	521	649	751	593
AT3G15920	719	590	683	915	841	791
AT3G22980	984	884	951	1032	1019	802
AT5G27840	639	680	689	882	856	665
AT4G17270	704	590	614	705	758	569
AT5G35690	801	713	729	941	811	765
AT4G01050	127	104	96	235	268	192
AT2G19930	582	242	317	971	659	860
AT1G12910	980	988	1043	1068	1188	878
AT5G12430	1045	756	859	1015	950	838
AT1G24310	1250	1185	1153	875	862	785
AT4G28600	887	766	855	964	984	797
AT4G15880	1121	1027	1006	1114	992	902
AT5G43100	942	722	801	985	941	963
AT2G43070	850	671	755	782	839	840
AT2G47890	261	217	299	642	539	460
AT3G13690	993	691	749	579	566	562
AT3G06550	630	510	580	841	721	688
AT1G61780	861	949	907	811	950	717
AT5G43720	970	981	990	894	936	772
AT3G60500	1094	959	957	1037	949	814
AT5G06350	1261	933	1028	1155	1044	892
AT5G04920	897	734	752	935	833	807
AT1G04420	554	501	538	663	703	552
AT1G27600	656	650	654	655	728	541
AT1G11660	921	748	772	748	772	617
AT2G39795	1034	1052	1049	1120	1102	863
AT1G48790	808	662	727	1046	1163	908
AT1G44446	320	293	330	562	493	437
AT5G66410	812	772	786	730	643	618
AT1G71210	1260	1087	1112	1206	1197	966
AT4G03180	1138	1016	1005	895	1035	803
AT3G12400	492	491	624	639	698	474
AT4G33080	1344	1128	1153	1168	1161	1024
AT1G60490	809	585	658	1022	829	839
AT3G29390	1375	640	737	909	561	875
AT3G20970	981	940	977	955	914	754
AT1G49630	1034	820	852	1129	1063	960
AT1G80260	1147	616	786	1112	944	969
AT5G22480	1178	1010	1030	1087	1031	892
AT1G21640	834	701	693	877	897	756
AT1G61900	884	781	750	1010	1103	975
AT2G33860	999	873	887	1001	1037	884
AT5G62930	486	466	439	606	668	556
AT3G58460	855	742	724	844	966	824
AT1G60850	1405	1267	1200	1008	1094	972
AT1G63700	926	810	839	1032	990	867
AT1G22060	751	479	559	796	702	595
AT5G23395	963	1035	1064	863	957	848
AT4G03030	709	694	755	1448	1340	1012
AT3G13222	962	875	853	1300	1274	1029
AT2G40940	1198	1042	1074	710	701	577
AT5G12290	987	810	864	980	1049	967
AT1G01520	61	62	55	190	158	133
AT4G12640	1009	868	828	1005	932	822
AT5G17850	226	193	243	415	439	337
AT1G17760	890	664	726	916	835	794
AT4G34030	697	594	599	793	751	716
AT2G01110	734	702	748	969	1020	823
AT4G01410	396	418	456	682	712	546
AT3G51460	749	658	691	605	665	563
AT5G20730	750	573	670	941	865	786
AT3G01690	901	757	690	604	596	555
AT3G49800	638	610	646	656	738	527
AT1G01540	783	671	702	680	761	690
AT2G47240	1011	820	856	440	443	431
AT5G51220	1116	1069	1031	935	895	776
AT1G80500	815	623	735	599	713	591
AT1G67300	525	416	414	864	713	768
AT5G41350	526	498	515	823	892	683
AT5G67530	806	782	730	917	872	793
AT1G16280	1054	1072	1011	1014	1047	785
AT5G04540	906	618	646	1005	848	817
AT2G17580	1162	1073	1086	1087	1049	905
AT4G04350	1185	821	843	1005	827	806
AT5G16390	407	462	440	420	529	356
AT5G46410	637	469	531	1014	1025	873
AT2G26920	820	782	854	1002	914	702
novel.138	838	740	763	819	859	743
AT1G08210	696	569	601	1237	1178	1116
AT5G06839	536	508	488	1153	1035	965
AT1G53590	795	631	696	857	888	783
AT4G31590	704	655	686	698	776	557
AT1G04910	595	522	601	734	761	737
AT5G25190	1027	1125	1007	2078	2188	1702
AT1G64810	354	372	373	506	511	422
AT1G53050	942	777	886	813	798	652
AT4G02060	475	428	441	455	500	439
AT1G29330	282	344	314	487	503	377
AT2G41945	942	892	865	1225	1250	1051
AT1G55460	800	793	757	949	888	792
AT2G46790	317	306	226	617	606	622
AT3G13350	973	921	887	1137	1111	920
AT2G30440	643	593	619	844	893	710
AT4G36630	832	701	703	942	906	744
AT2G22420	1843	1651	1768	1164	1327	1178
AT2G04880	1040	796	856	967	1032	829
AT5G48620	1040	789	772	1182	1116	974
AT5G56170	606	602	641	894	935	725
AT2G25800	796	680	744	924	1015	800
AT1G58060	1197	746	869	1184	916	894
AT3G14900	1324	1151	1182	1127	1162	914
AT1G47740	812	816	789	860	913	698
AT3G07130	1501	1183	1474	806	836	734
AT1G22770	428	501	302	1069	872	771
AT3G12950	976	942	918	1273	1248	1079
AT5G55130	1047	951	963	1124	1155	948
AT5G57815	480	538	525	862	846	749
AT4G37550	834	720	745	634	718	631
AT5G44670	420	411	474	669	715	599
AT5G53570	959	896	913	993	1072	919
AT3G55260	540	461	493	808	719	716
AT1G30240	1542	1254	1367	1111	1071	929
AT4G10730	973	713	796	1101	926	894
AT4G12770	902	755	736	929	749	710
AT1G75990	688	644	709	701	758	531
AT4G35785	874	651	686	771	630	721
AT1G66430	359	337	329	315	310	314
AT3G06450	786	651	728	721	781	658
AT2G32710	801	858	764	978	961	846
AT2G13440	843	620	622	881	838	856
AT5G26210	912	857	902	923	812	760
AT5G19660	804	599	689	1083	910	941
AT5G24020	742	739	702	865	950	769
AT5G48600	1289	876	970	1041	980	820
AT4G04610	1165	1149	1083	1147	1235	948
AT3G23910	631	572	536	895	849	726
AT5G13260	705	569	579	668	610	585
AT5G16290	1066	881	934	676	743	594
AT5G10030	1086	928	962	1342	1388	1350
AT2G19940	882	835	761	640	685	614
AT1G59830	723	712	700	983	980	910
AT3G46640	742	703	622	780	877	720
AT5G58930	702	664	680	768	836	722
AT5G54500	652	700	647	691	712	584
AT5G59440	861	820	794	1080	1206	896
AT5G65010	859	790	781	633	618	489
AT2G04270	1120	750	809	1020	834	832
AT1G31600	1316	753	791	894	728	904
AT2G38020	772	634	688	1104	915	898
AT5G62090	820	671	744	761	818	704
AT3G58570	1026	1020	983	1011	998	704
AT1G60140	748	629	703	1048	1006	821
AT3G12980	1097	749	840	1106	965	842
AT3G12590	973	697	769	1015	886	808
AT1G10180	872	750	785	968	890	778
AT2G19590	1019	795	1024	365	375	418
AT2G19270	898	828	894	870	921	743
AT3G04080	865	699	765	595	659	528
AT4G15090	1167	860	944	1175	1058	981
AT3G54000	821	845	856	1369	1343	1121
AT3G16370	17	16	18	5	12	7
AT4G32530	515	538	560	654	733	684
AT2G35795	706	753	718	883	995	852
AT1G35220	665	466	608	664	562	637
AT4G11800	899	658	749	1033	901	953
AT1G08060	971	682	751	1205	982	953
AT4G33520	745	573	592	534	520	501
AT3G01610	1128	919	1065	1001	894	764
AT2G46920	1230	993	1012	1105	1094	939
AT2G47650	136	137	111	143	142	125
AT3G23780	847	825	792	1009	899	768
AT4G36970	1008	974	955	878	993	784
AT1G28050	587	528	550	1021	945	772
AT5G65530	827	708	775	1708	1589	1400
AT3G45300	627	595	642	854	871	693
AT5G53120	807	744	793	787	752	719
AT4G13340	718	524	697	710	787	678
AT4G34460	777	698	729	921	936	800
AT3G12360	745	637	626	969	952	779
AT2G37620	654	698	630	542	612	459
AT5G15210	1294	1177	1156	972	1040	809
AT2G32970	896	588	636	999	888	813
AT4G40050	871	714	853	944	1070	850
AT1G58350	912	718	811	786	750	727
AT1G30510	622	534	563	483	473	391
AT1G28120	925	877	857	868	878	811
AT5G39990	825	717	749	756	868	621
AT3G61620	1285	1234	1099	1025	1002	846
AT1G43860	865	893	863	885	857	730
AT1G63970	690	673	710	827	953	722
AT5G51740	423	433	440	673	712	589
AT1G17145	505	367	398	857	649	729
AT1G26670	609	577	612	844	932	843
AT1G22520	952	931	1048	785	858	742
AT1G04980	1640	1592	1788	278	337	310
AT3G19950	645	738	707	855	852	731
AT4G32820	1039	675	789	1122	879	852
AT1G10890	1049	551	601	783	555	764
AT4G31080	545	465	574	673	714	560
AT1G10660	600	482	429	930	937	827
AT2G26460	909	827	869	980	928	784
AT3G28940	574	588	557	820	739	650
AT3G14590	409	321	407	714	712	599
AT1G25280	730	705	692	876	893	683
AT5G24314	566	587	533	609	669	574
AT1G26170	1110	825	801	966	829	780
AT2G33435	1103	780	822	1111	875	875
AT1G28395	1044	1088	1069	857	962	753
AT1G11390	689	636	652	625	741	514
AT4G11630	873	885	959	1133	1102	908
AT3G07670	871	691	760	928	900	838
AT5G57280	1376	1253	1238	881	956	841
AT1G76950	1001	762	859	975	977	873
AT5G35700	801	658	795	717	745	550
AT3G46830	815	731	794	727	861	659
AT4G32250	797	649	731	960	853	845
AT5G16440	786	808	821	628	743	620
AT5G55530	779	778	816	896	962	734
AT2G47210	835	714	711	781	751	734
AT2G38610	1012	1031	925	875	868	806
AT3G16120	109	139	120	787	742	722
AT4G36960	849	659	650	882	792	764
AT1G64990	957	806	860	916	957	812
AT5G50860	1044	881	891	1026	959	829
AT4G00820	621	611	626	692	763	619
AT5G05470	956	922	939	738	858	688
AT5G40910	1027	549	633	982	729	880
AT4G02350	772	753	740	828	909	653
AT4G17940	279	305	296	597	591	537
AT1G49480	945	860	846	978	1022	835
AT5G19000	738	715	788	749	654	631
AT2G01710	835	788	782	885	965	812
AT1G59820	872	576	733	972	845	872
AT5G11390	657	622	667	959	938	709
AT2G34355	217	248	241	570	570	428
AT4G15396	515	501	541	1596	1524	1444
AT1G49580	983	798	848	772	925	740
AT3G07270	671	781	753	793	886	653
AT5G16260	912	765	734	941	795	751
AT2G38880	580	629	635	780	835	647
AT5G08100	603	676	582	839	881	711
AT2G16930	677	703	660	894	915	671
AT1G29760	444	409	413	668	656	605
AT3G10160	1172	892	851	840	820	773
AT4G24990	411	340	423	487	533	494
AT1G75510	975	859	920	1008	922	801
AT4G16420	743	611	593	910	923	815
AT3G29185	793	695	657	725	714	758
AT1G11670	1117	1056	1342	686	799	657
AT1G58025	1000	806	838	902	810	758
AT3G62420	783	797	727	729	859	578
AT3G20320	798	700	713	795	823	692
AT5G38890	1274	1335	1225	990	1072	942
AT5G39600	986	1035	980	796	821	659
AT1G18160	1024	624	663	1054	934	936
AT1G66530	950	838	873	784	774	736
AT1G16680	805	682	742	965	999	854
AT5G58060	644	555	606	623	676	584
AT5G12350	832	615	710	1003	983	789
AT3G12920	443	508	459	567	614	568
AT5G28900	869	846	843	963	847	744
AT5G47490	988	715	755	741	717	667
AT5G52200	755	684	831	803	839	658
AT4G33980	204	221	196	783	757	619
AT5G47820	755	518	531	859	701	708
AT4G26750	598	642	582	873	856	643
AT2G46170	829	949	992	655	742	616
AT3G51870	1155	1057	1066	719	878	768
AT3G15290	332	324	382	534	530	480
AT1G24560	794	751	692	960	907	810
AT5G25510	727	619	644	672	702	553
AT4G33630	658	566	563	956	820	823
AT1G33270	671	569	628	918	962	860
AT5G19310	1215	867	977	1227	1055	986
AT3G60740	749	623	658	963	793	789
AT2G01630	1242	1173	1198	1019	1078	900
AT3G51850	688	637	620	747	677	591
AT5G24260	1018	818	831	876	814	728
AT3G44150	866	976	969	854	930	704
AT5G44000	683	720	693	864	841	744
AT2G29700	500	565	572	768	818	602
AT3G58840	1035	964	931	815	870	661
AT1G51310	811	753	709	1011	940	903
AT3G07700	458	318	425	668	587	588
AT1G72650	968	761	781	1157	996	993
AT5G16710	545	499	516	588	657	481
AT1G15510	1114	1030	1076	1306	1432	1062
AT4G33580	852	748	683	931	990	823
AT4G34730	531	605	492	598	663	492
AT4G02010	1070	787	922	1061	1083	950
AT5G04850	580	563	552	829	876	727
AT1G33750	501	408	383	404	444	428
AT1G04630	776	844	885	653	751	572
AT5G46190	1031	793	789	1016	851	930
AT5G56280	1101	1042	1093	934	933	834
AT5G45280	629	634	731	584	525	509
AT2G18630	851	859	822	907	942	745
AT4G11830	833	370	457	750	483	781
AT2G45300	782	694	639	578	640	500
AT5G65440	984	635	688	962	768	781
AT3G15720	2300	1794	2001	623	686	696
AT1G76280	911	776	766	861	820	790
AT3G14830	726	568	628	817	826	699
AT5G44710	983	1132	1076	879	1102	806
AT4G36010	857	800	897	1312	1414	1192
AT3G21070	698	551	571	815	818	692
AT1G23440	322	342	340	482	422	478
AT2G31370	954	835	895	743	749	663
AT5G48150	529	541	525	807	896	687
AT1G72340	1005	840	855	798	852	722
AT4G16650	699	677	634	827	892	719
AT2G02870	853	762	791	742	870	643
AT2G38810	1612	1656	1630	967	960	749
AT1G68370	887	844	840	843	741	738
AT4G02560	1008	863	918	985	918	872
AT4G21120	376	435	384	1409	1301	1035
AT1G46554	175	191	203	667	697	569
AT3G03300	1234	671	840	1100	964	1038
AT2G37550	894	892	859	686	864	623
AT2G40070	988	859	850	931	930	843
AT1G09810	1313	1151	1121	1174	1039	835
AT1G11820	915	811	763	950	928	904
AT1G80770	1106	927	847	914	832	836
AT5G50020	964	917	883	956	1009	863
AT2G39940	704	657	663	840	835	573
AT5G16460	55	56	62	446	557	387
AT3G27670	726	509	658	1088	914	797
AT5G65207	237	253	280	935	1023	806
AT4G02260	829	613	711	1070	821	925
AT2G13360	203	188	206	1060	923	854
AT3G60070	1512	1153	1203	865	792	882
AT1G60730	327	360	333	577	619	499
AT3G18940	979	1029	1086	804	889	682
AT3G46220	807	646	705	831	786	712
AT5G06660	669	702	815	818	913	686
AT5G38560	789	605	733	917	859	835
AT3G04500	1033	887	1013	935	959	800
AT5G19320	867	921	938	953	920	766
AT5G07460	883	835	846	442	473	438
AT4G26100	839	820	817	796	710	624
AT1G21380	622	606	588	777	703	596
AT2G18400	852	914	896	744	886	675
AT4G27800	599	408	441	971	906	889
AT5G60620	756	674	664	805	815	770
AT3G08760	929	847	931	1098	1019	900
AT1G78580	604	463	503	1008	892	843
AT5G01390	705	684	744	853	861	721
AT3G60830	976	927	942	870	974	702
AT2G13290	400	355	469	796	890	672
AT3G06580	907	775	862	844	732	783
AT3G56130	750	707	641	712	734	623
AT1G61140	947	723	822	999	805	772
AT2G16070	547	575	525	834	815	699
AT1G23400	594	535	602	715	815	646
AT3G17860	421	408	362	642	586	513
AT4G37740	996	993	965	902	1008	779
AT5G18960	821	775	770	1094	1039	801
AT4G14410	780	707	738	736	748	675
AT5G44860	759	677	805	843	902	729
AT4G09630	878	735	823	852	922	706
AT3G14940	398	342	414	190	164	133
AT1G07980	534	612	564	696	798	604
AT4G04720	902	826	935	890	949	757
AT5G11960	741	659	744	846	819	708
AT2G34570	976	916	985	1021	890	816
AT1G79950	1208	660	801	894	704	867
AT3G21430	947	629	718	868	799	746
AT2G15090	1175	1275	1199	518	510	497
AT4G12570	660	592	615	1144	1064	880
AT5G09250	690	613	546	740	772	645
AT5G24590	651	700	634	684	830	607
AT2G41520	1082	777	825	916	802	733
AT3G03890	651	501	552	708	681	671
AT3G45600	869	862	996	495	610	464
AT2G45700	1096	870	856	929	902	750
AT1G72150	374	374	354	516	596	447
AT2G45000	932	835	834	1050	1047	916
AT5G57370	837	828	861	920	968	855
AT1G18100	92	103	111	2000	2062	1546
AT4G37440	871	732	760	927	862	771
AT3G52660	992	809	821	926	817	786
AT3G09890	937	889	906	811	964	753
AT2G32560	740	778	620	170	164	201
AT5G53070	929	953	884	852	941	712
AT3G21175	968	929	903	944	1062	823
AT4G30480	674	648	726	733	751	610
AT4G15475	441	374	375	650	552	529
AT5G55290	534	550	492	725	718	569
AT5G14420	619	485	549	793	721	595
AT3G26000	647	590	616	991	986	783
AT5G15700	1328	913	980	1162	935	898
AT1G27850	912	726	744	1036	998	814
AT4G03090	1212	949	1008	933	1046	869
AT1G68920	839	672	667	864	810	793
AT5G58440	705	665	744	881	749	679
AT5G45800	718	655	692	1107	1141	913
AT3G16060	501	489	490	510	502	426
AT4G03510	873	898	880	850	979	716
AT1G78560	426	482	433	781	707	657
AT1G05940	741	636	666	926	824	746
AT5G18670	1047	998	1018	382	448	359
AT1G71860	1015	899	908	779	846	745
AT5G46110	106	80	106	79	83	64
AT3G03770	1327	826	931	802	726	758
AT3G48860	471	351	408	626	590	563
AT2G19180	738	745	819	1003	1040	748
AT2G40770	1041	696	841	1052	943	938
AT5G49530	986	809	822	942	974	839
AT3G13740	904	830	804	851	817	796
AT4G32600	550	532	626	888	896	724
AT2G36130	693	620	649	824	875	741
AT4G15940	473	573	484	694	697	622
AT1G54380	977	951	939	967	893	820
AT1G31830	499	512	573	866	852	677
AT5G09860	952	827	814	956	973	811
AT5G64340	790	695	728	884	922	746
AT4G37920	805	754	736	824	950	721
AT3G61480	733	506	553	736	634	578
AT1G78600	470	391	377	634	615	479
AT4G08500	897	704	696	932	898	761
AT3G48760	641	571	685	815	832	745
AT5G50000	498	538	541	770	821	681
AT5G45190	813	684	703	884	821	776
AT2G44670	384	419	338	365	448	329
AT1G44835	1092	1086	1052	730	840	660
AT3G12560	567	466	477	531	576	479
AT1G49430	1147	952	959	456	436	394
AT3G06310	519	609	573	639	704	570
AT3G58180	1200	1225	1217	992	927	804
AT1G60550	776	804	809	832	911	783
AT5G41340	450	423	382	538	551	465
AT5G63680	765	827	850	533	575	403
AT2G44090	768	684	629	808	786	709
AT4G14110	875	871	891	864	831	704
AT5G25070	687	586	612	897	874	693
AT2G20780	473	467	427	641	686	617
AT5G42690	220	133	165	247	226	223
AT1G49300	592	494	514	663	661	562
AT5G23880	1033	902	947	932	831	804
AT5G45600	1004	894	912	767	823	675
AT2G30570	304	372	334	914	974	700
AT4G34040	769	668	755	879	860	730
AT2G34770	412	361	315	504	548	472
AT4G11820	556	528	467	656	583	449
AT4G14342	832	810	817	758	901	686
AT4G35580	516	422	481	875	777	648
AT5G25080	704	702	707	898	834	721
AT5G59970	279	278	278	337	388	271
AT1G11870	806	647	682	747	711	709
AT5G46280	472	401	439	487	484	386
AT5G22030	992	815	914	814	852	661
AT3G17880	622	584	608	809	782	702
AT1G04830	458	375	365	573	545	556
AT1G08650	1508	1488	1496	659	781	580
AT1G48490	937	622	707	1068	858	866
AT2G38700	561	512	469	272	316	285
AT3G23540	724	618	640	815	748	729
AT1G12860	922	896	849	1026	981	836
AT3G51100	611	672	659	786	865	654
AT3G05760	658	627	603	937	878	871
AT2G02080	803	698	633	771	734	666
AT1G51160	759	672	697	600	681	650
AT3G27310	775	631	681	718	780	723
AT1G17280	725	671	651	814	723	742
AT1G77470	1063	940	943	831	937	773
AT3G22740	9	10	14	170	142	155
AT3G50210	700	546	631	692	629	629
AT1G62430	741	732	770	895	854	802
AT3G17750	923	744	749	885	873	714
AT5G01960	911	695	785	855	845	792
AT2G29460	97	126	98	473	483	377
AT2G34260	1425	1252	1202	975	902	855
AT3G52800	678	589	654	625	759	545
AT4G21910	919	752	909	616	612	608
AT3G04730	565	503	519	192	197	214
AT2G21150	874	744	742	807	755	755
AT3G51820	469	384	423	708	670	572
AT5G14060	648	586	566	836	799	794
AT5G44785	951	796	825	904	911	844
AT2G39720	620	745	674	753	742	605
AT1G01230	533	478	504	617	697	497
AT5G19300	1305	1233	1153	1010	982	931
AT1G79810	929	740	841	776	761	708
AT5G38660	402	358	350	631	626	662
AT5G02860	1137	774	842	1082	1010	932
AT2G43800	834	751	828	773	760	589
AT3G62560	556	500	611	891	1006	785
AT5G52570	50	52	39	174	167	154
AT4G32680	686	831	831	846	858	750
AT4G10380	954	672	684	596	586	571
AT4G22380	1273	1224	1222	1023	1095	824
AT1G80560	633	609	591	623	637	534
AT4G10620	1167	1077	1024	990	1006	882
AT4G27430	554	452	550	585	595	513
AT4G31800	629	610	647	653	621	573
AT3G55480	969	624	744	819	692	762
AT1G49650	754	763	708	874	985	794
AT5G55600	990	697	688	1078	936	970
AT4G32930	675	657	667	642	609	615
AT1G80030	728	591	644	758	773	693
AT3G47080	291	280	321	407	407	335
AT5G24320	797	711	690	930	991	803
AT3G14880	310	287	332	549	662	567
AT5G65860	1042	1107	1059	899	978	762
AT4G08810	691	627	726	745	801	657
AT5G61880	1086	1086	1094	855	875	812
AT2G04890	486	486	460	775	854	604
AT3G19980	793	759	778	761	852	624
AT3G44830	997	823	1003	669	679	636
AT1G32470	16	33	37	41	59	50
AT2G36290	368	385	399	529	550	401
AT3G16560	1300	1168	1156	1230	1206	940
AT2G41980	912	806	749	835	819	741
AT1G03990	211	219	217	410	401	413
AT5G56530	1032	933	1077	1039	1142	913
AT5G64370	484	469	505	576	567	510
novel.148	783	737	694	971	918	831
AT5G14105	809	830	908	959	994	856
AT4G00752	515	515	522	818	781	733
AT1G19440	513	539	585	497	527	394
AT1G07660	558	558	603	718	787	609
AT5G35180	619	432	523	620	547	535
AT4G25690	474	470	449	657	700	559
AT2G46220	604	589	605	1102	1083	889
AT2G42170	708	393	402	756	598	781
AT3G11900	441	415	416	469	499	444
AT1G13380	885	923	879	1052	1172	833
AT2G31890	798	738	698	1005	1106	886
AT5G58920	793	801	914	996	1078	766
AT1G01990	504	481	417	1028	1223	898
AT4G26710	589	591	579	663	755	600
AT5G48930	244	287	303	486	570	402
AT5G17440	1012	607	686	900	658	806
AT5G20180	854	999	934	761	860	717
AT1G07970	991	972	988	1066	1009	960
AT4G27230	608	611	626	643	719	553
AT1G05830	1073	566	643	820	536	717
AT1G77280	1160	881	1016	1133	1165	936
AT2G30200	595	567	507	373	345	328
AT3G24190	336	288	249	573	561	481
AT4G29390	875	994	957	850	982	772
AT5G58990	995	970	1049	679	797	652
AT1G27630	963	628	700	762	707	801
AT5G22340	674	473	510	584	602	621
AT4G02340	557	574	591	939	919	752
AT1G74030	461	464	510	344	345	297
AT4G22140	867	828	838	865	933	778
AT3G08010	681	604	627	857	836	694
AT1G25520	1166	1081	1181	616	616	553
AT1G68240	895	586	592	1449	1291	1281
AT1G66200	6	10	6	21	14	10
AT2G16440	548	425	514	485	495	501
AT1G58983	965	1037	1295	1057	1107	860
AT1G20140	753	861	838	777	1006	709
AT5G63120	1023	891	876	774	793	698
AT2G32000	847	593	645	927	826	817
AT3G53700	1082	899	985	1006	1000	796
AT3G23590	957	736	706	809	753	679
AT1G78660	349	291	380	349	330	315
AT1G59870	200	204	220	534	524	414
AT4G22360	522	562	539	813	781	680
AT4G12230	715	609	581	952	925	721
AT5G20060	875	861	849	562	673	544
AT3G16620	954	865	850	952	981	714
AT5G53160	1034	982	1031	776	913	706
AT2G34860	632	572	513	701	700	645
AT3G13720	323	362	384	480	556	471
AT5G08580	689	680	757	787	748	649
AT1G48950	675	645	681	818	897	727
AT3G05040	844	656	715	1016	884	799
AT5G60040	1305	897	1073	964	805	674
AT3G52640	671	631	711	819	807	760
AT5G23390	852	706	779	834	829	756
AT1G18480	1224	1166	1155	847	848	680
AT3G05937	1008	1146	1050	1351	1498	1184
AT1G74160	662	627	618	756	805	598
AT5G36950	1030	902	846	1013	1019	882
AT1G07780	762	583	584	647	693	604
11/6/01	953	998	905	749	879	675
AT5G61310	996	1006	982	819	905	844
AT3G02720	444	353	364	422	415	349
AT4G39130	40	38	42	512	562	464
AT1G07380	840	792	906	1045	1038	949
AT4G38240	666	527	539	742	689	756
AT1G59910	640	594	631	926	793	663
AT3G04650	1198	1042	1041	856	951	769
AT3G24740	611	430	404	666	539	630
AT2G15880	1147	706	811	1544	1423	1505
AT2G35370	109	107	98	82	81	90
AT3G09650	932	798	871	1110	1114	873
AT5G15080	756	700	678	809	807	699
AT1G02370	1093	1051	1194	1009	1259	878
AT5G59960	763	606	616	751	641	565
AT4G19150	853	829	821	764	809	644
AT3G52190	1196	1186	1187	787	764	675
AT3G14720	685	552	653	635	689	614
AT3G57470	1279	571	733	933	618	922
AT5G35730	733	686	669	581	602	528
AT2G23460	969	856	895	971	931	684
AT4G14920	870	624	592	757	738	628
AT2G25310	643	616	655	837	993	792
AT3G20010	1179	707	757	759	696	830
AT3G06200	791	754	687	800	943	695
AT5G15580	746	634	653	626	779	596
AT5G20650	585	655	653	676	787	566
AT2G25620	758	737	752	658	651	522
AT4G21980	553	502	578	675	603	529
AT3G19190	1066	643	768	1157	824	914
AT5G17990	746	581	678	386	342	328
AT3G56850	672	622	701	904	896	707
AT1G27130	458	512	605	644	680	551
AT5G50780	955	676	767	1016	1044	975
AT2G43210	481	467	438	737	650	683
AT5G48680	812	834	745	883	779	710
AT3G49530	353	355	365	417	380	356
AT3G28690	678	561	622	827	836	676
AT3G11810	423	435	418	775	743	661
AT5G40160	885	749	741	949	1001	847
AT5G61590	309	250	366	555	585	452
AT3G58670	661	624	584	1085	1131	1020
AT3G51640	745	692	795	843	809	751
AT4G13970	823	724	828	893	929	758
AT3G06270	669	625	612	790	904	737
AT1G53760	909	894	828	786	856	701
AT2G20370	420	430	441	504	548	474
AT4G16280	958	571	599	754	606	756
AT4G37880	710	816	780	916	987	723
AT2G18840	492	515	433	725	843	656
AT4G31750	486	504	497	679	563	509
AT1G36990	850	695	744	916	945	686
AT1G06430	319	284	284	436	472	387
AT3G17930	781	743	709	967	971	865
AT3G66654	542	360	480	613	650	559
AT5G38880	723	581	642	685	619	540
AT4G09340	906	901	843	963	1099	797
AT1G22280	610	536	547	889	881	692
ATMG00030	186	285	257	1433	1639	1132
AT1G10870	763	589	641	737	646	649
AT1G47960	1283	1153	1399	683	777	620
AT1G73200	801	807	913	872	874	732
AT2G24180	358	365	441	807	887	743
AT2G25840	654	563	507	567	546	548
AT2G39130	820	628	744	525	550	456
AT3G59360	678	560	668	751	788	719
AT3G61530	610	575	580	855	971	828
AT5G08080	776	691	716	766	689	639
AT5G55100	907	587	594	789	653	762
AT5G11430	914	894	930	1094	1026	815
AT1G68400	971	935	970	814	792	763
AT3G03720	601	531	626	743	717	659
AT1G07705	1053	919	897	923	913	750
AT2G17380	620	576	499	622	682	590
AT1G15730	747	689	698	841	819	687
AT1G79380	599	449	430	747	647	697
AT1G32710	24	25	35	268	268	221
AT1G15920	630	637	583	1026	1087	857
AT4G21450	594	568	532	693	688	645
AT3G13225	1235	739	762	992	792	999
AT5G14660	901	867	798	889	922	746
AT4G21810	922	878	895	717	846	673
AT1G08820	793	656	754	778	780	621
AT3G24100	426	393	372	794	722	695
AT4G33220	630	595	601	520	647	515
AT5G55970	435	418	442	995	1031	768
AT3G16450	19	10	5	7	10	4
AT2G18670	749	800	854	1224	1404	991
AT3G28700	674	611	603	788	776	742
AT3G30380	922	686	727	844	785	762
AT1G19450	674	457	581	528	522	494
AT1G07910	631	418	528	812	695	678
AT5G24150	1120	1040	1264	314	385	354
AT1G17980	703	616	634	818	832	724
AT5G42240	808	733	721	740	765	720
AT5G53650	533	618	592	634	787	623
AT5G15520	919	953	877	820	873	740
AT3G50690	768	655	619	865	773	603
AT2G36410	730	774	759	1066	991	891
AT2G42280	1081	918	792	916	1141	964
AT5G63460	675	574	630	709	682	611
AT2G34340	992	1181	1017	955	1143	859
AT3G47550	454	402	370	544	499	468
AT5G64813	722	614	649	724	741	610
AT5G55910	697	592	592	733	767	558
AT5G07020	305	354	343	477	507	458
AT2G48120	738	642	628	732	721	687
AT3G54170	855	754	756	719	795	731
AT3G01480	638	538	533	609	574	577
AT3G19450	312	242	228	163	121	172
AT1G69760	1111	1197	1138	719	824	662
AT3G05280	751	715	807	661	690	613
AT4G03415	921	750	821	829	856	788
AT5G08400	706	740	732	983	1062	826
AT5G49880	823	627	648	861	862	717
AT3G05130	893	845	848	615	588	497
AT1G56300	1139	1134	1142	709	748	626
AT1G31870	977	707	768	882	763	667
AT5G13100	908	906	947	326	346	357
AT1G63900	655	587	627	775	694	650
AT1G07230	442	438	502	973	1054	835
AT5G51150	919	728	740	784	728	670
AT1G76090	244	279	295	293	334	263
AT1G75810	295	261	284	494	545	413
AT1G65970	32	39	76	1823	1631	1315
AT4G08920	858	731	706	718	761	614
AT1G33970	612	636	607	1147	1027	903
AT1G21660	432	377	420	592	576	445
AT2G30780	855	835	739	1052	1171	907
AT2G31585	140	194	128	722	843	650
AT2G43420	783	689	732	906	860	801
AT2G15695	321	280	296	559	541	436
AT3G24320	1196	829	934	905	794	765
AT2G17700	780	659	691	801	689	638
AT1G62330	653	581	657	749	733	764
AT3G05670	950	814	820	966	883	776
AT2G31200	727	730	703	1245	1340	1041
AT1G08450	613	421	616	771	777	680
AT4G25620	779	738	702	1243	1247	1003
AT5G21040	694	670	660	855	904	671
AT5G09840	1250	1106	1216	998	942	727
AT4G29960	588	632	679	710	750	620
AT3G58970	616	539	549	895	908	750
AT2G23890	1105	793	754	931	838	830
AT3G17609	119	115	105	219	243	207
AT5G63320	819	506	711	925	849	728
AT2G32415	938	711	706	791	761	720
AT5G48470	904	815	720	1047	1013	871
AT1G77740	974	838	912	730	814	668
AT3G18750	596	637	637	717	784	653
AT1G47830	767	736	738	756	809	714
AT5G67570	683	577	697	898	801	771
AT2G38710	782	807	724	805	745	734
AT5G61530	535	422	495	762	640	763
AT3G19640	678	618	633	780	732	644
AT2G35720	1046	875	1004	840	838	692
AT2G25610	610	595	578	637	739	639
AT3G51580	583	569	641	701	830	628
AT5G16380	401	443	451	690	719	552
AT5G64120	24	21	41	31	17	17
AT5G06100	1042	810	948	908	889	793
AT5G27030	1064	861	934	680	617	581
AT2G03070	1005	840	810	919	877	814
novel.104	936	863	895	839	925	780
AT5G16120	751	625	668	953	897	920
AT4G21160	826	704	715	717	719	667
AT1G27340	715	694	667	660	662	579
AT4G32240	726	587	585	719	796	722
AT1G65430	648	595	629	693	643	693
AT5G13570	535	410	436	717	758	609
AT3G10480	863	830	791	1162	1117	882
AT1G10930	809	524	579	693	586	593
AT4G30470	355	350	356	273	310	260
AT1G52310	865	758	869	890	915	849
AT1G30000	564	555	623	716	793	606
AT1G31340	781	790	760	604	700	603
AT2G03390	597	506	447	878	893	732
AT2G27980	992	674	758	914	775	710
AT3G04630	654	525	561	560	567	513
AT2G17290	601	487	549	789	832	652
AT3G44530	961	668	841	901	921	834
AT3G24490	882	788	670	960	999	846
AT1G62640	671	595	571	588	554	462
AT1G43900	713	707	756	756	772	708
AT5G12850	859	800	788	707	669	562
AT3G16500	1050	842	1030	712	693	621
AT2G23150	1008	897	1028	661	699	625
AT5G13970	642	590	566	732	797	576
AT2G45670	584	394	424	637	615	561
AT4G39150	860	806	854	659	574	620
AT5G13690	686	499	555	755	711	680
AT1G56140	1016	703	864	1149	910	1028
AT3G56140	855	561	620	989	894	843
AT5G13090	1019	1052	1075	868	1121	775
AT1G50020	276	277	270	289	283	250
AT5G46550	925	802	826	942	872	817
AT1G24764	746	679	628	592	585	574
AT1G79190	950	656	730	1030	860	792
AT3G01800	1198	1127	1084	863	902	811
AT3G28910	588	576	640	636	624	553
AT3G19510	955	696	771	837	817	710
AT2G27470	896	884	892	861	918	744
AT1G27460	851	792	831	586	603	514
AT5G56040	248	268	262	427	411	308
AT3G60800	803	611	666	682	820	693
AT3G06540	842	772	727	791	716	677
AT2G27110	840	718	741	1076	1005	906
AT4G03280	422	461	453	447	482	385
AT1G71695	107	99	125	283	367	291
AT5G50210	693	669	646	510	526	440
AT3G06250	687	625	581	724	733	634
AT1G15140	731	606	643	632	598	483
AT1G30460	909	723	691	873	873	779
AT4G33400	1050	1088	1032	730	768	565
AT3G22220	1016	854	914	1017	1052	829
AT5G60250	1227	1165	1163	1331	1331	1087
AT1G75860	669	530	492	598	550	633
AT4G20270	1009	825	925	1351	1584	1141
AT5G10910	743	716	715	787	815	690
AT5G20150	1612	1476	1452	527	537	505
AT3G14172	649	411	544	507	473	480
AT5G01920	699	590	589	688	696	647
AT2G43110	1214	1071	1139	743	858	679
AT4G36780	512	486	444	629	675	479
AT2G22910	655	505	607	628	558	571
AT5G18630	586	477	503	592	540	547
AT3G25410	876	730	654	806	828	787
AT3G47160	455	369	394	663	710	539
AT1G12130	332	144	189	510	296	467
AT1G04950	811	614	654	947	804	786
AT3G04760	660	640	623	650	698	572
AT5G01340	539	554	512	684	798	607
AT3G55250	602	642	588	749	783	679
AT1G43580	582	496	616	732	762	674
AT2G29560	800	647	770	663	697	581
AT1G78280	662	506	640	771	765	582
AT5G24840	1033	1043	975	780	847	678
AT4G06599	721	744	716	769	823	736
AT1G29030	1295	995	917	921	837	892
AT2G27775	1013	1033	974	737	880	720
AT4G36520	1337	707	816	1247	988	966
AT5G05140	577	514	555	897	874	732
AT1G24610	700	615	628	828	849	708
AT1G16860	448	432	431	477	555	431
AT3G07750	1078	1008	1017	887	947	858
AT3G13320	860	811	855	878	891	845
AT3G21290	807	653	664	968	814	750
AT3G45930	434	457	424	355	439	342
AT3G60640	824	827	844	829	900	715
AT3G04560	652	625	651	901	911	703
AT1G31860	818	731	673	635	637	592
AT2G44180	669	553	564	795	799	705
AT5G56090	992	791	841	742	784	645
AT3G18990	689	690	651	817	898	689
AT4G29210	431	539	563	298	350	315
AT5G53290	1237	1345	1210	744	846	696
AT1G15480	900	976	880	914	981	701
AT5G14760	1098	1001	972	592	588	559
AT4G37390	346	352	318	747	821	599
AT3G15480	566	554	550	677	790	639
AT5G17910	708	614	676	848	814	659
AT2G19320	21	27	35	248	180	169
AT1G65020	736	686	846	847	830	735
AT3G10250	401	352	371	687	600	545
AT5G63910	525	505	488	950	970	741
AT5G59030	558	657	621	1022	1117	803
AT1G61850	626	371	477	593	488	518
AT5G13510	473	525	469	561	654	444
AT3G54840	598	558	567	719	735	632
AT1G33055	702	575	648	1827	1896	1687
AT1G63240	423	444	406	790	718	681
AT5G43760	448	428	514	257	307	231
AT4G32210	565	578	691	722	711	589
AT1G73930	873	777	751	761	860	649
AT3G53900	839	741	781	551	598	439
AT3G57560	621	714	689	410	550	406
AT4G37180	615	691	645	880	843	704
AT3G56370	536	496	536	356	462	333
AT1G63050	826	795	940	863	977	833
AT4G28660	284	331	284	334	292	294
AT3G05165	995	725	795	806	816	866
AT3G57030	350	333	371	694	801	653
AT1G54780	414	399	365	532	726	544
AT5G41360	648	522	585	887	816	752
AT1G13120	941	694	791	718	675	718
AT2G03870	856	981	872	759	819	694
AT4G28860	736	557	548	781	786	714
AT3G25540	654	609	611	522	545	515
AT2G27580	547	537	534	588	598	494
AT3G43590	1116	882	989	1010	910	866
AT1G26160	484	526	456	714	739	575
AT3G07890	433	424	511	587	650	422
AT5G63960	915	602	654	743	594	659
AT3G55000	910	832	814	720	730	679
AT3G12610	196	232	214	236	291	214
AT3G03110	1227	923	945	867	765	758
AT3G26410	1014	950	1086	881	949	740
AT3G23400	283	282	268	480	508	378
AT2G20120	514	543	631	734	840	635
AT2G18915	305	313	297	521	594	424
AT1G75850	692	495	533	843	706	727
AT1G75280	291	287	323	598	628	544
AT3G49500	764	642	649	549	582	525
AT4G37270	540	443	461	703	650	560
AT3G05350	799	548	561	829	718	714
AT3G08550	650	489	592	621	730	606
AT5G49630	619	625	620	520	494	510
AT1G68410	607	606	591	722	680	569
AT4G02820	943	876	806	916	1014	779
AT2G15240	558	529	529	743	761	654
AT2G44900	647	549	550	836	744	728
AT4G14500	649	559	636	848	890	865
AT4G19810	65	60	138	565	657	469
AT4G28025	459	513	482	694	701	582
AT3G14130	272	270	289	626	541	452
AT5G58760	691	489	506	691	671	682
AT1G22020	829	784	744	909	903	776
AT2G41060	909	641	710	759	647	593
AT3G63310	684	547	558	561	624	584
AT1G76660	765	690	735	925	993	770
AT2G19310	143	146	156	413	470	354
AT4G16430	514	604	601	636	711	534
AT1G30480	801	728	748	777	876	729
AT1G70940	914	797	916	571	621	540
AT1G05620	302	236	325	222	222	225
AT2G43780	628	711	692	686	671	572
AT1G13170	452	351	349	436	421	320
AT2G24330	706	727	864	809	854	792
AT5G21920	313	281	332	418	409	317
AT3G12200	899	733	750	800	778	714
AT4G39050	509	419	489	518	458	453
AT2G26350	763	515	623	810	723	794
AT1G72170	711	815	739	775	777	681
AT4G03420	648	529	652	741	776	633
AT1G75500	542	502	505	926	1162	865
AT5G03380	498	500	525	979	952	752
AT1G33250	621	544	530	888	880	731
AT1G09980	794	689	714	792	711	592
AT3G10230	654	643	703	850	813	687
AT3G21250	269	194	239	199	192	211
AT2G32810	527	385	431	571	537	479
AT2G41140	748	709	697	834	823	675
AT5G62290	944	944	967	805	854	688
AT3G24506	678	689	656	824	891	710
AT2G14750	771	737	837	406	421	386
AT4G23820	463	489	476	516	551	448
AT3G04670	696	685	722	792	805	671
AT4G33890	581	557	557	837	876	779
AT1G79200	830	897	868	862	926	743
AT3G10720	232	197	234	432	450	376
AT1G67930	664	614	670	525	598	446
AT1G32360	775	736	756	651	750	534
AT3G04460	850	746	845	868	817	751
AT4G30080	631	603	634	821	824	635
AT1G74510	753	660	785	504	581	424
AT5G27430	944	805	859	450	572	449
AT1G70370	312	337	390	328	357	299
AT5G36170	574	479	495	644	714	582
AT1G63110	617	583	570	600	627	603
AT5G35330	664	636	615	859	893	721
AT3G13150	1110	1189	1222	921	929	666
AT3G26100	536	340	374	568	465	583
AT3G18160	929	842	840	914	973	795
AT5G62410	463	337	385	404	345	350
AT3G07590	1081	965	896	865	940	893
AT4G10810	509	520	501	661	613	534
AT5G49840	834	536	589	834	680	741
AT3G12010	536	483	475	666	689	624
AT5G17010	404	318	391	614	662	559
AT1G04440	728	561	526	784	677	628
AT1G76680	59	69	81	50	56	58
AT3G23340	238	208	188	496	490	469
AT1G21610	836	582	627	835	672	694
AT2G41070	193	117	130	393	285	341
AT1G70590	311	239	268	512	506	454
AT3G16760	749	672	648	679	785	559
AT3G56750	582	470	510	710	755	615
AT2G25070	586	583	551	771	750	621
AT1G64385	607	593	656	888	1000	785
AT4G21320	82	63	76	253	253	233
AT5G63200	538	444	452	729	743	614
AT1G15370	730	811	717	712	845	683
AT4G32030	800	861	833	635	773	639
AT2G19385	1160	1129	1074	857	853	735
AT3G18215	540	699	595	832	932	753
AT3G12930	727	742	699	586	731	588
AT3G58270	900	896	901	732	758	577
AT1G08460	530	504	465	797	792	659
AT4G02030	718	610	612	683	665	615
AT5G59010	1027	959	994	820	825	699
AT3G19240	662	598	681	834	885	649
AT1G15060	231	190	196	384	353	286
AT2G43760	492	463	512	632	683	597
AT2G04360	637	619	616	706	787	681
AT4G27020	425	415	490	699	713	586
AT4G18160	493	474	494	815	804	595
AT2G27285	613	605	648	667	658	591
AT3G20720	726	586	666	823	714	670
AT1G28670	1332	1190	1387	430	423	383
AT4G00930	893	759	747	997	777	762
AT4G30800	1172	1313	1196	656	707	599
AT3G12640	786	667	713	845	797	661
AT5G04930	613	507	543	706	679	557
AT1G12580	605	515	522	725	798	729
AT5G52560	758	621	640	774	711	548
AT2G36300	868	828	931	625	683	511
AT2G39750	470	399	437	625	640	676
AT1G15880	530	573	558	905	977	755
AT4G27340	1042	855	868	917	778	732
AT3G13110	807	860	758	602	635	506
AT2G35880	441	440	413	381	376	337
AT4G17650	522	594	563	672	693	559
AT1G03830	829	708	757	814	790	677
AT5G25610	56	42	46	76	106	90
AT2G25830	717	716	643	709	790	612
AT3G24070	558	476	440	729	741	659
AT3G47470	237	225	187	454	391	449
AT1G33360	783	529	577	774	805	671
AT3G27930	533	499	426	589	560	521
AT3G49180	1127	1027	1091	820	864	695
AT1G29220	827	806	777	841	749	690
AT1G67310	581	336	441	878	785	723
AT5G22460	50	42	53	225	218	214
AT4G31780	793	622	665	689	599	609
AT4G32040	352	292	318	424	409	344
AT5G41070	688	696	606	802	724	668
AT4G19230	4	6	6	4	16	15
AT4G32160	579	463	513	845	836	699
AT5G04940	824	635	724	727	804	623
AT1G25570	838	645	709	590	611	533
AT1G56145	1006	742	754	976	820	857
AT1G13990	270	183	244	362	290	303
AT5G57950	700	669	671	758	793	617
AT4G22890	451	416	397	893	836	794
AT4G26310	949	828	864	802	823	678
AT3G15210	591	719	650	837	1122	680
AT4G36990	1053	934	1062	729	907	769
AT1G48420	376	372	393	567	581	553
AT1G28520	521	519	543	711	787	663
AT2G44760	427	384	378	588	573	449
AT3G20660	289	275	351	831	718	583
AT5G54290	223	182	185	439	435	414
AT2G04530	766	660	644	818	751	719
AT1G03360	1095	997	1042	793	896	788
AT5G06210	606	611	566	740	952	748
AT4G23740	869	853	937	531	593	502
AT4G39940	508	477	500	227	233	232
AT1G47900	681	585	697	632	642	452
AT3G04820	926	714	824	889	807	716
AT4G00340	625	543	623	812	759	687
AT5G05200	820	666	682	793	779	716
AT5G51180	816	676	785	953	964	781
AT3G18380	833	788	771	742	751	631
AT5G38600	841	739	751	804	779	669
AT3G15030	920	901	863	615	594	566
AT4G23440	896	718	792	663	589	546
AT2G23380	848	610	611	444	403	422
AT2G20585	748	766	755	631	706	519
AT3G47620	749	764	711	1003	1190	931
AT1G26340	1056	1127	1087	793	824	719
AT3G44320	137	151	137	359	354	283
AT3G05050	749	643	675	779	696	653
AT5G18680	460	427	401	594	627	476
AT3G06510	446	456	409	551	535	481
AT1G22970	775	759	721	790	774	638
AT5G62570	700	598	658	918	844	656
AT1G55150	909	911	831	847	869	727
AT1G01950	803	643	669	873	797	730
AT5G10020	877	821	793	725	732	598
AT2G17820	938	687	779	1293	1288	1320
AT2G40800	521	506	507	405	449	389
AT3G02130	911	824	839	928	902	758
AT1G29820	717	621	743	774	784	661
AT2G04740	799	670	688	757	844	662
AT3G04880	320	299	359	478	616	436
AT1G78100	479	490	452	442	523	406
AT4G04670	1041	788	866	891	811	830
AT4G31200	824	787	691	907	882	705
AT1G09750	286	268	285	437	486	384
AT3G53940	1055	946	1040	914	985	874
AT2G31680	887	901	870	784	860	672
AT4G16120	872	865	912	774	823	757
AT2G03780	851	861	800	925	892	765
AT1G63500	709	744	654	867	838	713
AT3G16230	630	441	478	696	553	527
AT1G19730	636	763	742	604	655	520
AT3G23700	901	808	776	929	1011	928
AT3G60630	584	619	581	502	577	467
AT5G01430	660	607	618	689	862	610
AT5G26740	605	603	616	772	901	735
AT3G08020	810	708	660	803	750	737
AT4G14950	731	711	779	734	715	639
AT4G32070	986	857	950	759	713	616
AT3G45040	840	674	699	872	904	761
AT1G30200	348	293	279	456	486	430
AT5G05250	151	105	139	1322	1314	1123
AT5G28040	680	695	696	737	806	597
AT2G41740	371	279	304	409	417	314
AT1G15860	776	797	822	814	763	693
AT3G44200	568	509	491	582	576	471
AT5G21170	554	567	580	767	710	650
AT5G15870	433	438	485	903	901	697
AT3G14790	679	616	698	608	627	473
AT4G15570	1053	837	876	945	837	813
AT1G34220	562	502	501	833	786	696
AT1G43130	506	428	475	677	754	682
AT2G11520	656	619	686	941	935	815
AT2G42700	743	631	633	795	761	630
AT1G03770	494	394	365	695	645	596
AT2G02860	538	478	514	641	583	615
AT3G19515	773	639	628	642	722	581
AT3G19840	962	617	666	795	646	762
AT5G50400	689	663	607	977	955	913
AT1G28320	831	574	688	765	660	661
AT5G48020	800	726	661	567	685	560
AT2G40920	628	602	540	608	733	518
AT1G07470	523	480	534	627	521	497
AT1G14720	746	760	802	829	790	674
AT5G39840	1065	967	989	1004	1018	798
AT4G27260	712	609	779	1009	1037	936
AT4G27180	707	527	599	549	523	527
AT2G23780	547	512	538	665	712	616
AT2G29510	759	657	721	684	767	547
AT4G18800	599	634	637	755	807	691
AT3G10330	645	624	653	735	666	570
AT1G12930	905	546	644	783	722	755
AT3G19900	298	191	237	422	416	386
AT2G18050	213	183	177	374	290	272
AT4G14570	491	424	455	577	558	504
AT4G34660	734	623	668	703	666	646
AT5G54160	526	566	579	245	209	194
AT5G53310	496	546	528	595	718	557
AT2G33330	1244	1057	1234	568	619	523
AT5G05800	675	579	618	807	782	650
AT4G29430	948	1053	989	720	790	638
AT3G56210	649	603	592	656	762	596
AT5G40650	717	712	748	411	519	386
AT5G19120	824	832	880	925	1133	891
AT4G35360	683	621	635	812	819	724
AT2G42950	93	63	69	283	223	247
AT4G36620	89	82	71	111	108	84
AT3G62200	970	883	896	777	871	635
AT5G55400	550	371	408	467	417	427
AT3G45620	539	447	485	619	577	511
AT4G39950	209	188	283	77	65	51
AT1G08660	609	419	448	522	464	548
AT1G62780	542	463	406	597	625	583
AT3G28180	848	656	894	965	1111	891
AT3G62630	511	517	565	471	586	443
AT3G10550	490	357	405	740	656	661
AT5G62880	928	797	910	775	830	746
AT4G22720	948	871	964	806	821	699
AT1G32870	673	719	749	947	988	736
AT4G32660	824	550	525	716	673	693
AT4G38150	886	928	860	1041	1073	776
AT3G50310	1229	1369	1356	1302	1569	1257
AT4G20960	851	782	772	684	895	679
AT5G47870	433	397	375	587	530	484
AT3G26030	677	603	614	786	794	623
AT5G65460	936	607	703	779	669	725
AT1G09520	666	744	663	785	765	619
AT5G21105	358	389	351	261	295	281
AT3G23660	542	470	452	474	423	356
AT5G19280	617	515	629	769	751	724
AT1G49660	163	184	150	251	269	231
AT5G37190	833	639	653	778	741	604
AT1G19430	694	530	685	814	793	710
AT5G19390	890	572	645	760	578	687
AT1G76180	291	247	308	485	457	412
AT1G77080	722	547	556	749	710	699
AT1G18330	274	221	247	506	572	496
AT2G22770	380	382	387	282	328	246
AT1G52160	947	886	985	948	861	787
AT1G20670	880	789	763	834	796	637
AT5G06330	674	680	623	749	788	589
AT3G51630	608	471	481	773	650	622
AT4G20070	544	437	479	1513	1243	1252
AT1G64330	366	346	281	656	655	514
AT3G09970	515	451	485	529	467	493
AT4G10430	540	453	532	566	527	554
AT1G51720	791	527	626	758	730	694
AT4G09180	779	717	755	989	966	907
AT4G17410	696	552	641	732	682	607
AT2G29570	668	756	653	541	539	460
AT5G64650	792	867	759	829	867	762
AT4G10930	750	557	600	850	759	703
AT5G65070	1013	800	699	1208	1105	1076
AT4G30620	773	873	805	725	777	657
AT5G03080	565	565	564	518	512	448
AT5G06290	492	400	438	371	339	343
AT2G20000	834	621	707	829	700	705
AT3G10130	343	315	309	603	615	573
AT1G49510	915	794	815	703	842	597
AT5G59300	656	729	720	697	767	624
AT4G20280	683	613	627	705	732	623
AT1G73990	567	408	427	555	474	524
AT3G04790	440	541	486	564	571	392
AT3G10390	910	730	766	879	736	705
AT1G45130	93	52	78	84	109	97
AT3G28670	712	625	678	711	681	609
AT1G80360	520	427	490	530	537	462
AT4G10970	893	795	756	826	808	698
AT4G38460	344	313	322	562	575	459
AT2G29580	786	792	809	849	818	686
AT1G73970	961	798	855	928	866	867
AT3G02320	868	840	739	766	804	655
AT1G31280	851	757	840	896	841	799
AT4G16620	89	78	59	231	217	217
AT5G67100	417	300	352	414	353	321
AT2G41540	690	520	488	592	575	581
AT1G07430	439	404	428	716	767	634
AT5G26340	181	213	237	704	729	586
AT5G05110	260	239	272	519	532	425
AT1G45688	281	203	222	189	256	204
AT3G04290	16	30	24	31	24	23
AT2G20515	539	588	576	989	1128	814
AT5G46230	41	41	52	183	198	157
AT4G01700	117	125	148	35	26	21
AT5G45410	536	535	574	573	642	527
AT2G35840	496	416	472	618	633	564
AT1G30440	749	728	772	704	704	524
AT1G08040	546	540	483	709	658	634
AT5G45100	624	648	610	504	635	415
AT1G30610	800	593	669	818	731	659
AT2G01420	347	280	296	303	277	293
AT4G36930	1122	932	1000	524	627	535
AT1G64840	646	581	666	747	754	592
AT3G15410	551	479	519	583	522	514
AT1G80440	882	977	987	1268	1340	1061
AT1G15170	436	458	464	599	610	553
AT5G21326	817	734	633	783	788	703
AT4G13720	774	635	760	547	573	624
AT3G12480	791	723	703	783	823	653
AT2G31140	721	755	660	642	613	505
AT2G26500	573	646	663	601	618	508
AT1G63430	982	827	872	617	618	564
AT1G69010	550	522	498	689	765	575
AT3G23470	84	81	114	102	119	116
AT5G04830	384	325	307	375	369	341
AT3G14610	859	800	988	480	486	372
AT3G02540	667	604	624	602	447	565
AT3G48710	785	659	633	773	763	620
AT5G65960	438	475	522	774	789	633
AT1G01970	400	426	348	611	654	532
AT3G17310	607	489	563	673	627	585
AT1G54115	498	570	553	767	920	693
AT1G56460	477	374	406	842	895	792
AT4G27720	538	517	564	476	543	478
AT4G23470	285	225	281	361	372	293
AT1G55160	643	658	742	631	761	555
AT4G34135	358	337	376	68	87	89
AT4G21770	654	597	570	647	736	600
AT1G04985	550	436	486	652	699	621
AT3G12740	627	537	650	607	697	647
AT4G17890	589	701	590	601	673	561
AT3G49725	778	781	699	915	865	697
AT1G13740	445	432	458	463	539	435
AT5G67520	427	344	355	502	463	474
AT2G47580	687	676	719	658	737	570
AT3G01360	733	698	731	704	815	622
AT2G41460	583	488	549	746	690	667
AT5G04910	586	572	628	734	749	648
AT4G33780	376	373	349	514	520	370
AT5G41020	824	768	780	789	886	676
AT1G10370	60	56	87	90	92	69
AT2G17720	166	178	175	205	196	175
AT4G39350	424	296	349	517	482	409
AT5G58220	458	421	455	557	574	519
AT1G04945	1070	1051	945	898	968	755
AT2G29690	688	647	620	501	540	433
AT5G24460	549	542	585	711	724	668
AT3G29200	467	492	522	394	401	326
AT5G46760	539	541	543	565	603	467
AT2G20830	707	595	647	802	815	713
AT3G48030	504	488	537	474	494	399
AT5G35570	677	517	636	685	698	599
AT5G53580	593	507	543	875	928	772
AT1G07040	221	171	174	372	344	320
AT4G18680	102	78	84	180	165	136
AT5G03700	574	609	618	919	935	824
AT2G36780	420	511	600	274	261	238
AT1G26750	779	749	760	550	554	523
AT1G55820	893	854	846	964	912	751
AT3G08720	355	279	292	420	414	380
AT5G63610	660	600	549	754	786	589
AT4G15415	950	813	851	851	824	665
AT4G27990	231	236	223	689	699	504
AT2G38170	279	277	302	88	79	63
AT1G11890	655	684	669	630	678	560
AT5G59210	640	603	607	677	699	529
AT2G40620	771	724	710	647	719	581
AT1G29950	743	603	591	778	850	697
AT1G01210	989	926	870	846	879	763
AT1G08260	609	314	389	436	331	358
AT5G42420	362	357	406	393	423	310
AT4G27610	745	622	636	736	817	705
AT4G26455	489	472	524	603	608	451
AT1G68570	95	78	65	100	105	77
AT3G26360	810	811	837	715	733	611
AT1G10200	314	334	322	346	389	322
AT5G51960	831	840	803	687	908	640
AT1G10500	565	481	519	611	639	566
AT4G15545	610	570	555	819	871	755
AT2G21970	63	71	70	132	153	106
AT5G43310	826	735	755	714	649	555
AT2G42890	200	191	191	953	934	807
AT2G06850	120	151	161	77	109	76
AT1G04340	869	823	832	660	807	624
AT1G10910	668	448	455	663	546	641
AT4G24490	824	762	708	734	734	600
AT2G20320	803	580	658	984	892	790
AT5G56190	754	657	670	714	774	683
AT5G04510	697	408	516	488	401	424
AT5G06050	587	504	598	579	613	539
AT1G73100	923	789	777	777	745	676
AT1G60960	791	845	776	550	594	497
AT1G30090	667	654	663	703	770	668
AT1G73980	629	438	532	590	530	561
AT1G61670	531	477	549	765	762	575
AT5G50230	495	436	495	668	670	572
AT3G09700	1115	1067	1086	1003	1044	819
AT5G64860	321	263	224	419	387	364
AT1G55520	660	638	669	669	703	661
AT5G54830	640	523	649	748	922	675
AT1G52870	165	159	170	407	359	310
AT5G22070	433	424	481	597	733	539
AT3G20410	374	387	442	725	696	574
AT2G31260	600	553	607	803	760	635
AT1G11300	905	792	860	718	740	647
AT5G15920	987	851	943	818	867	647
AT3G46450	417	362	359	391	479	364
AT1G50510	887	740	770	777	762	667
AT3G13060	537	408	541	745	694	538
AT1G71090	605	650	679	699	881	601
AT2G43360	553	548	559	517	545	477
AT3G49870	543	484	569	667	720	531
AT1G55340	712	506	517	486	554	482
AT2G45250	697	600	552	781	767	715
AT4G25680	516	622	552	533	614	539
AT2G40316	479	426	440	589	618	539
AT1G76510	649	564	566	815	824	698
AT2G37470	452	498	530	608	702	565
AT4G33540	454	381	397	569	597	548
AT5G07300	795	618	651	641	596	556
AT1G67490	721	531	629	762	641	625
AT5G15880	553	602	624	645	720	584
AT1G61210	845	551	607	770	703	712
AT2G28310	738	571	595	609	585	625
AT5G49220	748	717	735	662	731	645
AT5G40250	666	552	568	741	799	711
AT2G25740	729	621	625	794	682	624
AT1G55870	838	846	790	727	793	677
AT5G14390	566	534	625	666	714	671
AT1G15110	513	359	435	656	632	579
AT3G49310	544	512	539	655	753	646
AT3G60410	713	570	582	563	647	477
AT5G43930	582	401	446	834	682	755
AT1G12050	623	637	692	863	763	671
AT2G02220	479	401	500	702	730	607
AT4G21280	420	466	408	447	435	375
AT3G11100	523	508	509	943	928	808
AT1G17520	573	447	499	741	760	676
AT2G36835	606	580	611	761	821	697
AT5G03320	1046	952	901	844	902	822
AT3G02770	280	344	326	548	601	450
AT3G51650	635	614	685	764	796	664
AT4G21410	1501	680	859	479	341	475
AT1G56560	874	811	980	910	888	724
AT1G51760	556	497	593	572	581	477
AT1G17500	789	590	755	396	441	362
AT4G02070	761	497	576	773	675	641
AT3G12350	407	344	326	407	430	368
AT3G20910	518	418	444	556	553	566
AT3G05520	416	444	389	638	673	587
AT5G66590	229	238	237	404	423	311
AT4G34120	1011	799	899	712	777	732
AT3G48070	602	581	619	835	737	614
AT1G67325	585	561	500	561	640	507
AT5G40300	674	702	715	848	932	673
AT3G58470	1013	919	891	768	718	665
AT1G63610	617	545	544	590	539	520
AT5G20980	837	803	763	778	739	665
AT1G69600	537	626	673	658	801	666
AT1G30500	287	224	202	318	320	315
AT5G02820	588	631	540	470	596	399
AT3G61830	778	571	665	964	865	762
AT4G37760	130	94	143	295	311	272
AT1G74040	854	676	794	713	713	688
AT4G11060	883	873	860	804	910	695
AT2G36900	519	450	405	530	533	542
AT4G30020	488	417	494	400	440	426
AT2G35500	483	465	446	443	520	404
AT1G21410	129	126	150	389	299	296
AT1G21780	222	167	212	434	408	401
AT1G22882	612	550	539	594	685	551
AT5G58740	431	413	427	499	562	449
AT3G55605	902	882	942	748	907	674
AT1G32920	807	884	861	1244	1347	1098
AT4G00231	590	600	634	727	771	523
AT1G49820	666	591	632	614	729	558
AT4G16146	389	394	413	492	439	377
AT5G05540	948	722	803	871	751	827
AT1G26190	713	607	575	737	562	615
AT5G13500	527	454	441	586	598	566
AT1G51600	721	677	634	736	707	592
AT2G45200	465	441	519	551	612	470
AT3G29310	600	634	652	663	670	475
AT1G08320	1256	1041	1148	898	778	723
AT5G42130	592	655	609	609	647	512
AT4G37580	1421	1349	1288	630	714	543
AT1G15400	461	406	440	526	608	485
AT1G75780	148	93	152	125	160	155
AT1G50410	828	556	590	737	619	725
AT1G60995	544	522	593	724	730	608
AT3G16430	53	35	32	9	13	11
AT1G71720	649	422	479	668	637	604
AT3G10300	329	381	331	516	507	430
AT4G36580	1030	860	971	987	980	763
AT5G27150	386	278	357	533	597	470
AT5G10745	605	537	439	630	564	562
AT1G23100	1009	1164	1145	699	836	568
AT1G76520	316	278	322	483	474	432
AT5G66210	587	435	454	680	689	663
AT1G79075	588	718	672	477	574	413
AT5G61760	520	533	578	615	633	536
AT1G77220	733	568	644	680	588	584
AT2G20810	714	622	798	741	790	679
AT1G73240	683	595	719	783	836	660
AT3G26950	331	317	325	430	459	393
AT3G56110	568	607	667	580	602	506
AT1G48760	675	602	563	755	745	610
AT3G62720	633	589	595	693	762	647
AT5G20380	422	310	302	621	570	503
AT5G23430	714	545	631	576	573	510
AT4G30360	676	570	695	860	865	703
AT2G23940	641	608	678	724	787	612
AT1G23020	191	136	132	994	1022	927
AT3G24440	1062	939	939	648	718	521
AT3G15940	403	394	353	433	418	363
AT5G64760	698	673	650	526	497	492
AT4G21560	566	544	539	603	633	571
AT1G42480	1030	962	959	375	392	307
AT3G63350	898	777	853	924	1100	941
AT4G28270	538	563	574	591	656	560
AT1G09380	1316	1260	1370	173	156	160
AT5G58130	729	639	791	847	774	627
AT5G49970	724	525	579	680	633	556
AT5G27730	360	244	330	756	696	708
AT2G33880	749	701	693	946	940	731
AT5G05360	697	692	721	684	639	550
AT1G50460	627	447	490	814	703	688
AT5G58350	268	229	222	1314	1155	1044
AT3G03330	382	378	410	643	666	648
AT2G39170	784	653	695	753	873	767
AT5G26240	775	417	553	672	552	672
AT4G05150	553	546	563	966	1022	763
AT1G69526	240	277	238	398	385	366
AT4G27060	696	522	588	627	659	510
AT2G25710	812	675	692	731	740	662
AT4G31330	1095	1150	1127	271	298	237
AT4G24610	655	535	610	803	764	665
AT4G13030	275	230	286	575	572	474
AT3G20650	726	641	635	683	724	641
AT1G07615	689	618	661	808	822	701
AT5G17400	362	285	350	821	740	725
AT3G22550	848	720	837	632	697	690
AT1G69640	542	548	562	621	700	472
AT3G57330	496	490	487	582	643	461
AT4G24480	220	177	138	250	199	211
AT5G56890	617	432	472	595	563	521
AT3G57450	893	819	844	744	891	685
AT5G26820	486	391	370	551	472	503
AT2G44270	740	675	660	704	766	668
AT4G29830	746	717	710	643	653	595
AT4G12790	719	629	653	640	627	594
10/31/88	740	424	460	411	316	402
AT1G20340	296	306	322	457	501	430
AT5G01220	538	499	542	712	648	527
AT5G24735	283	195	207	622	576	624
AT3G13360	514	528	562	766	821	603
AT1G71070	667	583	597	522	547	494
AT4G29870	545	610	589	564	637	502
AT5G35100	439	381	443	715	803	598
AT2G42780	754	567	587	807	801	721
AT4G30260	582	495	544	511	600	466
AT5G12320	698	691	606	791	786	668
AT1G23960	389	397	381	658	680	519
AT5G09600	514	496	503	576	649	457
AT5G60680	742	799	812	998	1191	820
AT3G44670	601	402	438	782	649	664
AT1G12240	1	1	3	2	2	3
AT3G23710	886	849	895	877	790	634
AT1G20575	622	603	623	668	772	557
AT1G55805	798	911	846	645	813	589
AT5G14680	510	575	488	709	803	586
AT5G63150	755	872	835	579	671	512
AT3G01560	638	650	569	703	759	654
AT5G20590	552	490	515	584	708	619
AT5G15220	725	717	683	493	580	415
AT3G25480	617	613	665	599	662	518
AT2G21190	702	774	836	687	767	614
AT3G47120	818	773	769	784	776	651
AT5G44380	98	78	125	115	84	83
AT5G07920	448	384	410	646	606	597
AT2G32720	910	914	915	561	547	492
AT5G09270	873	912	881	748	895	725
AT3G61180	672	526	621	720	685	621
AT1G69390	508	537	504	545	528	410
AT5G10470	747	555	595	762	617	651
AT3G10340	395	370	398	497	438	342
AT5G18525	731	434	486	824	724	664
AT3G57810	542	410	459	653	562	564
AT5G25265	338	293	301	308	318	275
AT2G42010	605	579	594	804	719	615
AT5G11350	778	512	552	723	642	680
AT2G26770	663	603	537	672	640	568
AT5G01720	339	290	326	290	302	264
AT3G61770	750	713	683	583	627	461
AT1G18270	460	352	348	660	527	535
AT3G03560	677	554	590	616	599	588
AT3G03860	564	530	535	727	741	650
AT5G55050	538	622	660	648	673	487
AT2G31530	1051	703	726	778	726	687
AT1G13350	993	619	648	915	684	848
AT2G44200	748	688	718	849	727	598
AT4G18465	643	564	541	726	724	649
AT4G14145	508	460	466	764	713	604
AT3G17430	578	587	630	601	627	522
AT5G16060	667	698	662	661	772	647
AT1G63800	392	299	293	518	491	475
AT1G24100	944	895	908	407	400	302
AT5G58370	975	664	746	731	669	599
AT3G01820	483	531	444	569	620	547
AT1G20910	861	880	829	845	783	631
AT2G28740	214	312	246	265	331	231
AT1G22880	684	611	570	1038	1097	932
AT5G10740	375	327	342	486	455	445
AT3G66658	603	460	531	504	600	474
AT3G03630	751	761	676	868	892	692
AT3G48150	855	835	882	786	728	672
AT2G45860	866	894	882	724	758	652
AT2G33540	767	534	620	677	721	618
AT2G34315	26	35	40	749	783	765
AT3G06060	625	598	634	538	577	486
AT5G48360	803	692	814	545	565	492
AT5G20360	555	480	526	552	601	463
AT1G26660	685	628	698	705	714	678
AT3G57570	834	559	635	894	672	713
AT3G53610	513	547	487	453	463	407
AT4G18390	554	565	530	462	517	400
AT5G51510	649	656	704	753	687	601
AT1G03590	454	383	430	439	484	428
AT1G54385	668	686	691	519	564	451
AT3G23690	466	381	451	489	488	427
AT3G26395	232	193	240	578	618	489
AT1G11060	887	702	684	739	639	615
AT3G04910	639	532	608	628	649	526
AT1G07480	390	354	340	553	553	468
AT4G39170	604	594	552	545	538	485
AT5G22020	302	268	280	492	514	409
AT3G14360	683	532	601	721	757	612
AT1G53720	709	585	709	709	704	617
AT4G12730	89	106	112	47	52	60
AT2G28350	784	619	771	780	730	699
AT4G09720	655	599	578	542	546	484
AT4G37300	627	551	597	882	1014	829
AT3G45850	466	317	390	374	312	286
AT3G02950	609	673	664	636	709	540
AT3G54620	672	504	578	680	530	576
AT3G11420	181	163	161	326	329	289
AT5G20910	700	657	688	721	688	606
AT4G03000	546	470	491	668	656	511
AT1G03310	316	284	279	355	378	303
AT2G32080	453	418	471	341	478	349
AT5G44290	590	425	498	800	732	624
AT5G61840	473	518	487	541	613	507
AT5G16820	455	411	397	711	634	594
AT1G75310	499	416	433	712	587	555
AT1G22620	522	456	481	718	695	649
AT5G10690	611	426	408	477	482	555
AT2G28370	577	510	503	653	677	581
AT3G61710	513	405	469	563	472	472
AT5G40840	559	465	479	533	417	400
AT5G35450	777	646	596	900	817	781
AT5G35560	685	504	505	727	650	645
AT1G33060	882	744	693	929	884	820
AT1G50260	400	268	317	537	394	437
AT4G25520	793	586	639	750	701	687
AT4G36220	300	308	405	673	740	581
AT5G64440	621	472	524	622	505	516
AT5G65100	487	547	538	636	675	563
AT2G41600	770	733	723	654	634	564
AT3G17300	692	700	613	606	616	559
AT5G65910	402	388	458	479	528	395
AT3G49390	536	572	475	531	582	448
AT4G23990	137	115	96	906	878	739
AT3G01850	694	549	523	664	753	663
AT3G18030	510	496	480	583	586	459
AT4G36360	205	161	175	215	195	166
AT2G35390	660	590	574	569	552	405
AT4G39500	967	936	964	566	611	576
AT3G11880	715	574	640	722	689	590
AT3G12210	740	820	831	755	821	688
AT3G15680	951	977	830	1056	1200	946
AT3G47430	734	647	693	621	602	500
AT1G52720	424	473	400	508	624	442
AT4G15840	585	430	501	743	741	603
AT1G14440	932	921	806	595	661	547
AT5G26610	698	539	505	662	595	657
AT2G21230	518	487	507	590	628	524
AT1G03630	251	273	276	223	190	169
AT4G17080	607	554	582	771	802	635
AT1G03365	535	505	550	689	614	554
AT3G03320	292	294	300	404	374	394
AT3G56050	512	490	565	602	703	519
AT4G20940	837	814	816	710	749	555
AT5G55210	589	544	576	727	792	625
AT5G53130	554	491	527	614	587	519
AT1G21760	387	381	419	604	608	506
AT1G08610	847	740	759	882	933	708
AT3G18210	994	794	825	654	697	593
AT4G38380	495	330	372	767	514	554
AT1G30600	763	621	714	726	769	664
AT2G41250	627	512	483	520	610	486
AT1G02690	499	477	473	613	593	514
AT1G03040	592	499	486	594	552	553
AT2G47600	297	243	229	464	498	442
AT3G01890	759	657	641	906	949	793
AT4G34000	39	33	22	25	29	20
AT1G12640	467	391	410	564	623	530
AT2G47440	463	384	381	339	376	330
AT5G64210	319	270	268	755	652	610
AT1G73030	502	589	485	745	729	572
AT3G55800	164	139	122	166	188	151
AT1G13090	281	270	339	524	545	531
AT1G64600	974	705	749	770	672	720
AT5G63760	688	709	690	897	904	730
AT2G41475	205	285	283	207	297	227
AT4G02370	656	608	665	805	919	771
AT3G09180	529	541	528	686	596	505
AT4G00060	897	370	428	659	380	609
AT5G58030	680	642	653	566	621	527
AT3G20430	886	844	813	808	799	709
AT1G67740	341	426	339	341	375	307
AT4G34570	910	684	731	603	580	567
AT1G49740	546	507	503	695	724	622
AT4G02590	496	439	424	691	601	523
AT5G03030	430	400	437	506	520	404
AT4G24020	452	360	419	573	536	466
AT1G54060	588	658	602	674	707	532
AT3G54920	658	643	593	334	357	326
AT3G42860	443	473	511	527	534	425
AT2G33610	694	678	657	615	638	497
AT3G02280	904	637	690	781	693	804
AT1G63170	659	599	674	597	578	513
AT1G65040	858	572	672	401	313	327
AT1G07750	378	385	317	439	523	393
AT5G45500	700	631	681	661	644	504
AT5G55700	437	357	386	686	673	587
AT4G35940	393	368	344	632	640	615
AT5G62575	469	443	454	472	526	440
AT2G46490	371	461	548	317	418	367
AT4G03240	732	698	709	679	762	646
AT5G09660	168	116	111	354	377	323
AT5G34940	493	401	535	304	345	292
AT3G56690	760	576	630	801	714	682
AT2G26110	551	556	496	736	812	559
AT3G59380	636	677	666	669	649	522
AT2G11000	861	632	729	771	665	718
AT3G02890	554	453	478	569	499	486
AT1G70810	108	104	120	331	299	286
AT3G54300	382	403	376	530	497	442
AT1G47210	195	227	188	277	299	223
AT3G01180	490	421	483	643	633	549
AT4G36190	579	421	496	744	666	648
AT2G30160	575	631	583	627	688	560
AT1G65590	1259	1088	1305	170	198	174
AT1G07950	567	620	554	617	718	628
AT3G12955	41	34	53	249	267	204
AT1G09630	444	488	468	408	531	405
AT4G21620	154	168	159	232	284	221
AT1G06360	186	191	197	404	426	382
AT3G62910	712	558	551	611	515	594
AT5G44450	746	699	693	683	760	639
AT3G52470	501	602	555	202	275	229
AT2G40760	467	451	427	657	683	564
AT3G18270	470	375	392	711	684	664
AT2G26200	922	760	746	686	680	583
AT4G33560	48	37	49	491	675	536
AT5G66770	943	860	848	769	820	603
AT3G14075	608	474	489	587	553	558
AT1G04710	635	534	517	620	593	469
AT3G03420	848	910	808	647	713	608
AT5G14530	514	550	487	879	916	784
AT5G07980	871	572	681	847	716	601
AT1G18150	582	545	596	642	667	580
AT3G24480	522	437	516	498	427	403
AT5G09760	633	577	630	545	621	515
AT3G01720	458	405	410	298	302	258
AT5G52960	514	526	508	817	911	601
AT3G08947	737	739	797	787	766	654
AT5G50350	587	540	569	654	628	557
AT4G00560	297	300	323	408	482	415
AT2G41420	855	858	832	719	760	601
AT5G57850	517	401	436	540	479	466
AT2G42130	438	398	443	509	570	429
AT1G61340	104	83	102	162	160	96
AT1G22950	817	774	790	665	775	579
AT3G14680	51	44	66	798	754	642
AT5G47310	686	663	635	743	761	634
AT2G45460	1063	865	987	860	842	771
AT1G79610	762	465	587	757	676	735
AT5G66200	682	662	704	526	499	446
AT2G19950	595	443	512	611	549	545
AT3G11397	599	568	582	583	593	530
AT1G53510	686	536	599	553	519	504
AT5G03455	554	623	581	672	824	614
AT3G17910	753	719	724	677	816	576
AT3G45240	834	604	515	619	527	663
AT1G64900	118	145	139	484	460	396
AT1G29970	374	313	317	615	653	568
AT1G47056	256	229	238	358	353	279
AT3G51790	837	816	858	588	739	595
AT1G09060	719	530	566	701	643	631
AT2G03240	996	740	925	397	480	442
AT5G66950	760	622	693	727	743	607
AT1G48600	212	155	179	289	301	243
AT5G10370	478	389	378	775	774	527
AT4G39240	582	503	530	651	698	534
AT3G12620	576	598	592	797	860	678
AT4G30910	395	241	343	636	596	582
AT5G22360	364	377	368	554	575	505
AT5G36250	347	299	375	507	548	446
AT5G03800	718	597	634	843	855	638
AT1G48970	944	681	788	749	740	617
AT1G67550	455	380	454	661	657	616
AT1G76970	510	469	460	560	539	463
AT5G53550	316	184	206	373	334	338
AT5G56730	930	627	659	728	611	595
AT3G21100	864	721	791	724	750	615
AT2G32580	420	467	472	605	572	540
AT4G32150	334	310	308	332	404	319
AT2G18990	639	680	645	504	562	443
AT4G25360	655	614	723	691	781	592
AT3G02690	341	313	323	626	664	654
AT1G08760	737	644	666	731	693	591
AT1G08930	951	810	862	654	713	713
AT2G25180	548	467	478	531	508	498
AT5G06910	672	664	614	663	687	573
AT5G04320	720	587	632	542	501	511
AT1G23710	331	325	252	367	374	315
AT2G17033	648	576	639	637	711	555
AT4G35460	721	748	682	696	749	647
AT2G40400	541	436	410	305	312	292
AT1G09940	477	434	447	766	789	704
AT3G06483	719	637	656	692	748	549
AT2G39840	741	776	782	830	907	657
AT3G15470	580	518	513	586	573	540
AT5G63000	495	505	492	505	576	473
AT3G51670	379	329	337	731	709	582
AT4G30490	926	711	791	446	459	431
AT2G12400	328	290	335	355	362	325
AT1G54830	471	461	493	599	588	491
AT3G51600	206	168	209	237	299	239
AT2G45690	662	642	644	707	634	640
AT5G47660	583	574	625	836	777	671
AT3G28460	578	576	466	651	707	570
AT2G24820	475	476	433	750	670	556
AT3G20870	598	444	553	726	698	602
AT1G33590	99	81	119	399	453	402
AT2G02970	576	414	504	773	758	673
AT1G27980	840	696	744	709	683	664
AT2G28890	399	372	411	591	566	449
AT5G25150	740	554	560	655	582	563
AT3G17740	734	577	524	703	687	670
AT1G59640	608	608	593	994	935	827
AT5G66850	415	388	360	590	617	496
AT1G34300	437	396	499	769	780	723
AT1G63160	655	662	652	712	771	634
AT5G48720	925	722	837	713	626	512
AT3G12680	659	581	579	674	673	647
AT4G17770	502	472	522	477	502	348
AT3G14205	656	488	539	487	406	422
AT2G20790	628	532	551	593	576	552
AT5G66750	587	488	424	462	430	396
AT4G14510	724	548	537	754	707	583
AT3G46790	755	798	771	719	902	657
AT1G24340	627	497	481	789	720	638
AT4G29000	641	480	565	725	766	598
AT2G19110	830	564	712	422	442	346
AT1G51745	656	591	603	697	682	513
AT2G01130	774	465	552	762	619	619
AT1G09300	885	752	731	701	721	686
AT5G67190	448	502	434	970	1026	814
AT5G51700	825	866	748	642	659	569
AT3G16150	625	659	632	278	311	243
AT3G19650	715	811	696	668	647	630
AT1G05160	872	646	633	924	888	852
AT4G23710	351	361	366	262	272	202
AT2G45910	627	486	506	848	773	655
AT5G48450	491	426	451	639	764	594
AT1G13220	800	643	704	745	647	624
AT3G21600	35	30	43	667	610	522
AT3G06960	573	534	550	675	743	569
AT5G32470	583	569	587	638	684	516
AT1G16080	565	414	511	641	604	528
AT2G26240	505	554	561	657	742	578
AT2G31280	701	467	512	830	646	646
AT4G08540	636	484	468	702	600	630
AT1G51350	752	651	699	738	683	582
AT3G01050	518	449	453	572	671	641
AT4G11860	478	409	400	539	513	478
AT5G43850	351	398	330	613	616	506
AT4G14070	549	397	443	609	551	479
AT1G54690	603	616	620	370	459	379
AT5G06260	544	456	478	545	551	514
AT2G24570	460	394	420	410	412	305
AT2G04940	548	497	512	679	595	568
AT5G65510	1418	938	980	951	797	795
AT5G47400	596	618	520	578	551	449
AT5G08430	471	375	364	717	643	588
AT1G06630	510	408	446	592	554	545
AT5G03970	736	764	684	822	775	586
AT2G27460	617	497	497	600	581	568
AT4G30650	24	27	24	18	27	22
AT2G38960	559	495	594	659	641	595
AT3G09880	585	482	580	724	638	628
AT4G10570	712	591	672	763	740	578
AT4G28980	612	581	560	601	595	524
AT1G21170	596	388	453	521	467	428
AT4G19120	394	347	382	199	217	191
AT4G35920	356	258	355	367	362	330
AT3G19870	695	587	629	697	703	526
AT1G19110	492	397	402	720	708	569
AT1G55620	641	475	581	538	595	525
AT1G01940	585	606	659	638	750	550
AT1G51500	526	435	487	483	513	374
AT4G24160	404	340	394	435	390	370
AT3G24120	639	613	616	732	769	623
AT5G48940	467	319	386	456	437	353
AT3G21055	485	441	441	484	553	369
AT5G53150	642	454	574	619	627	534
AT1G04970	447	365	372	501	526	528
AT1G79880	657	503	511	712	590	654
AT2G27300	1440	1393	1331	768	810	721
AT1G49850	499	548	555	759	841	678
AT5G04720	468	422	492	669	623	549
AT2G17530	795	596	545	629	539	541
AT2G18760	666	486	585	768	651	653
AT2G23820	567	514	564	401	453	365
AT3G50530	432	373	427	395	431	346
AT1G60190	470	454	448	419	477	377
AT1G03110	871	740	791	572	549	521
AT5G64280	368	357	424	954	919	810
AT5G03345	511	566	524	499	538	485
AT3G20240	849	895	772	741	752	596
AT5G45550	456	508	430	499	488	474
AT5G60550	562	467	503	603	516	504
AT2G25640	677	558	664	413	416	347
AT5G57960	550	485	471	745	653	623
AT2G30590	571	517	492	678	733	577
AT2G20690	442	484	490	535	571	416
AT5G18610	495	479	490	629	754	527
AT3G45640	296	250	289	521	476	436
AT4G33410	576	616	639	735	801	616
AT5G61210	508	443	482	568	571	460
AT5G53420	510	337	440	397	332	289
AT5G18200	325	315	352	563	580	469
AT2G01480	589	433	531	700	642	628
AT5G67080	814	847	813	899	1068	937
AT5G09460	652	577	549	691	737	595
AT2G44820	865	854	817	728	761	611
AT1G03090	385	249	302	581	460	435
AT5G10810	750	749	719	770	840	706
AT2G47160	670	542	580	255	247	263
AT4G39675	55	62	54	1645	1686	1430
AT4G29400	496	474	462	615	580	502
AT4G38120	819	363	436	604	454	596
AT1G33470	388	363	318	268	307	254
AT1G33290	487	393	373	645	707	616
AT1G02160	491	510	499	546	631	503
AT4G00895	395	425	413	571	632	475
AT3G19830	619	494	521	636	573	480
AT3G51780	656	624	642	665	686	657
AT1G19835	186	208	178	420	457	309
AT1G21450	376	345	390	639	629	502
AT3G07370	445	322	329	433	506	379
AT1G19850	702	600	566	786	836	652
AT5G65890	372	297	298	942	912	769
AT3G07640	713	844	722	653	667	479
AT3G09690	632	552	588	523	630	526
AT2G42450	453	412	477	659	726	529
AT2G43540	332	332	309	638	659	545
AT1G60080	816	830	797	691	677	629
AT3G22790	340	264	324	286	327	234
AT3G04680	682	616	613	614	676	500
AT4G09140	770	595	639	726	710	668
AT1G54360	629	531	495	627	565	510
AT3G62580	349	397	400	531	580	423
AT1G34200	598	631	661	658	740	538
AT1G43620	600	425	482	573	540	497
AT3G46290	660	534	659	809	784	654
AT3G48190	1038	419	562	814	482	749
AT3G13530	706	571	642	647	635	598
AT1G69670	600	637	612	700	750	552
AT1G77060	480	477	486	558	667	493
AT1G80350	509	501	461	555	584	469
AT2G03590	470	392	445	518	524	482
AT5G10390	431	489	458	497	554	423
AT2G38130	542	509	578	587	674	496
AT2G22300	600	473	478	848	816	632
AT4G16370	64	49	86	532	570	400
AT4G14350	629	516	481	650	599	570
AT1G71850	921	897	840	756	790	597
AT1G77540	595	605	553	582	684	518
AT5G02850	585	632	595	604	591	464
AT4G35220	448	419	480	541	563	426
AT1G13280	427	447	404	300	309	282
AT3G11800	351	345	358	425	445	444
AT4G10750	512	597	550	626	633	450
AT1G68890	698	352	465	483	347	512
AT2G39270	655	634	674	632	721	571
AT4G36750	577	594	625	540	586	444
AT3G09670	673	643	676	667	729	549
AT2G17630	424	377	396	313	298	298
AT3G51130	443	372	415	515	453	429
AT5G18640	404	374	423	595	640	532
AT3G10220	472	412	381	522	518	486
AT1G73710	616	552	569	875	937	703
AT2G30710	449	445	403	534	597	469
AT5G39960	716	668	700	722	709	559
AT1G67500	760	501	595	914	698	781
AT5G42400	843	541	658	765	562	651
AT2G16650	796	645	612	834	724	769
AT2G45060	581	577	542	547	576	500
AT5G58960	474	437	367	396	438	368
AT1G08125	612	657	571	623	616	559
AT1G28140	329	303	299	500	596	418
AT3G42950	661	638	588	619	627	540
AT3G05945	22	45	29	450	510	429
AT2G27950	627	471	517	578	555	515
AT3G55030	590	510	541	523	621	506
AT4G32570	479	428	432	552	529	503
AT5G12220	825	789	820	706	715	659
AT5G53940	518	532	530	672	723	660
AT1G20225	381	357	402	533	627	560
AT4G05460	504	478	456	630	653	506
AT5G13480	815	631	601	632	599	564
AT1G64430	593	317	362	604	521	572
AT1G65070	941	596	680	724	693	732
AT1G05840	390	249	319	854	807	705
AT5G03795	146	122	115	532	535	454
AT4G17880	806	743	675	549	700	509
AT5G50280	573	613	613	755	704	502
AT5G59430	947	733	728	683	714	575
AT3G05850	611	650	647	701	737	512
AT2G42270	748	284	434	759	471	690
AT2G19390	705	500	615	677	704	549
AT1G49380	517	505	493	673	638	505
AT4G39390	564	592	679	567	618	498
AT3G12020	821	434	563	522	432	467
AT5G64930	536	458	498	655	655	497
AT4G21140	812	840	822	649	640	520
AT5G64390	771	474	597	783	631	643
AT1G70800	55	53	41	133	170	98
AT3G02880	611	649	659	569	684	495
AT4G38470	587	560	531	573	527	449
AT5G49690	256	190	194	649	722	522
AT1G15020	445	416	469	669	648	559
AT2G43910	209	152	197	7	1	12
AT5G47455	871	862	817	698	665	613
AT2G26930	577	528	552	586	567	571
AT4G20830	300	255	282	398	451	334
AT3G54400	177	190	234	131	163	138
AT1G29090	159	133	242	1	0	0
AT5G56380	693	453	430	890	778	776
AT1G28400	357	380	422	617	668	484
AT5G05890	200	191	202	226	294	232
AT4G02540	719	448	515	414	379	398
AT1G74500	371	380	398	231	238	248
AT5G43700	443	484	448	420	457	354
AT5G57560	417	415	464	359	493	353
AT5G19430	397	317	316	508	450	435
AT1G05460	628	610	597	863	826	609
AT3G57180	623	550	464	653	610	512
AT5G45780	812	667	709	614	551	596
AT3G17450	850	691	694	718	764	650
AT1G31160	571	514	495	501	556	473
AT3G47060	515	401	536	650	580	492
AT4G34370	520	428	432	650	679	550
AT3G54860	530	396	385	581	545	526
AT1G53800	680	599	575	618	712	529
AT2G03730	326	321	282	419	416	382
AT3G56010	473	472	448	540	638	504
AT3G50830	263	311	310	341	439	334
AT5G06580	527	387	389	638	557	475
AT3G27030	400	452	401	707	723	612
AT2G40380	651	710	712	552	566	420
AT2G37940	464	479	459	498	504	450
AT4G03190	199	180	198	284	297	253
AT1G77600	814	459	504	607	531	535
AT5G58730	364	416	394	516	579	466
AT2G17020	471	419	411	617	581	517
AT4G32730	594	382	419	465	457	411
AT1G29418	742	693	685	516	589	600
AT1G52670	458	433	420	323	354	298
AT3G04640	246	278	349	384	386	306
AT1G78830	162	184	228	613	682	532
AT1G19800	577	563	527	502	574	444
AT3G06130	255	222	222	262	289	231
AT3G54560	155	165	166	142	193	146
AT4G34070	481	454	451	624	681	541
AT1G01920	672	432	467	588	468	536
AT3G05880	68	68	95	635	711	446
AT1G67820	457	436	450	580	570	460
AT5G08170	537	535	573	598	564	485
AT5G23570	771	680	644	925	912	778
AT1G22660	673	529	569	683	635	590
AT4G37660	708	748	738	584	643	512
AT3G13380	852	743	789	986	939	795
AT2G03690	357	330	387	502	479	382
AT3G02860	572	451	553	660	664	580
AT2G45770	511	404	399	556	525	482
AT2G42400	458	433	368	579	584	501
AT1G58110	552	538	557	542	657	496
AT1G14270	501	391	369	482	403	466
AT5G07320	523	495	481	657	708	528
AT2G05620	318	349	306	565	578	524
AT5G09870	439	351	392	418	437	408
AT1G64795	188	188	178	59	80	67
AT2G30530	530	520	501	565	576	479
AT2G01850	566	570	585	305	345	264
AT4G23885	666	795	768	613	601	446
AT1G52100	0	0	0	0	0	1
AT3G08670	392	402	360	407	385	313
AT5G23120	308	296	278	434	439	340
AT2G16365	439	440	395	387	535	401
AT4G20860	68	55	88	473	379	279
AT5G04480	443	368	414	384	409	399
AT5G08630	468	398	425	559	528	456
AT3G19780	647	519	559	689	706	619
AT5G22090	485	475	428	396	396	306
AT1G64080	537	532	494	739	815	670
AT3G01640	368	402	434	610	565	476
AT3G07320	449	480	553	304	348	307
AT1G04620	413	249	299	618	511	517
AT5G18100	377	228	276	545	462	493
AT5G57035	531	521	544	993	860	759
AT5G11030	780	652	677	813	649	677
AT3G26900	437	348	347	598	577	580
AT2G20770	182	136	134	454	422	406
AT5G47840	623	508	469	489	417	441
AT3G49600	722	503	579	602	612	506
AT1G20270	616	560	675	682	712	608
AT3G01170	332	336	371	566	545	460
AT1G17180	18	15	11	12	7	4
AT1G65730	343	357	371	619	645	494
AT1G09390	670	697	694	727	855	687
AT2G19430	744	623	597	684	627	648
AT5G07220	226	197	220	267	244	219
AT1G71140	307	255	320	890	943	830
AT3G50080	501	487	485	708	700	540
AT5G06950	662	577	650	667	690	626
AT1G67750	56	40	42	29	44	37
AT3G54290	377	354	365	538	514	487
AT1G48050	616	487	552	657	586	535
AT4G37040	764	645	634	528	544	497
AT3G25120	571	557	555	736	753	606
AT5G13740	325	273	286	903	853	785
AT5G18820	816	627	626	757	744	598
AT2G17800	628	571	587	459	557	449
AT4G32670	510	433	518	709	670	551
AT3G54380	496	377	394	653	619	637
AT2G14460	724	783	773	682	753	550
AT3G42150	461	477	418	580	506	467
AT3G57280	519	536	552	486	536	435
AT5G48970	648	619	598	732	753	689
AT4G32190	720	710	709	853	826	636
AT1G54390	644	507	561	637	575	526
AT1G42430	603	476	518	573	629	590
AT4G34150	465	426	446	619	591	506
AT2G45380	358	215	216	455	391	462
AT5G57685	1180	1293	1148	639	830	650
AT1G03250	722	612	680	582	617	495
AT5G48220	534	374	388	544	572	539
AT2G25720	514	497	513	626	714	543
AT3G46920	618	535	554	732	724	611
AT3G27330	172	206	216	488	549	438
AT3G07720	268	284	267	362	342	304
AT1G75670	849	798	815	709	728	668
AT2G43490	488	383	416	508	487	465
AT4G02640	343	294	323	392	356	398
AT5G45930	365	345	348	301	355	280
AT3G61960	585	483	536	736	644	651
AT5G27750	445	418	395	707	739	690
AT5G44720	475	459	531	263	308	251
AT2G30410	377	395	408	413	457	391
AT2G31570	334	265	364	417	415	407
AT2G18390	481	478	455	596	718	597
AT5G65250	539	501	456	535	568	484
novel.128	573	375	425	729	543	692
AT5G63930	556	397	405	586	604	625
AT3G12345	410	363	387	573	571	488
AT5G22790	526	458	519	493	592	468
AT4G26270	201	188	222	468	504	426
AT5G63220	753	660	668	538	562	558
AT1G63490	824	507	610	775	640	611
AT1G50670	451	403	409	370	379	383
AT3G51090	585	529	531	540	544	477
AT3G45900	297	258	311	429	452	310
AT1G16970	805	563	654	725	625	592
AT1G55690	232	186	174	150	161	103
AT5G10270	585	585	554	567	587	532
AT3G61670	685	575	568	770	678	631
AT5G05750	352	314	349	535	625	395
AT2G46180	649	489	542	592	596	572
AT4G13270	331	302	377	512	440	404
AT5G45750	592	641	651	490	462	421
AT4G27490	932	712	769	674	678	640
AT5G63870	680	530	530	623	599	575
AT2G17640	643	358	446	641	524	599
AT3G57530	319	249	284	436	342	360
AT4G22150	624	608	595	554	597	512
AT3G02065	596	540	541	647	598	486
AT4G35470	530	468	428	627	589	438
AT3G59580	309	348	331	485	530	417
AT5G17790	673	557	631	668	726	519
AT4G05440	777	793	768	588	634	498
AT5G49890	489	445	456	264	291	264
AT5G11670	336	299	355	457	504	420
AT2G44140	529	470	469	574	602	493
AT5G48110	3	7	0	4	0	0
AT2G04550	433	449	412	538	537	417
AT1G77850	956	838	858	653	632	623
AT4G31850	497	437	472	787	706	594
AT5G63260	551	423	458	520	491	481
AT3G16785	586	362	467	655	542	590
AT3G16950	812	698	733	535	451	447
AT2G15790	679	705	662	694	776	560
AT1G53070	364	365	396	237	347	254
AT1G75140	406	466	534	643	668	541
AT1G14690	882	721	784	566	635	515
AT2G17760	608	516	549	731	664	624
AT1G66730	696	338	409	552	378	477
AT5G43670	678	593	591	647	684	520
AT5G36890	495	500	479	431	385	384
AT3G24590	525	490	478	520	546	499
AT1G02910	606	421	451	570	506	501
AT1G07370	421	448	450	355	378	333
AT3G51250	625	488	490	482	508	425
AT3G60380	790	639	762	500	664	429
AT3G13520	183	172	198	109	147	120
AT4G07950	510	408	461	601	681	511
AT3G53390	567	497	524	659	595	511
AT3G20060	298	301	341	320	279	267
AT2G22900	390	381	428	427	478	427
AT4G18070	564	514	537	395	328	360
AT5G12940	51	60	48	46	68	57
AT5G12240	449	510	485	544	626	574
AT1G10430	585	626	652	568	599	504
AT1G25420	566	570	447	562	536	503
AT4G14340	513	447	432	552	511	468
AT1G06150	588	415	433	691	629	556
AT3G62300	429	344	356	420	459	402
AT3G27350	470	383	416	551	533	438
AT4G37370	43	44	49	177	201	122
AT3G15360	400	426	412	492	512	352
AT4G01280	359	295	316	576	543	530
AT5G45590	604	686	660	430	519	399
AT1G23740	200	205	160	359	361	298
AT5G61060	645	532	557	679	726	566
AT5G13400	496	511	449	300	306	314
AT4G20880	273	256	271	550	645	497
AT1G03760	491	388	414	606	514	463
AT1G22790	373	387	383	519	576	507
AT3G17780	291	355	369	316	372	295
AT5G66160	610	416	399	525	549	514
AT5G62610	393	320	369	379	378	335
AT2G26210	363	346	311	507	554	451
AT3G02180	229	206	222	157	167	156
AT2G40030	788	588	670	742	671	610
AT5G67610	759	633	647	703	667	590
AT4G26430	613	529	598	580	593	536
AT1G47380	742	613	589	662	630	564
AT2G47620	781	649	633	677	584	569
AT1G45976	387	350	395	477	495	408
AT1G35470	488	420	406	561	484	465
AT1G58200	568	409	444	724	646	610
AT1G65700	802	867	762	700	681	615
AT2G44680	564	517	498	555	523	462
AT1G52760	244	265	277	341	431	286
AT2G31170	672	539	526	567	630	535
AT2G31820	473	411	510	752	688	564
AT1G78010	661	521	483	680	626	642
AT1G68100	465	359	452	554	523	469
AT2G45260	510	468	488	485	609	419
AT1G29170	998	675	755	560	504	516
AT5G44500	567	673	639	638	751	567
AT3G26932	750	651	571	802	715	706
AT1G04070	722	835	831	637	639	528
AT3G62450	587	615	598	587	628	568
AT1G64980	305	349	331	682	746	604
AT1G73380	337	368	324	557	555	509
AT1G77350	592	592	659	543	576	461
AT3G54740	594	533	558	778	757	739
AT2G04660	795	662	652	843	809	698
AT2G30880	646	485	527	550	548	471
AT4G04614	508	506	543	629	757	545
AT1G14030	675	554	575	698	766	618
AT1G34360	755	690	665	657	676	576
AT3G02630	411	437	434	344	428	320
AT2G22100	798	815	778	603	610	493
AT5G05880	187	232	169	435	448	360
AT5G02100	371	327	393	529	527	417
AT5G06750	179	130	125	238	211	190
AT2G03430	687	680	709	586	608	499
AT5G54510	525	560	606	477	537	422
AT5G60120	319	303	273	136	175	149
AT5G23460	265	310	251	625	652	496
AT1G53300	329	313	248	197	225	177
AT3G54460	683	492	608	749	656	653
AT3G56590	404	323	366	375	407	370
AT4G35770	71	74	52	346	333	283
AT2G23010	80	71	82	102	101	72
AT3G57780	1415	1076	1180	363	364	339
AT4G16155	196	151	173	272	270	209
AT3G59780	444	289	300	307	274	308
AT1G10865	388	390	385	675	710	579
AT3G12300	396	399	349	589	654	547
AT3G26980	429	408	387	726	858	605
AT4G34310	801	439	483	702	517	618
AT5G23420	234	245	216	296	282	237
AT5G63940	443	451	405	488	494	423
AT4G33910	431	340	354	525	529	399
AT1G50420	353	387	431	577	594	453
AT5G56180	536	401	473	611	540	535
AT4G28100	457	465	415	427	488	394
AT2G31955	414	326	340	509	552	436
AT3G57220	581	498	580	514	486	389
AT4G27040	594	474	461	511	455	479
AT1G20560	421	333	404	444	433	382
AT3G27320	544	554	564	562	679	502
AT3G02875	171	152	167	333	348	321
AT3G46980	398	322	339	453	447	404
AT4G25030	439	425	455	293	284	205
AT5G57630	739	588	649	823	679	731
AT4G27760	492	490	450	383	427	388
AT1G54310	574	456	454	636	647	549
AT2G28360	654	580	561	516	452	436
AT4G10590	517	434	503	606	550	481
AT3G20810	517	374	410	752	662	687
AT2G26660	661	714	616	458	483	408
AT1G69260	77	87	105	97	128	74
AT3G53280	418	395	459	750	909	659
AT3G46610	625	565	583	794	798	636
AT3G28040	247	274	308	340	361	293
AT5G16010	258	266	315	559	584	476
AT1G67920	17	9	16	180	194	167
AT4G00170	730	588	666	574	558	512
AT3G12340	866	726	687	717	589	608
AT1G16800	893	577	720	787	658	608
AT4G33920	543	413	458	730	770	535
AT4G35020	567	536	536	721	704	633
AT2G21860	318	326	296	458	604	427
AT1G73090	665	571	535	658	612	594
AT5G12440	727	556	548	546	562	442
AT2G01010	595	423	623	542	547	557
AT3G61790	354	317	306	428	438	386
AT4G00380	545	420	429	531	522	466
AT5G24400	245	280	274	275	307	258
AT3G23310	615	496	547	652	610	533
AT5G32450	633	624	540	503	568	448
AT2G25850	840	483	565	869	659	735
AT1G60800	407	368	369	542	556	426
AT5G12230	691	549	569	622	608	557
AT3G59500	478	452	482	494	531	479
AT3G51980	676	589	678	483	557	488
AT2G27920	1355	1109	1427	69	74	62
AT4G11175	538	634	591	509	614	433
AT3G50340	769	847	677	746	856	664
AT4G12300	412	498	473	527	573	453
AT5G51770	632	611	618	630	694	501
AT3G13445	639	399	527	550	621	409
AT1G75340	658	570	559	594	523	523
AT1G54050	71	63	51	106	132	113
AT4G08510	621	584	612	701	738	562
AT3G16000	505	454	460	564	609	508
AT5G51140	715	558	656	577	567	561
AT5G13310	384	429	431	491	500	407
AT3G08630	134	148	149	175	181	172
AT5G44730	636	606	632	549	652	525
AT3G56120	844	742	715	541	542	462
AT1G73730	422	354	411	459	448	383
AT4G14965	544	538	503	606	612	629
AT5G13810	386	303	348	465	495	387
AT1G44820	441	389	455	553	513	437
AT2G02810	1165	1059	1024	253	326	309
novel.107	685	583	539	593	514	487
AT1G47240	545	432	522	593	562	519
AT3G27190	1185	880	950	352	405	358
AT5G57800	413	360	353	352	360	350
AT5G51450	493	407	385	518	594	514
AT3G21700	591	620	604	834	947	721
AT5G37740	585	548	552	569	649	460
AT2G15270	555	587	540	600	658	500
AT1G35660	548	468	510	785	789	624
AT3G16740	444	469	436	575	735	559
AT4G24400	540	456	478	571	537	470
AT1G09840	422	351	324	536	494	436
AT4G06634	686	563	596	571	613	577
AT1G13390	335	305	340	529	560	446
AT5G49100	597	518	525	362	375	269
AT2G36490	258	179	194	263	257	256
AT5G27820	638	703	680	557	649	528
AT1G50120	451	422	422	408	404	397
AT1G17640	424	431	379	526	569	453
AT5G08370	184	140	141	6	18	14
AT2G32040	540	404	420	538	531	528
AT3G58600	436	403	361	518	532	423
AT3G43610	513	399	452	449	391	385
AT3G19680	307	301	323	354	477	324
AT2G39950	551	454	541	664	612	632
AT3G24350	435	493	495	486	482	408
AT1G60620	642	532	522	598	605	516
AT3G47950	237	164	213	310	371	296
AT4G35910	621	607	589	644	674	575
AT3G17440	500	445	433	608	617	539
AT2G36960	546	360	428	702	590	492
AT2G33570	173	139	169	211	223	206
AT1G06820	652	481	490	598	550	543
AT1G49590	582	604	518	500	519	459
AT1G16460	529	414	421	570	556	524
AT1G78620	527	493	513	449	536	434
AT5G65810	439	355	397	271	286	279
AT4G11670	569	373	452	699	581	570
AT5G07180	822	716	740	673	621	602
AT3G13226	614	537	560	547	605	479
AT1G53165	595	496	552	632	600	546
AT1G55960	563	461	465	754	701	615
AT3G10760	611	556	511	470	532	464
AT3G55070	303	215	290	390	478	310
AT3G02300	647	357	380	454	308	460
AT4G36650	460	471	513	670	614	477
AT3G14870	643	617	640	604	655	485
AT5G64020	549	534	560	532	632	480
AT2G17670	788	772	792	676	785	610
AT3G50950	236	199	249	961	837	660
AT2G23140	625	521	488	642	623	535
AT1G22070	535	503	471	614	612	513
AT4G13460	375	411	400	549	529	429
AT5G51880	578	642	604	561	590	502
AT4G34240	438	304	366	358	380	333
AT1G67340	362	346	335	554	578	440
AT3G02580	332	311	326	377	464	378
AT2G34585	298	298	312	398	442	339
AT4G30840	679	644	659	587	629	511
AT5G06960	593	572	482	572	614	560
AT5G62710	937	767	905	758	817	628
AT5G20680	555	562	609	575	622	549
AT4G02725	398	329	339	490	545	470
AT5G58140	386	240	215	295	255	290
AT5G25220	439	429	387	476	511	430
AT1G06080	1121	1119	1088	618	609	507
AT4G15010	558	551	496	565	593	526
AT4G13220	551	561	548	571	651	487
AT3G52240	460	347	348	551	615	486
AT1G65410	386	317	349	422	391	407
AT4G10925	641	586	620	712	749	592
AT5G51020	347	338	349	526	538	466
AT4G22750	485	406	491	568	715	560
AT1G50450	499	454	390	598	597	525
AT5G52380	765	715	665	533	568	493
AT2G23390	576	385	438	617	547	635
AT1G09290	612	606	608	594	666	530
AT3G50660	778	680	788	630	586	627
AT5G53760	566	482	477	649	612	596
AT4G26690	542	511	511	546	626	518
AT5G14460	556	520	564	652	664	568
AT3G11500	535	571	574	517	515	473
AT1G74020	380	347	436	349	366	311
AT5G66320	825	816	789	607	682	537
AT3G12380	834	698	726	588	640	582
AT1G13880	662	497	585	618	639	558
AT1G32860	603	624	647	511	561	446
AT3G26990	604	547	480	591	597	488
AT1G74410	218	159	199	476	456	418
AT3G21790	298	262	278	653	648	581
AT2G30100	238	267	232	481	529	425
AT5G21060	508	458	468	382	417	351
AT5G46640	507	461	447	518	485	455
AT5G55500	539	481	471	558	572	507
AT5G60100	437	253	240	810	581	675
AT5G58560	588	499	553	592	625	585
AT5G03670	815	742	775	690	802	668
AT5G58510	517	372	372	512	502	481
AT3G11220	713	635	651	678	700	604
AT2G37760	280	279	255	225	278	197
AT1G05410	625	535	579	619	710	480
AT1G53450	621	524	531	730	679	678
AT1G65320	398	487	415	541	656	464
AT5G18790	673	794	767	583	664	499
AT5G01800	552	531	518	328	377	357
AT1G53200	717	632	576	759	755	723
AT5G04140	9	8	6	4	8	4
AT1G14010	618	522	671	343	400	322
AT4G20410	346	331	369	467	466	389
AT4G39470	536	572	476	686	746	593
AT5G11010	776	645	660	662	682	479
AT3G14350	581	392	486	450	418	413
AT2G35620	545	452	444	365	453	400
AT3G05210	456	411	438	576	545	575
AT2G04378	521	521	477	553	669	552
AT1G27070	755	579	568	702	604	614
AT5G01890	247	236	252	369	373	306
AT3G29230	566	568	560	589	712	529
AT5G64160	541	607	566	513	616	505
AT2G40090	713	629	634	558	645	547
AT2G21380	304	201	228	358	274	303
AT5G24620	550	307	313	371	326	421
AT3G06300	295	234	300	137	173	138
AT2G34560	161	134	156	134	131	101
AT5G17690	514	455	498	739	681	604
AT5G17620	903	698	685	559	588	536
AT5G25540	457	394	410	482	447	424
AT5G45050	667	467	533	785	672	622
AT5G08190	525	503	486	524	433	435
AT3G15080	844	817	752	582	563	489
AT1G69770	317	285	297	197	181	123
AT1G30210	726	698	578	526	525	449
AT5G06830	495	426	438	479	512	419
AT3G52340	92	53	53	220	223	208
AT5G27270	521	380	378	673	573	537
AT5G05860	790	657	677	886	745	739
AT1G66280	46	33	64	28	32	21
AT1G02810	538	530	573	596	730	594
AT4G38660	614	535	668	593	683	509
AT5G06440	494	299	394	634	510	543
AT2G26650	567	474	513	542	544	522
AT2G15820	654	688	640	717	799	550
AT1G01930	512	520	505	548	591	500
AT4G16330	299	245	279	477	513	467
AT1G06560	807	566	591	596	586	541
AT5G23860	497	437	508	756	877	630
AT4G33360	214	163	212	138	164	117
AT3G44680	716	589	453	704	578	549
AT1G06380	761	791	760	552	642	515
AT1G07250	269	270	227	411	468	376
AT3G46460	440	471	436	479	519	381
AT5G57940	709	603	622	588	550	507
AT3G51500	416	425	453	496	523	403
AT3G54130	477	465	436	455	473	377
AT3G25545	657	771	768	665	661	484
AT2G02480	529	402	438	453	449	391
AT3G07400	664	465	516	602	540	452
AT2G06510	815	760	800	790	734	629
AT3G48410	563	490	635	758	836	769
AT2G32320	766	497	567	677	529	594
AT1G76700	255	182	209	406	415	344
AT5G01980	502	487	482	554	572	472
AT1G73920	433	350	402	586	545	456
AT3G54980	757	707	636	704	715	514
AT1G04520	447	458	446	280	326	239
AT1G76050	551	414	354	580	558	554
AT5G10160	315	308	328	283	278	229
AT5G53330	408	419	411	548	504	461
AT1G02145	642	485	529	598	519	503
AT1G13450	402	313	354	441	448	418
AT4G27350	339	318	350	349	351	305
AT2G16770	309	292	278	399	491	327
AT2G19810	264	261	235	497	565	353
AT4G02440	360	400	392	492	568	431
AT1G54500	348	374	345	506	572	429
AT5G46170	430	436	402	524	621	507
AT3G56630	561	504	537	590	632	506
AT1G18470	418	401	405	667	638	677
AT5G06780	632	538	560	529	487	468
AT1G04040	17	6	18	17	15	14
AT1G71800	646	587	687	670	608	611
AT5G65390	312	333	359	538	506	390
AT4G20380	559	493	496	541	519	449
AT4G39160	679	537	593	676	622	566
AT2G40630	764	638	615	684	715	648
AT1G53570	532	351	409	508	498	447
AT1G01140	482	446	481	168	165	141
AT1G50300	642	537	534	607	550	488
AT3G09600	252	195	182	399	377	355
AT1G71900	631	566	653	589	600	459
AT3G09470	334	316	300	528	540	515
AT1G28650	635	604	651	861	1045	803
AT3G15430	413	291	303	579	555	513
AT2G38730	538	587	561	553	611	505
AT1G13930	116	114	126	238	288	205
AT5G13160	473	404	489	512	507	439
AT5G53060	608	488	550	511	529	457
AT5G62900	351	331	348	588	610	528
AT1G61030	573	489	524	715	607	594
AT1G18250	260	282	295	216	279	204
AT3G22425	464	474	449	548	657	491
AT5G24450	444	300	294	560	443	513
AT1G29240	526	521	545	607	582	480
AT5G02290	504	479	478	622	609	503
AT5G35080	700	679	624	487	636	555
AT1G14580	576	509	519	545	585	480
AT2G18170	460	480	512	524	607	460
AT4G17790	405	343	370	610	623	554
AT4G02600	489	462	499	741	810	648
AT1G17190	174	169	217	169	237	153
AT2G24560	539	487	521	496	572	447
AT1G18190	529	381	434	468	471	401
AT2G39805	377	410	406	598	658	516
AT5G59830	476	430	453	685	604	570
AT4G27900	353	357	341	495	517	479
AT5G08230	770	376	460	728	483	606
AT1G27385	384	365	372	541	547	425
AT5G65520	402	464	446	518	581	488
AT4G40060	552	539	607	321	398	337
AT4G32480	534	501	550	715	934	677
AT1G47230	631	662	626	625	714	584
AT4G32050	633	538	541	609	638	515
AT3G15610	413	366	415	451	473	391
AT1G75760	350	309	335	457	464	385
AT3G09810	603	637	637	459	545	403
AT4G12020	660	296	419	663	415	545
AT5G41960	450	431	453	546	637	533
AT2G02955	576	466	514	661	653	543
AT2G24640	707	609	620	480	497	383
AT3G30180	1097	844	976	551	525	475
AT1G02990	671	470	563	744	699	596
AT1G54510	823	589	619	588	508	517
AT3G45100	471	421	446	488	508	459
AT5G49560	571	739	650	743	837	602
AT4G23040	651	593	628	608	561	539
10/31/98	560	489	537	605	610	491
AT5G63920	470	302	295	337	253	323
AT3G59410	724	400	486	547	392	523
AT4G39270	450	418	407	661	617	550
AT1G19400	402	394	357	546	587	472
AT2G04780	56	65	87	48	78	55
AT5G48500	465	451	469	521	625	478
AT1G08010	509	579	583	510	580	438
AT4G26610	546	493	528	478	538	415
AT1G66740	527	523	542	565	672	535
AT3G42850	1846	999	1049	170	135	179
AT5G52660	361	392	354	490	459	366
AT3G57930	466	426	410	502	504	434
AT1G30120	382	423	462	151	211	155
AT5G63140	233	254	251	326	355	268
AT1G19770	302	268	233	464	454	345
AT5G14620	432	363	359	508	539	474
AT1G48430	494	291	294	621	477	577
AT1G54570	540	434	459	536	543	426
AT1G07170	528	521	568	540	554	457
AT2G30280	659	577	640	761	708	638
AT3G61150	415	364	436	420	387	399
AT4G23840	479	403	408	584	579	464
AT5G20320	575	360	447	767	685	659
AT1G54370	632	364	415	573	431	560
AT2G17220	487	510	474	639	655	534
AT4G29520	937	771	921	261	311	319
AT4G01940	429	342	402	559	602	491
AT3G10730	387	359	368	463	560	410
AT1G55040	759	698	703	745	737	597
AT1G47670	473	409	458	542	513	435
AT1G30810	441	364	448	561	555	496
AT3G61980	312	301	343	475	449	369
AT2G44430	381	323	329	514	478	437
AT3G11590	468	444	420	434	475	341
AT3G49320	732	663	750	801	732	647
AT3G46320	216	224	234	233	296	199
AT1G09160	750	654	672	444	472	413
AT2G30390	356	358	346	372	367	338
AT1G06730	564	509	517	558	646	453
AT2G47850	415	365	364	560	532	413
AT1G45150	497	336	355	524	413	445
AT3G23150	466	428	367	841	827	741
AT3G48210	537	519	579	545	584	453
AT4G27250	816	722	786	732	657	616
AT1G72175	254	295	311	453	509	379
AT4G33140	581	488	538	483	415	363
AT1G05350	385	369	333	308	278	272
AT3G19180	499	382	419	470	436	406
AT5G65495	336	373	366	496	574	425
AT5G11550	389	340	374	662	695	577
AT1G79970	563	533	461	554	553	447
AT3G17510	419	368	386	487	443	440
AT2G14530	419	354	360	543	500	491
AT1G52150	483	258	314	701	540	597
AT3G19508	799	846	779	701	715	595
AT5G62980	530	503	469	485	545	537
AT5G20510	436	386	392	555	548	489
AT3G24000	686	626	615	930	930	662
AT1G55675	141	137	108	460	502	450
AT4G04470	573	524	495	466	489	401
AT5G57660	354	372	330	391	456	325
AT3G23030	414	356	326	413	464	307
AT3G10980	535	542	573	510	587	463
AT1G06010	271	282	250	471	517	357
AT5G42765	468	428	426	482	535	486
AT1G49890	530	464	487	587	555	502
AT5G55510	674	732	677	481	478	464
AT5G42000	445	360	416	498	528	416
AT5G59320	33	29	54	54	43	43
AT5G49945	395	369	384	477	487	446
AT2G01290	713	752	682	584	589	492
AT5G06680	637	621	636	597	633	520
AT3G59950	616	577	531	545	520	522
AT5G55580	640	600	562	622	686	538
AT3G09320	411	423	357	604	641	543
AT1G72830	785	704	737	925	916	708
AT1G57820	331	310	337	324	330	248
AT2G35190	141	115	98	99	129	105
AT3G28030	580	369	500	701	551	592
AT3G54790	645	501	570	728	811	613
AT4G16110	354	347	306	450	493	383
AT5G40530	812	715	733	574	558	519
AT2G21050	380	364	366	435	473	398
AT1G47750	506	632	625	563	556	491
AT4G21460	456	459	482	497	544	423
AT5G51590	755	718	739	569	655	514
AT1G28490	450	431	401	463	461	409
AT1G08220	749	757	716	527	621	495
AT5G50840	634	589	636	541	507	449
AT3G59890	481	540	503	393	390	351
AT5G19050	354	347	296	458	400	385
AT3G54810	145	170	156	244	291	186
AT3G63260	515	456	483	460	430	448
AT2G48010	527	539	456	534	568	386
AT1G50320	306	347	281	474	530	447
AT1G63010	276	216	236	231	201	186
AT1G31800	479	384	415	391	406	382
AT3G28430	600	456	543	600	551	509
AT5G41260	510	378	419	473	477	424
AT5G20790	374	417	437	156	198	132
AT5G45490	499	432	468	324	322	298
AT4G36290	583	499	543	717	632	646
AT1G52500	769	520	619	601	596	505
AT1G25310	217	183	217	904	967	834
AT5G60590	577	559	524	623	664	526
AT3G07440	463	436	457	558	568	509
AT1G73660	647	451	529	494	407	387
AT3G45090	416	451	371	360	347	309
AT3G07410	338	357	365	450	500	374
AT1G02410	474	446	461	577	569	475
AT2G40300	380	410	377	69	72	66
AT2G26100	529	454	462	606	579	563
AT1G09910	355	271	281	581	655	539
AT3G03440	228	261	236	334	354	293
AT5G66010	558	464	368	563	504	513
AT5G64330	122	87	102	152	159	130
AT3G18580	706	718	721	623	691	518
AT4G01900	369	430	405	346	350	297
AT5G25180	19	30	40	415	335	283
AT3G04520	278	253	278	331	297	242
AT2G37790	439	524	452	403	455	346
AT4G14385	438	356	370	467	500	455
AT5G20165	402	418	394	498	467	453
AT4G32915	555	478	515	489	530	506
AT2G06000	634	607	577	547	682	531
AT2G22475	524	565	534	439	484	366
AT1G01220	578	393	450	398	419	377
AT5G61580	420	395	454	476	568	397
AT3G54826	522	546	586	590	652	493
AT3G54900	389	479	439	546	612	435
AT1G08050	74	78	92	179	171	138
AT1G75390	764	656	530	436	520	436
AT3G16870	790	761	767	508	601	492
AT4G39820	554	513	523	543	482	437
AT2G35060	520	327	381	572	551	537
AT1G42540	591	502	537	634	634	664
AT2G15690	700	731	795	598	672	467
AT1G19485	828	422	498	585	466	601
AT3G01930	413	411	407	512	496	421
AT1G04900	583	535	542	482	452	442
AT2G27820	223	216	180	331	325	303
AT1G17160	375	455	384	352	404	317
AT1G77930	370	243	248	417	393	348
AT4G02530	415	346	294	343	341	368
AT5G15570	625	591	613	691	726	527
AT2G41950	607	648	573	519	600	436
AT1G32550	251	217	221	295	319	288
AT5G45110	652	645	609	691	621	521
AT1G54460	426	430	473	396	399	407
AT5G05930	452	372	323	491	512	389
AT1G19720	611	386	469	525	428	422
AT4G36090	537	460	468	529	520	521
AT5G59180	639	605	625	521	610	463
AT1G79985	454	422	378	497	578	442
AT1G17460	1126	873	904	710	670	607
AT5G64830	544	476	549	549	546	502
AT1G53650	675	696	700	563	615	517
AT3G10540	528	464	551	534	589	438
AT4G37000	417	454	441	581	585	417
AT3G04810	630	505	518	360	300	304
AT2G05630	377	412	411	571	567	493
AT1G09420	447	271	295	648	569	589
AT5G50200	211	219	290	101	154	109
AT2G36240	410	415	424	630	640	449
AT3G15355	438	402	385	561	543	420
AT1G20300	611	598	661	700	705	511
AT3G57800	276	318	252	323	390	298
AT3G53370	397	415	375	441	503	378
AT3G59630	685	579	577	695	683	557
AT3G61520	700	631	673	716	713	496
AT5G09980	288	363	310	472	487	443
AT4G13020	586	434	479	414	472	452
AT3G03220	467	469	488	422	485	367
AT2G01650	438	435	465	603	575	521
AT5G05670	575	528	584	571	581	497
AT4G26510	470	352	356	328	320	296
AT4G39100	363	340	343	487	541	446
AT4G29690	123	169	152	23	50	26
AT5G19920	590	492	594	612	593	444
AT4G39870	377	307	329	560	565	470
AT5G11000	779	657	771	510	579	450
AT3G48340	0	0	0	0	0	0
AT5G01930	623	487	473	468	536	462
AT2G46710	601	579	542	691	661	630
AT1G36280	742	681	682	604	579	499
AT3G50880	385	374	419	549	541	450
AT3G26670	494	418	456	433	449	481
AT2G15530	508	452	410	481	458	408
AT3G01400	238	235	254	434	364	302
AT4G39140	389	331	371	473	466	464
AT1G05140	535	458	393	618	637	518
AT2G46930	427	369	430	380	389	376
AT2G45270	558	436	449	497	507	510
AT1G01260	509	485	557	550	507	421
AT1G79490	575	572	662	718	717	622
AT1G35510	658	539	579	521	446	465
AT3G63200	466	489	417	313	331	254
AT4G16440	532	478	480	501	517	528
AT1G77920	134	137	129	435	401	361
AT5G17460	314	290	309	308	304	231
AT3G55200	700	615	669	754	705	558
AT2G19490	706	621	662	688	666	577
AT5G57050	77	68	86	151	162	160
AT1G13810	672	641	573	644	722	577
AT1G77260	437	369	453	495	426	400
AT1G70140	532	493	542	718	794	607
AT4G08170	405	345	383	421	371	381
AT4G29140	384	382	374	577	597	418
AT5G59460	560	575	544	629	603	545
AT1G54730	842	456	528	692	488	637
AT1G28150	314	315	307	516	547	451
AT3G63390	444	501	503	584	663	472
AT1G28530	736	574	601	616	531	496
AT3G47390	675	431	479	585	443	490
AT3G13560	474	434	478	514	590	479
AT3G43220	469	291	311	422	385	394
AT5G18500	344	356	345	329	311	293
AT5G14550	417	338	342	419	384	396
AT1G60420	391	350	362	514	469	393
AT5G48335	496	492	445	463	530	446
AT1G55930	631	387	522	674	567	576
AT5G20170	619	509	537	543	475	465
AT2G30695	372	312	335	422	377	433
AT1G71250	104	121	110	1467	1425	1343
AT5G26910	671	557	613	507	528	438
AT1G35670	385	331	336	496	470	398
AT1G64850	508	498	510	462	467	415
AT3G07568	332	300	332	368	465	374
AT2G45010	376	344	359	406	371	346
AT5G41760	472	501	492	522	612	456
AT1G14560	668	575	526	564	583	581
AT4G20340	743	606	624	640	637	546
AT5G37380	478	436	400	509	527	402
AT2G20900	513	476	430	501	487	424
AT1G30410	354	167	219	293	227	325
AT3G10620	357	273	290	355	317	294
AT5G13710	234	244	214	179	189	135
AT2G43350	416	358	437	436	469	401
AT4G39990	561	621	602	443	442	391
AT5G46620	504	540	585	483	537	444
AT4G21470	501	399	410	438	420	387
AT1G54770	659	615	614	501	551	520
AT3G18524	550	459	499	533	474	454
AT2G33630	226	185	199	267	314	248
AT1G05430	561	523	572	537	557	499
AT5G39760	975	959	1033	316	320	287
AT3G27906	669	513	561	554	693	607
AT1G35460	374	368	343	579	648	550
AT2G46040	588	540	539	599	654	446
AT2G25280	498	480	449	543	546	515
AT1G79630	692	560	541	653	539	577
AT3G57080	508	506	525	613	687	537
AT3G60390	573	569	554	665	801	631
AT3G62260	71	65	85	120	130	111
AT5G05570	490	344	371	543	487	509
AT3G08780	456	444	428	494	617	448
AT2G21195	273	260	218	335	338	320
AT3G58220	659	617	514	598	582	575
AT1G78800	493	434	502	477	451	393
AT3G20620	530	515	491	564	620	489
AT4G33640	354	417	408	474	465	382
AT5G03450	559	493	482	689	551	495
AT5G24360	525	438	482	480	449	434
AT5G43400	180	178	190	284	287	267
AT5G41580	513	397	466	495	470	421
AT3G16850	199	240	188	352	396	315
AT5G59050	320	302	259	639	695	520
AT5G43920	567	477	465	609	566	510
AT1G07570	419	336	399	475	484	375
AT5G60700	453	410	390	389	396	390
AT5G46920	566	596	565	623	767	530
AT1G10030	450	479	471	353	434	370
AT5G67290	296	330	346	389	454	356
AT2G42070	394	351	306	429	438	411
AT3G59640	252	263	280	424	383	363
AT1G28090	509	450	472	352	433	420
AT4G35070	406	412	369	697	812	652
AT4G10960	56	72	67	247	182	163
AT1G62970	502	452	499	657	616	524
AT5G02040	422	348	405	443	474	421
AT1G01710	438	314	352	524	495	455
AT2G45500	319	276	250	421	411	376
AT4G37820	392	376	383	504	489	476
AT5G66570	107	97	93	186	174	132
AT1G79740	598	385	396	578	518	522
AT2G27090	535	464	456	564	576	511
AT1G28510	625	586	574	404	487	340
AT4G14455	489	514	487	534	576	464
AT1G15350	302	251	230	492	480	466
AT1G52370	508	490	505	420	446	412
AT5G04420	427	304	367	305	278	262
AT2G02960	434	279	319	446	331	438
AT3G06340	641	562	478	617	676	529
AT4G16140	423	388	397	150	207	168
AT5G27560	358	371	318	599	556	530
AT2G32980	409	393	377	425	487	429
AT5G50430	361	300	302	444	427	426
AT1G02680	400	388	394	567	560	461
AT5G09225	295	312	280	473	527	454
AT4G16442	324	307	330	318	364	288
AT3G03773	593	558	508	532	549	454
AT3G01990	34	18	18	16	29	26
AT5G11750	655	606	650	445	529	452
AT2G17130	402	357	404	321	395	304
AT4G17010	415	388	394	475	490	367
AT5G42110	559	658	596	399	462	388
AT4G00335	555	468	458	739	712	600
AT1G17620	282	280	320	342	363	301
AT1G16780	493	389	371	408	425	411
AT1G50490	256	280	256	305	278	253
AT5G02590	447	431	408	428	417	338
AT2G16710	433	468	448	516	599	459
AT1G68820	784	601	588	592	614	577
AT1G67365	66	63	64	294	328	275
AT2G34050	517	578	552	350	448	318
AT5G22280	485	462	435	455	493	396
AT3G02870	1275	1114	1119	291	297	306
AT5G58540	391	333	332	438	445	338
AT4G31560	380	381	394	562	615	546
AT3G48250	743	684	719	648	725	518
AT3G59210	457	387	436	459	490	423
AT1G26260	876	490	537	577	453	645
AT1G48120	534	432	449	611	608	487
AT5G23200	572	578	524	477	538	396
AT5G24910	209	218	226	600	566	503
AT3G10200	99	128	114	209	248	224
AT2G01930	330	264	315	375	368	339
AT2G30600	477	286	294	611	413	473
AT1G11020	302	337	329	435	456	357
AT4G30350	471	405	487	447	402	391
AT5G43710	495	352	409	452	358	386
AT1G63830	591	590	546	517	546	486
AT3G25290	971	956	1109	387	408	395
AT5G27860	529	358	386	374	273	399
AT4G10330	314	298	305	394	458	348
AT3G01040	548	437	481	394	415	355
AT4G37280	419	380	345	370	386	466
AT3G52100	633	519	508	631	523	531
AT5G15470	391	336	375	310	396	299
AT2G25340	3	1	6	82	77	61
AT2G36970	514	584	507	806	731	616
AT2G44080	339	412	362	383	489	401
AT3G21160	384	333	377	518	481	469
AT1G13030	608	568	555	557	618	512
AT1G07187	1207	564	606	1110	683	1095
AT4G37470	89	160	107	183	212	171
AT1G30490	542	378	397	586	434	539
AT4G14620	744	732	681	834	816	729
AT1G80400	302	228	263	444	431	390
AT3G01490	231	221	209	739	717	653
AT1G50430	154	177	192	126	159	124
AT1G21880	647	656	712	505	500	458
AT1G07420	399	334	327	360	395	357
AT1G19860	478	491	463	567	581	484
AT1G80550	433	403	394	602	738	522
AT3G32940	738	481	567	580	450	531
AT1G16040	387	359	412	430	516	446
AT2G38050	583	518	545	579	607	442
AT5G23940	202	193	198	130	139	115
AT5G37680	321	306	341	421	391	352
AT3G03660	733	504	518	1306	1228	1320
AT5G53900	508	402	417	567	580	569
AT3G03140	600	460	543	578	620	457
AT3G60260	414	341	354	524	581	462
AT1G02880	320	316	303	372	356	292
AT5G04060	512	363	483	427	454	385
AT1G10850	377	393	359	326	374	268
AT5G01230	692	626	626	548	557	537
AT1G04130	412	457	465	529	548	453
AT5G61460	527	301	301	443	283	426
AT5G64090	343	321	347	429	464	318
AT1G10230	689	750	696	501	620	481
AT4G31410	420	308	395	531	479	457
AT5G56550	146	111	114	458	443	348
AT2G39930	423	319	349	567	523	484
AT4G29120	494	524	483	513	581	414
AT4G04800	365	371	371	485	492	442
AT3G01150	492	469	417	469	402	432
AT4G33940	253	164	178	336	303	346
AT5G50740	391	352	342	188	219	166
AT3G21740	714	665	585	614	703	553
AT2G04100	378	345	385	360	326	330
AT2G30105	501	479	425	441	459	401
AT1G73480	288	234	227	552	509	492
AT5G39520	1	2	1	15	6	9
AT3G22950	404	427	408	459	453	387
AT4G09750	95	99	75	105	118	108
AT2G35530	703	570	558	515	472	450
AT1G69890	106	113	127	538	518	474
AT5G39830	619	389	433	525	540	480
AT3G10110	852	727	773	415	483	384
AT4G15620	48	70	70	187	207	136
AT5G18460	562	464	487	294	350	304
AT1G27050	766	830	772	634	632	515
AT4G24670	701	637	662	689	647	609
AT2G36670	519	492	495	484	504	511
AT1G71180	348	340	379	511	531	464
AT2G40280	295	232	244	402	435	396
AT4G09160	867	823	783	777	801	614
AT1G15030	363	301	275	319	325	273
AT3G52950	560	554	571	350	368	302
AT5G05700	459	444	463	602	570	497
10/31/86	572	513	502	439	483	413
AT2G31190	641	452	452	522	557	484
AT2G25950	364	327	294	341	365	323
AT3G28050	580	475	432	546	533	493
AT3G24880	655	478	573	602	600	508
AT2G37770	30	37	46	35	49	46
AT3G66652	700	562	628	748	773	638
AT3G56580	346	346	297	337	383	294
AT5G45660	331	274	352	526	535	434
AT2G23620	779	748	831	325	388	325
AT1G67560	97	99	102	250	306	221
AT5G15260	169	178	176	259	317	252
AT5G30490	592	625	585	559	498	447
AT2G24290	303	339	260	311	400	326
AT1G07150	233	212	242	151	172	167
AT5G58005	431	435	465	453	512	397
AT5G11720	209	201	221	279	303	283
AT3G11890	481	448	484	584	553	464
AT1G12230	279	244	247	455	429	428
AT1G04000	226	211	239	326	352	276
AT1G17070	532	550	531	570	586	440
AT2G23520	522	430	495	524	567	447
AT5G45300	500	426	462	498	461	444
AT3G09760	318	288	300	755	754	671
AT1G61260	675	508	653	708	934	812
AT5G17290	359	323	306	486	488	426
AT3G33520	675	472	516	618	572	504
AT4G30370	631	597	644	704	854	643
AT1G14860	676	642	589	364	392	366
AT1G16720	249	153	170	248	257	260
AT5G63770	573	510	471	451	451	414
AT5G37850	574	443	479	404	366	414
AT2G21090	613	553	559	484	591	476
AT1G34780	452	387	432	454	540	421
AT3G15140	650	599	610	569	637	478
AT5G51560	461	400	519	357	452	293
AT3G48195	480	346	403	572	532	437
AT3G03305	467	452	526	572	596	522
AT5G15910	181	163	159	282	279	226
AT4G00040	752	348	414	443	296	512
AT1G62960	650	576	598	552	584	502
AT1G47310	332	271	293	477	482	356
AT1G34020	475	507	452	398	456	374
AT5G58650	48	72	68	177	225	142
AT1G10410	430	357	330	428	419	396
AT4G24210	503	565	588	508	603	471
AT1G05170	312	312	261	368	413	392
AT2G46090	590	504	517	515	505	486
AT1G60860	577	444	431	456	430	456
AT4G20910	655	598	605	568	632	423
AT3G18430	481	486	487	496	487	399
AT1G72740	525	489	492	554	548	485
AT3G55220	526	439	489	720	605	450
AT5G17860	306	264	258	255	282	198
AT3G49880	337	330	346	405	499	367
AT1G04550	625	551	527	552	575	556
AT5G40740	410	374	403	484	496	409
AT1G62300	135	128	162	377	458	306
AT5G66180	460	396	452	542	658	531
AT1G19370	407	428	472	502	634	438
AT5G55790	604	427	458	531	491	449
AT3G44880	125	82	87	103	81	83
AT5G04460	501	334	374	587	503	455
AT5G26160	659	521	527	571	536	451
AT4G38360	520	416	420	499	510	500
AT5G13890	403	426	440	550	539	428
AT3G08970	1064	873	1068	339	425	416
AT2G21385	302	226	266	373	274	343
AT5G36100	247	217	243	302	326	273
AT5G62030	623	658	537	506	603	428
AT1G54440	571	422	458	535	429	527
AT3G11580	587	451	519	362	385	351
AT5G22950	527	466	512	496	480	439
AT4G14310	239	251	256	215	212	204
AT1G79030	594	438	486	608	527	522
AT5G62580	281	244	280	297	310	293
AT3G47990	558	413	454	505	385	471
AT3G16940	392	334	347	570	525	504
AT4G28220	395	336	329	374	326	317
AT3G13810	578	517	494	500	546	426
AT4G26640	559	448	441	496	499	491
AT1G03150	687	640	669	479	587	422
AT4G30330	590	566	555	475	581	449
AT1G53040	390	348	346	287	277	311
AT1G13340	119	103	142	818	763	588
AT5G07000	816	838	766	321	390	303
AT3G11670	436	381	424	375	383	298
AT1G53460	558	538	528	558	625	468
AT3G48880	360	311	289	456	456	443
AT2G46225	373	330	290	380	318	346
AT5G05620	450	374	353	413	414	342
AT1G10970	309	302	274	433	421	351
AT3G54720	576	437	531	686	590	651
AT5G64360	425	293	345	458	460	412
AT1G01110	833	809	893	575	621	524
AT1G36390	599	493	492	372	465	387
AT5G16610	719	549	471	513	500	463
AT1G22940	474	413	396	586	543	399
AT3G54050	223	215	186	391	477	336
AT3G29350	671	664	633	345	335	306
AT5G57170	687	672	659	702	876	637
AT1G12430	551	417	456	656	525	465
AT5G42810	245	217	212	356	374	322
AT3G04360	37	55	36	171	167	166
AT1G64490	579	663	704	495	562	437
AT1G71020	799	733	865	302	332	284
AT1G56290	480	470	541	626	569	483
AT5G02620	265	264	284	456	501	441
AT5G23720	394	341	322	497	432	364
AT4G20300	301	285	289	318	314	320
AT3G02660	570	537	532	504	523	426
AT5G53530	386	313	322	419	339	335
AT5G62540	471	528	462	502	485	363
AT1G13210	592	464	590	390	417	405
AT1G64570	717	402	518	642	475	463
AT1G11780	504	467	432	547	596	462
AT5G09300	472	359	374	371	325	399
AT3G61010	785	300	404	481	331	544
AT3G23605	640	662	724	425	476	352
AT2G27500	674	637	713	650	654	572
AT3G55120	5	10	18	9	15	16
AT1G22140	579	653	629	548	555	483
AT1G47330	406	403	485	661	557	508
AT3G49100	501	443	474	427	445	402
AT2G33255	510	491	434	501	506	479
AT3G28550	0	0	0	0	0	0
AT4G18380	470	487	502	394	449	332
AT5G08660	453	336	410	515	504	485
AT3G52870	424	438	410	601	516	400
AT5G24870	452	374	426	543	477	409
AT3G63270	404	375	408	428	501	392
AT1G14380	523	477	514	480	529	407
AT4G20140	534	398	499	557	525	488
AT3G15780	116	122	131	287	300	259
AT1G03870	54	47	50	2	6	16
AT4G27650	463	434	419	467	393	424
AT1G07610	110	137	101	310	317	314
AT5G24380	82	72	94	334	410	350
AT3G08950	551	552	472	447	526	422
AT4G17720	480	512	476	374	391	357
AT1G68830	170	154	174	303	285	277
AT5G14600	648	714	627	527	522	471
AT5G62910	421	476	394	468	481	372
AT2G01830	496	367	428	553	602	455
AT2G21180	289	357	343	569	743	548
AT1G14210	467	397	475	238	292	225
AT4G34480	60	56	71	153	142	159
AT2G38580	438	369	315	350	324	315
AT5G67540	458	491	507	405	479	367
AT1G21090	462	473	456	458	500	384
AT1G55880	537	478	497	576	646	503
AT5G11640	480	507	466	392	489	388
AT1G50620	468	465	453	421	502	360
AT4G31450	381	314	344	502	483	391
AT2G38370	478	483	585	554	569	500
AT4G29660	446	487	511	566	636	528
AT3G20740	659	552	502	453	452	455
AT1G77590	322	287	267	207	199	183
AT3G47850	476	465	467	518	549	456
AT2G29760	681	706	690	675	609	469
AT4G39620	465	430	431	507	466	369
AT5G62800	63	34	65	221	247	210
AT3G22850	94	122	133	68	78	67
AT1G51560	431	355	384	470	468	456
AT1G74340	477	466	421	479	520	482
AT5G11630	595	593	581	558	635	493
AT3G59090	326	232	269	358	352	294
AT5G04110	510	402	452	572	615	524
AT2G06005	222	186	169	461	384	414
AT5G62720	371	391	325	643	629	637
AT5G47830	197	275	229	323	321	246
AT1G23970	460	396	378	528	502	480
AT5G14220	396	278	268	437	353	359
AT5G18540	441	364	402	675	593	542
AT1G19120	465	470	459	484	517	445
AT4G37130	647	599	573	504	623	463
AT1G06270	676	665	602	584	729	523
AT3G10940	273	264	252	210	243	219
AT5G66820	451	483	528	524	604	457
AT2G20270	398	467	418	283	362	321
AT5G13750	168	176	188	184	191	210
AT2G33585	231	220	257	379	467	314
AT4G38570	273	181	192	338	308	332
AT1G54140	557	497	465	490	570	411
AT5G52550	280	318	270	348	425	335
AT5G61450	396	374	395	412	465	409
AT3G22150	518	403	427	704	746	623
AT3G03550	348	328	352	215	322	275
AT4G24100	524	338	349	463	410	439
AT2G02800	376	342	368	451	418	341
AT2G41820	341	260	307	343	377	342
AT5G45380	66	53	55	126	110	127
AT5G01950	490	394	354	730	639	683
AT3G06500	679	496	546	522	522	511
AT4G05000	436	395	397	534	517	426
AT1G12820	541	457	532	461	462	421
AT1G15660	397	343	343	260	338	264
AT2G45950	570	427	416	522	518	469
AT4G17420	462	355	371	399	355	382
AT5G56750	367	258	306	342	321	340
AT4G08230	530	559	561	493	457	384
AT4G35040	406	354	417	434	420	363
AT3G11290	497	406	379	479	504	426
AT4G35980	343	346	349	384	483	409
AT4G19180	463	464	478	448	480	362
AT1G22370	138	92	84	401	390	294
AT5G07890	449	329	379	502	425	456
AT1G62040	290	246	288	394	421	375
AT1G27210	562	473	507	506	573	487
AT1G27520	574	366	397	491	477	500
AT5G16980	164	149	130	295	224	206
AT5G50180	268	236	181	284	261	201
AT3G26300	193	164	198	258	259	230
AT2G37160	602	456	501	476	467	439
AT3G24040	460	427	440	301	356	281
AT5G58200	541	278	302	472	366	454
AT1G62500	36	36	38	58	78	67
AT1G71170	281	288	357	396	401	322
AT5G19910	468	505	452	555	634	500
AT4G04860	474	440	499	561	648	483
AT1G80080	475	567	521	630	647	487
AT4G35780	456	329	393	514	428	454
AT1G36060	160	140	134	650	528	626
AT5G10710	414	328	326	417	360	397
AT1G56590	479	443	471	471	553	408
AT5G11310	483	402	429	663	693	542
AT2G01750	647	506	559	563	474	383
AT1G14230	494	366	366	451	457	495
AT3G04720	15	10	20	366	327	274
AT4G15520	524	590	537	445	584	452
AT3G27550	758	672	704	602	699	516
AT1G73820	429	461	492	527	554	526
AT5G05270	41	35	29	20	28	21
AT4G21190	381	318	373	540	541	385
AT1G72730	276	269	250	162	179	124
AT1G56500	617	515	445	542	472	447
AT1G23040	472	441	478	350	413	306
AT1G54350	380	303	288	556	491	499
AT5G24980	363	453	454	591	593	521
AT4G29670	259	261	274	325	353	287
AT5G05990	656	599	555	459	527	374
AT3G11320	259	247	249	235	277	223
AT1G18580	445	481	431	460	439	429
AT1G03687	617	493	480	427	465	389
AT2G42770	642	582	541	411	403	340
AT5G08520	448	369	477	546	489	369
AT1G20550	333	279	335	510	492	430
AT5G52280	97	87	102	109	147	116
AT5G20930	496	438	471	522	454	437
AT3G01590	367	328	305	287	276	278
AT2G33180	459	423	411	428	491	409
AT3G24660	648	595	570	531	518	441
AT4G27050	662	471	523	498	430	470
AT5G06390	62	100	100	95	102	81
AT5G18440	600	512	549	551	554	468
AT4G29260	569	489	570	450	532	414
AT4G36940	475	396	423	347	316	282
AT4G39900	271	237	235	297	312	289
AT5G14970	370	378	389	463	413	368
AT1G34210	689	493	556	318	325	348
AT5G05920	607	601	625	471	562	475
AT5G11810	471	529	518	459	527	404
AT2G15900	511	348	428	658	543	455
AT2G45600	53	54	68	314	311	258
AT4G20320	463	368	401	719	707	603
AT4G35760	348	294	334	445	553	419
AT5G65000	599	576	638	587	584	538
AT1G11130	562	388	487	513	426	496
AT2G01070	350	303	336	325	357	310
AT5G62220	156	121	123	309	363	268
AT1G73350	522	434	470	481	459	467
AT1G15910	366	380	339	304	338	252
AT3G09250	445	414	420	520	527	410
AT4G08580	518	434	409	517	554	442
AT1G69830	255	251	197	477	435	447
AT3G03520	80	69	100	184	208	182
AT2G20630	410	421	514	328	361	308
AT1G21790	126	133	134	230	224	171
AT2G28480	629	537	574	690	653	583
AT2G18410	585	501	517	456	481	434
AT5G06700	281	273	254	292	322	232
AT5G17410	493	380	436	617	485	417
AT2G39000	230	232	216	476	509	422
AT1G04260	402	476	442	376	475	409
AT4G28990	611	547	568	455	468	410
AT4G29940	480	369	393	519	428	435
AT4G18520	508	475	466	591	612	450
AT3G21630	475	379	388	603	541	477
AT5G11600	241	194	221	357	310	298
AT3G07740	484	384	383	529	458	473
AT1G01290	757	686	675	531	538	464
AT5G27210	378	356	449	529	564	460
AT2G18910	557	542	569	392	445	311
AT4G30993	248	233	200	320	367	283
AT4G09570	324	288	323	363	328	326
AT3G04230	507	539	534	353	395	326
AT1G06470	569	470	445	410	419	399
AT2G47760	416	386	348	389	375	356
AT4G34960	428	326	423	442	466	411
AT4G18360	228	236	244	419	398	357
AT5G53970	62	49	62	88	86	59
AT5G09830	435	473	434	447	465	411
AT5G51730	638	578	579	624	643	516
AT3G11530	333	320	366	451	418	382
AT3G23890	17	15	16	31	30	24
AT1G19130	280	254	242	282	311	273
AT2G31150	776	445	458	530	483	566
AT2G21130	245	306	298	379	475	353
AT2G36230	502	505	545	439	488	448
AT1G09920	304	316	332	417	390	316
AT4G30780	360	348	341	463	470	311
AT1G24120	520	438	434	499	496	492
AT1G25470	573	489	493	528	642	526
AT1G60220	563	382	385	438	392	376
AT5G66250	323	227	255	346	332	298
AT3G05000	311	302	325	372	412	285
AT1G20880	563	408	499	450	460	423
AT4G19350	580	555	587	492	486	432
AT5G46800	285	285	321	262	272	225
AT3G16200	277	316	325	318	375	308
AT1G77580	317	287	307	352	352	292
AT1G31410	409	398	380	460	507	429
AT4G02460	647	470	470	533	450	481
AT2G01460	586	371	426	537	381	492
AT3G21650	325	285	281	497	530	376
AT3G22970	497	511	505	533	598	475
AT3G24870	580	433	466	699	550	514
AT5G14610	567	433	481	379	381	318
AT3G05990	500	355	425	598	550	511
AT1G23220	420	435	417	443	570	466
AT1G06960	568	467	455	536	496	489
AT4G38490	382	340	390	437	460	469
AT1G51940	496	403	443	433	436	412
AT1G22500	275	221	256	1196	1344	1046
AT5G19940	113	138	115	188	172	173
AT4G23250	89	69	101	31	35	49
AT1G15410	668	532	625	483	413	417
AT4G15230	637	276	451	125	119	120
AT5G65080	754	683	683	673	639	608
AT3G28200	331	366	353	232	334	216
AT1G07630	419	392	473	411	382	338
AT3G48580	130	87	138	620	613	492
AT2G28320	519	362	322	325	293	321
AT2G42650	771	757	812	590	604	467
AT3G21820	597	483	528	395	370	335
AT3G63180	494	417	449	445	414	348
AT1G01600	92	136	131	90	90	76
AT1G10320	593	342	430	562	424	568
AT1G04390	624	462	446	559	546	513
AT5G45290	587	557	554	382	377	366
AT2G03220	281	245	330	291	349	285
AT5G55260	446	406	406	608	545	472
AT1G71870	863	831	840	575	680	573
AT3G21480	698	562	532	617	479	438
AT3G48440	946	819	769	479	515	461
AT1G51090	38	46	47	207	153	145
AT5G11730	371	318	396	385	476	356
AT4G08850	336	234	271	527	509	379
AT4G14240	376	359	387	395	355	366
AT3G51110	384	379	332	532	512	399
AT1G55750	661	395	462	573	478	466
AT4G21900	634	550	478	437	427	389
AT1G62730	505	558	494	456	461	368
AT3G18440	260	266	322	371	363	332
AT5G65180	633	413	515	541	566	536
AT3G52280	362	346	344	522	535	456
AT3G19790	552	511	465	347	474	404
AT3G05100	391	411	422	452	447	365
AT3G62660	303	359	289	491	472	405
AT3G14980	495	307	371	301	329	262
AT2G16850	282	236	259	260	340	262
AT5G38630	382	390	409	445	409	330
AT1G66250	551	545	581	487	508	451
AT5G30495	617	647	562	486	520	392
AT2G19600	399	289	327	375	349	383
AT4G29100	642	537	517	592	585	513
AT1G70090	244	176	199	134	208	124
AT3G49000	585	509	491	502	494	444
AT4G17150	433	332	336	352	337	398
AT1G14020	478	357	432	340	339	346
AT5G51620	453	426	413	513	588	573
AT5G65990	168	184	182	102	146	104
AT4G02740	398	339	377	574	587	480
AT1G10830	318	270	287	354	367	299
AT1G04200	339	294	288	297	297	285
AT1G79540	586	553	505	472	484	428
AT2G44020	545	603	552	578	610	416
AT3G52760	382	364	392	379	472	370
AT1G67620	557	601	595	513	568	508
AT1G68000	391	310	374	340	331	314
AT5G66810	493	351	412	474	437	439
AT3G14080	571	506	559	411	422	395
AT4G21090	567	511	493	498	493	437
AT5G42310	439	446	381	516	560	463
AT2G27060	669	534	553	592	663	448
AT1G64355	233	224	249	368	374	340
AT3G48830	758	620	644	696	657	600
AT1G25450	95	86	75	161	202	136
AT2G39630	387	390	383	381	384	316
AT2G38840	368	322	346	277	294	281
AT4G13100	775	597	603	315	311	314
AT4G24275	467	416	512	563	588	489
AT1G01770	679	350	420	527	402	532
AT2G34960	542	556	587	509	552	454
AT4G25650	335	240	309	458	459	391
AT2G46740	24	21	27	2	4	4
AT4G34640	565	508	582	215	229	193
AT3G10360	354	221	251	354	312	324
AT4G28050	284	244	287	218	251	210
AT5G67580	347	317	305	328	334	345
AT2G32450	436	383	457	516	510	368
AT1G06473	14	21	21	153	137	121
AT5G42320	537	453	493	314	327	261
AT5G65650	557	488	510	335	357	312
AT5G05480	510	421	539	495	543	422
AT5G40870	508	427	463	477	463	444
AT3G14430	260	288	303	420	421	376
AT5G51545	401	407	414	561	551	445
AT4G16800	378	367	395	441	450	376
AT4G17180	430	433	411	521	592	456
AT1G53730	372	346	348	491	447	425
AT1G62310	435	254	344	567	429	435
AT1G68010	170	162	130	503	442	446
AT5G19420	463	395	422	569	565	435
AT5G12200	306	266	345	339	352	336
AT3G11700	132	122	161	166	207	167
AT1G54090	506	492	482	544	588	441
AT4G31140	298	345	358	616	576	499
AT2G17787	264	209	243	427	432	422
AT5G55730	127	138	151	124	137	103
AT1G61740	274	282	303	279	267	208
AT5G09420	616	550	647	531	526	484
AT2G01980	465	356	422	545	515	426
AT4G16580	372	360	352	471	554	404
AT1G31120	484	371	435	574	505	480
AT3G44820	868	764	751	636	675	576
AT1G55730	362	244	278	348	359	321
AT3G51750	58	67	62	145	169	148
AT1G43560	520	576	499	467	547	414
AT1G70530	521	398	479	523	544	398
AT3G07860	596	462	456	453	426	560
AT4G15930	312	302	299	324	344	342
AT1G36180	728	426	476	583	410	521
AT5G60850	211	242	221	300	333	275
AT1G25220	407	404	425	248	321	269
AT4G32880	801	496	487	703	550	557
AT2G43020	506	451	503	372	357	278
AT5G25800	639	550	486	619	574	505
AT3G55830	279	253	294	508	459	436
AT3G19360	664	690	704	472	514	443
AT3G22590	584	474	574	474	484	439
AT2G04170	96	62	90	97	108	70
AT2G13100	509	454	501	511	573	447
AT2G35020	380	314	335	370	427	357
AT5G01450	284	191	204	430	343	365
AT2G17110	389	366	327	540	545	401
AT2G42430	591	613	723	601	631	479
AT2G39450	263	249	205	467	499	420
AT3G45890	596	584	553	648	584	520
AT3G62190	239	201	184	518	414	487
AT1G68680	487	430	499	412	412	373
AT4G27540	464	433	457	498	574	500
AT1G75230	364	350	363	356	367	324
AT3G51000	118	100	97	217	198	211
AT1G26520	634	565	550	597	615	554
AT4G32120	402	409	452	435	482	387
AT1G32700	324	285	266	239	221	224
AT3G02040	538	568	516	271	248	242
AT2G34410	390	367	416	375	380	372
AT2G47910	314	312	276	478	552	440
AT2G40550	313	275	301	340	282	237
AT1G33400	519	323	384	519	424	517
AT1G63090	318	283	309	414	448	331
AT5G06270	470	485	419	626	741	529
AT4G28830	433	416	406	476	501	472
AT2G16595	273	255	267	560	545	462
AT5G63280	455	361	410	505	511	439
AT1G53670	134	109	126	209	180	176
AT1G13940	540	524	561	576	502	448
AT5G59840	461	388	405	365	413	337
AT5G54280	618	381	473	570	551	523
AT1G22860	431	296	362	430	399	335
AT5G22040	609	587	457	474	467	432
AT3G61200	153	183	179	213	234	164
AT3G04940	431	406	369	426	410	356
AT2G38360	262	269	236	244	256	208
AT1G53190	267	239	252	399	387	361
AT5G59700	255	238	267	822	771	649
AT4G16845	618	448	476	464	383	407
AT2G17450	89	87	70	185	244	178
AT3G06820	534	401	477	484	359	433
AT1G09700	491	561	491	540	620	473
AT3G19340	506	374	413	414	370	411
AT3G16050	363	313	287	280	290	259
AT4G11340	948	1046	1013	564	616	527
AT3G57630	544	443	475	312	287	300
AT5G15390	430	395	366	442	446	411
AT1G32160	320	293	319	447	458	384
AT1G77630	601	591	592	523	547	505
AT5G21010	344	384	400	462	464	369
AT5G42820	363	332	380	625	591	486
AT5G58620	569	538	597	560	632	511
AT3G08910	443	415	426	346	428	356
AT2G16370	586	489	445	433	397	348
AT2G33600	245	260	229	429	469	333
AT4G38900	340	348	342	385	409	333
AT1G18660	484	347	364	368	267	386
AT5G17700	323	328	324	357	315	324
AT2G22230	316	325	323	248	258	202
AT1G02170	335	319	319	288	333	245
AT3G52920	462	400	412	438	399	322
AT4G12460	254	200	211	344	358	335
AT4G15810	472	482	459	569	600	475
AT1G02020	399	313	267	405	477	373
AT1G54250	538	522	516	449	506	442
AT4G31240	356	243	292	460	398	343
AT1G44350	433	381	529	308	355	270
AT3G46845	489	459	456	551	676	522
AT1G20090	323	339	341	314	330	271
AT1G07220	640	525	631	443	508	503
AT4G11850	534	429	513	513	560	377
AT5G03285	120	131	114	319	371	288
AT3G07470	243	296	271	306	343	248
AT1G76350	406	374	286	420	469	355
AT3G23050	11	6	10	11	5	4
AT1G18640	418	411	403	394	362	349
AT3G23325	451	519	511	422	511	358
AT3G48800	429	457	422	494	592	421
AT5G20635	582	476	475	675	674	580
AT3G49170	604	530	570	551	559	450
AT2G23450	317	329	356	387	329	298
AT2G41160	435	394	440	352	399	341
AT1G05360	412	355	339	367	325	305
AT1G05205	361	373	379	335	345	273
AT1G77620	461	350	350	364	366	341
AT1G48550	303	215	221	390	401	424
AT4G38170	511	478	452	525	565	470
AT2G03670	671	521	524	597	546	464
AT3G20930	429	410	357	510	553	470
AT1G78310	329	323	357	526	454	367
AT3G26020	376	375	366	401	455	400
AT5G65280	314	271	309	691	706	560
AT1G55590	398	287	293	411	402	428
AT4G35140	311	315	302	412	361	321
AT5G48610	432	378	419	468	472	412
AT5G51540	716	503	575	561	589	501
AT5G38460	471	498	493	457	467	390
AT2G44510	699	630	649	470	505	437
AT5G21070	335	363	339	421	413	364
AT3G10640	462	377	402	450	429	407
AT3G17590	453	403	418	500	471	432
AT2G44660	591	549	618	257	295	241
AT5G62520	457	392	493	634	673	669
AT2G24650	496	244	301	480	400	393
AT4G26400	199	179	221	239	224	166
AT1G79500	327	426	330	381	351	291
AT4G17670	141	108	97	218	231	204
AT4G30850	294	228	278	222	299	232
AT4G37250	222	192	186	357	352	324
AT5G54110	405	346	390	512	537	548
AT3G46620	366	349	319	337	306	209
AT1G22640	430	496	453	526	540	417
AT4G36660	429	450	432	357	422	433
AT4G27750	373	285	326	397	359	349
AT1G05790	427	274	292	496	437	480
AT4G32960	272	323	287	391	505	333
AT1G67420	409	285	330	470	427	458
AT1G73390	339	325	334	323	296	312
AT3G06760	457	398	404	369	421	341
AT1G30960	680	544	564	575	483	450
AT1G71130	218	231	217	315	376	289
AT5G11380	554	385	419	435	413	390
AT3G55320	471	387	411	539	506	450
AT2G42300	467	402	457	445	464	403
AT5G41240	451	416	396	476	455	455
AT2G41800	160	200	186	130	197	154
AT3G49050	520	386	390	390	370	362
AT1G57610	647	717	579	396	444	352
AT1G19290	566	397	455	567	594	521
AT1G10820	539	427	403	482	386	422
AT1G78820	0	0	0	0	3	1
AT3G47348	652	673	560	425	585	441
AT5G39340	520	460	446	241	362	221
AT2G40600	305	260	276	350	385	347
AT2G47700	355	355	344	420	412	389
AT3G56040	523	307	347	357	307	356
AT2G02170	367	293	299	310	268	288
AT2G01080	229	227	233	398	440	400
AT5G47860	349	304	313	455	389	434
AT1G15710	308	305	294	318	328	209
AT5G09310	355	419	361	411	438	334
AT4G21540	333	296	286	449	422	434
AT1G34418	396	419	412	518	494	415
AT1G48210	407	383	382	492	456	431
AT3G16520	330	383	320	495	551	413
AT2G39080	426	394	351	290	292	234
AT4G33300	224	196	218	350	342	284
AT1G05055	493	558	528	435	483	424
AT2G41550	403	366	352	565	608	520
AT1G76320	518	418	399	493	486	495
AT3G60850	355	349	325	462	455	399
AT4G00290	440	365	328	469	469	345
AT5G43500	403	282	310	465	427	416
AT2G45280	526	482	497	554	498	457
AT1G20640	316	287	302	362	417	339
AT1G74800	377	305	284	310	291	306
AT2G38660	495	398	412	431	487	412
AT4G14790	698	437	458	497	470	490
AT3G24530	522	408	487	371	392	357
AT1G60810	86	83	79	105	89	81
AT4G13730	404	340	351	400	444	397
AT1G49980	621	362	403	504	372	466
AT5G49555	343	258	287	305	251	271
AT2G39290	440	382	416	426	441	329
10/31/74	464	451	442	567	613	484
AT3G02800	578	564	496	469	479	440
AT2G30350	197	186	188	272	262	241
AT1G21050	675	690	697	529	542	437
AT3G08840	412	217	258	426	298	358
AT2G16880	491	396	480	530	539	426
AT1G06060	384	285	294	372	396	385
AT1G13870	444	445	427	393	424	325
AT1G67660	485	489	538	480	516	395
AT2G38000	380	340	374	510	468	422
AT3G09900	489	485	475	498	550	457
AT2G28120	21	27	29	67	56	50
AT5G53890	397	337	412	471	530	387
AT5G11840	186	162	188	257	244	227
AT3G15351	524	381	417	437	375	468
AT1G08800	372	290	370	498	488	433
AT1G65920	59	54	45	89	63	76
novel.166	406	321	293	542	564	530
AT3G09000	174	175	216	180	219	161
AT1G02260	378	247	258	392	343	351
AT1G51380	894	787	770	436	437	407
AT3G21640	426	364	371	436	432	358
AT5G05730	413	403	421	381	386	297
AT5G10200	522	397	424	569	506	432
AT1G63470	498	437	438	340	396	348
AT5G40820	651	496	513	528	495	501
AT4G08280	396	424	370	371	472	398
AT3G56900	540	499	462	465	495	439
AT1G76940	432	420	390	436	378	397
AT4G04780	486	478	448	511	511	433
AT5G45720	473	352	427	513	456	372
AT1G62422	175	197	179	465	434	308
AT2G01910	461	303	310	329	371	286
AT2G03800	515	521	508	395	377	398
AT5G15640	554	590	586	397	384	337
AT3G20260	167	158	122	176	153	141
AT1G08550	382	263	290	537	426	470
AT3G15060	410	406	433	411	415	378
AT2G21120	404	323	333	401	426	361
AT5G61000	207	228	211	249	256	225
AT1G67080	453	393	365	481	532	452
AT5G12130	435	342	328	408	420	353
AT3G24150	298	290	333	550	490	431
AT3G13510	411	358	425	402	394	383
AT5G38110	485	464	449	451	539	445
AT2G03480	383	311	324	298	317	256
AT2G19260	504	393	420	590	536	528
AT3G57420	277	290	314	480	428	380
AT1G32220	320	283	279	356	359	327
AT5G40520	540	422	489	519	563	475
AT2G26680	364	382	355	357	460	370
AT1G16650	662	489	532	517	479	516
AT1G07323	508	482	532	492	563	387
AT1G72790	417	433	477	456	465	360
AT5G52980	348	342	315	365	364	350
AT1G17490	336	342	370	465	492	359
AT1G03190	458	363	379	510	399	408
AT1G08840	751	425	491	555	412	474
AT1G30620	276	285	299	580	564	473
AT3G17330	532	518	492	624	688	471
AT1G08720	468	331	343	516	399	415
AT1G13570	284	256	269	453	438	397
AT1G58440	238	233	291	277	308	239
AT1G67630	280	265	201	259	259	215
AT3G20560	262	199	264	278	329	279
AT3G06240	301	316	310	363	386	322
AT3G44798	60	78	56	181	192	192
AT3G19770	344	292	347	399	444	334
AT1G76120	614	587	519	573	588	446
AT5G18770	615	479	522	468	457	468
AT5G48520	461	421	408	493	371	348
AT3G21295	370	308	376	531	516	481
AT1G77320	498	336	376	368	295	384
AT4G38780	472	279	312	843	638	661
AT5G42990	301	253	293	330	366	265
AT3G49810	459	440	381	450	485	368
AT1G59600	462	481	437	365	389	340
AT2G43980	397	345	297	435	380	367
AT3G21280	423	394	428	471	473	408
AT4G30825	406	316	368	526	511	398
AT2G23080	528	425	458	452	463	444
AT4G33530	292	251	271	116	130	110
AT5G53930	445	377	371	442	449	433
AT2G45695	532	513	490	457	430	486
AT2G24830	454	442	455	528	566	376
AT5G45330	557	475	452	468	528	397
AT3G55760	260	229	247	315	290	248
AT2G45880	492	342	372	441	422	402
AT2G06025	287	195	226	293	327	348
AT1G22960	633	544	571	564	512	470
AT1G57620	266	267	299	285	351	257
novel.108	551	351	405	505	473	386
AT5G22120	234	261	251	303	348	297
AT4G02770	59	56	51	119	139	127
AT5G23330	374	336	325	516	540	448
AT3G09030	223	205	219	391	358	349
AT4G28790	670	321	364	295	237	266
AT5G44660	592	397	385	327	341	369
AT4G27910	530	348	363	441	382	375
AT2G43945	434	423	389	380	389	318
AT1G17170	236	280	291	165	179	121
AT1G50730	458	222	309	477	366	422
AT4G00030	461	274	305	391	308	354
AT3G44190	187	190	182	266	285	250
AT4G34250	524	613	619	479	543	381
AT5G02502	318	391	366	363	473	314
AT5G37590	602	500	500	583	500	556
AT3G55420	471	493	506	715	828	603
AT2G19670	754	712	667	352	341	279
AT3G58760	550	445	449	416	334	369
AT3G16170	416	309	310	269	302	289
AT1G15470	295	289	281	252	351	269
AT5G22690	164	133	144	323	269	263
AT3G54610	617	484	532	478	395	413
AT1G27840	441	365	425	490	511	492
AT3G07980	631	446	543	566	526	507
AT1G43245	262	190	216	572	582	445
AT1G09250	249	294	287	327	395	284
AT5G22220	347	268	324	305	332	260
AT4G37190	532	464	510	448	475	435
AT4G18593	580	550	549	517	498	457
AT5G05820	436	440	478	242	315	222
AT3G12145	255	265	259	232	249	192
AT5G16830	302	294	296	376	381	326
AT5G49820	401	398	328	446	394	359
AT1G06790	672	628	575	465	511	426
AT5G57590	592	384	358	354	308	312
AT4G01020	362	310	314	660	578	519
AT1G09460	314	252	258	618	707	516
AT4G17570	367	364	384	469	531	444
AT5G11850	501	378	420	358	348	306
AT1G51965	477	468	443	517	534	399
AT2G28230	431	404	429	534	591	418
AT3G12150	535	469	435	501	635	549
AT5G23730	128	124	102	47	59	51
AT1G31190	438	366	401	414	393	410
AT1G61240	347	259	269	358	362	325
AT2G18240	273	280	270	390	344	306
AT5G55000	354	344	341	469	421	446
AT4G17190	215	201	232	138	172	168
AT3G54750	314	289	280	236	228	227
AT1G26180	501	360	419	496	510	482
AT5G43430	230	214	204	184	222	156
AT4G36670	36	54	47	269	271	192
AT1G73620	34	59	51	38	40	34
AT3G25680	442	391	427	425	399	388
AT3G21350	465	429	428	450	440	378
AT2G39705	347	382	351	691	763	550
AT5G43280	350	377	359	368	422	298
AT5G66052	305	334	370	465	488	357
AT2G47630	196	134	157	241	222	232
AT3G54850	265	232	255	378	359	335
AT3G57710	437	362	372	408	479	364
AT5G11150	471	460	396	479	467	378
AT3G58530	394	327	349	365	373	320
AT5G66060	316	287	321	295	324	274
AT2G28130	557	439	449	388	340	355
AT4G21350	330	293	297	384	429	351
AT5G16590	151	152	164	166	158	142
AT4G00270	231	234	267	298	333	294
AT1G12680	377	331	334	424	464	358
AT2G28930	434	380	460	417	451	404
AT4G14720	367	259	305	468	480	442
AT5G59150	545	487	428	376	475	395
AT5G59790	296	313	298	497	448	417
AT5G10790	456	420	403	382	444	378
AT2G27330	461	479	464	542	591	476
AT3G26782	475	490	481	677	662	520
AT1G01500	220	253	267	332	325	277
AT3G03040	565	329	434	497	459	453
AT1G05060	181	176	148	346	317	270
AT1G07180	131	106	134	546	506	448
AT5G08440	572	352	441	565	434	412
AT5G56910	516	479	458	520	524	402
AT1G26400	4	0	3	520	517	350
AT1G06590	582	393	408	489	406	442
AT4G33625	286	264	253	434	380	371
AT3G62800	385	335	368	402	453	367
AT3G11850	600	510	537	621	612	460
AT1G04230	410	371	378	468	449	383
AT4G26130	223	256	248	250	319	230
AT5G58380	175	172	164	253	257	183
AT3G55880	675	551	548	669	680	573
AT1G17745	9	30	31	19	13	19
AT5G65683	192	214	218	259	327	235
AT3G44370	515	463	456	486	383	365
AT1G09230	541	378	387	422	376	420
AT1G76580	406	248	241	495	351	417
AT1G32190	385	368	336	245	290	290
AT5G01820	414	385	371	348	419	405
AT1G31300	305	268	251	326	278	296
AT2G17120	293	325	375	394	460	342
AT5G28220	323	356	303	371	368	352
AT2G40475	483	549	547	615	660	554
AT2G30000	471	536	507	474	529	431
AT1G76340	369	424	385	366	428	325
AT3G55450	265	245	249	433	441	357
AT5G05710	321	352	327	372	472	376
AT4G14220	341	285	284	375	378	334
AT1G28280	462	466	440	442	494	344
AT5G42470	441	320	306	418	420	390
AT4G22190	395	387	389	384	448	322
AT5G17610	326	325	302	355	421	353
AT5G14000	150	168	116	103	143	128
AT4G13640	458	424	383	399	383	377
AT4G32900	410	336	374	414	427	437
AT2G35230	539	539	463	520	538	450
AT5G46400	463	353	408	575	557	517
AT1G80860	424	441	465	364	457	384
AT5G53430	576	353	374	506	407	447
AT2G26730	255	254	246	283	328	252
AT3G14200	389	360	369	332	386	339
AT5G25360	351	276	258	364	403	403
AT1G66760	171	119	125	213	221	226
AT1G16540	459	263	353	460	378	381
AT3G13040	402	304	316	257	296	271
AT2G36740	375	271	302	419	359	422
AT1G23000	628	584	505	504	439	412
AT3G17650	375	323	331	362	307	332
AT4G38930	454	418	427	396	403	353
AT3G52050	487	355	361	495	446	368
AT4G22290	289	234	288	373	401	323
AT5G66100	357	336	379	374	367	315
AT2G13840	319	304	354	381	380	351
AT1G78930	514	442	377	610	667	537
AT1G64610	374	365	310	475	482	415
AT5G54970	208	221	186	149	160	130
AT1G71830	511	390	481	442	418	372
AT3G52570	312	378	367	354	364	319
AT3G19150	515	465	427	375	414	349
AT4G02110	313	278	305	295	250	246
AT2G43240	343	277	279	300	266	262
AT5G61390	337	332	343	442	455	395
AT4G01570	522	447	482	476	474	379
AT1G71430	431	490	422	393	425	274
AT5G44635	290	228	239	276	260	255
AT1G09340	342	331	304	379	381	346
AT1G36070	468	381	381	446	419	389
AT3G06920	503	452	379	531	516	417
AT2G44980	326	216	245	353	303	315
AT5G04090	495	372	434	468	393	444
AT3G13845	317	334	302	355	379	326
AT5G25940	297	299	334	369	403	320
AT3G26090	519	369	426	473	447	436
AT2G46240	169	120	173	271	272	262
AT5G65140	217	134	167	900	852	823
AT1G28760	599	568	581	597	643	468
AT5G52010	459	398	413	418	468	330
AT4G32690	482	519	477	429	456	391
AT5G24850	292	204	236	122	115	87
AT1G51660	442	346	420	409	477	378
AT4G27690	367	342	325	393	321	312
AT1G03930	447	347	365	432	397	390
AT5G20900	211	153	193	349	382	339
AT3G53030	349	380	349	419	453	357
AT1G60560	495	477	439	483	544	462
AT1G52905	567	573	554	464	488	437
AT1G80810	417	297	284	502	447	409
AT5G63440	520	441	427	416	450	380
AT3G58830	342	349	336	338	368	310
AT1G55080	391	388	377	342	337	271
AT2G39210	59	76	55	244	267	227
AT5G03470	351	311	362	451	459	357
AT1G53120	425	314	324	478	439	428
AT1G26150	397	204	243	313	245	287
AT5G13170	156	180	129	65	97	69
AT1G77770	261	250	251	311	296	246
AT1G22985	95	77	99	146	168	134
AT3G13062	468	353	415	516	506	468
AT4G24880	460	325	413	473	436	354
AT1G70350	495	527	502	447	467	373
AT5G41080	445	331	345	62	90	107
AT5G50340	503	423	462	517	454	412
AT3G43670	706	616	696	118	113	84
AT2G17650	427	407	539	568	569	427
AT3G61650	405	330	359	423	427	343
AT1G28540	217	202	246	380	369	371
AT1G05870	262	257	245	155	196	170
AT3G48820	387	380	356	335	344	340
AT3G63030	380	410	408	380	372	331
AT1G12390	362	316	274	414	444	371
AT5G17330	3	0	0	11	8	3
AT1G70610	395	259	274	407	371	426
AT4G38370	303	315	257	310	383	293
AT2G45050	25	41	34	61	57	50
AT1G27930	204	217	242	83	139	104
AT1G34630	400	303	370	344	335	367
AT2G26540	281	188	213	296	292	292
AT3G19210	450	370	329	444	348	360
AT5G27320	186	254	212	387	405	331
AT3G08940	85	99	89	196	186	135
AT5G25760	423	393	419	414	421	371
AT1G16320	276	301	319	441	462	309
AT1G53470	34	28	32	40	52	30
AT5G41220	375	328	306	406	373	354
AT1G24450	332	369	411	539	617	498
AT3G63090	419	470	446	451	483	347
AT5G35970	249	220	240	297	310	254
AT5G53260	6	8	20	71	75	37
AT5G38380	375	308	352	411	406	389
AT5G23690	589	503	605	534	546	463
AT5G22850	363	316	312	529	527	478
AT1G09320	489	453	395	474	406	467
AT3G27340	287	261	241	383	410	442
AT4G24940	526	462	513	408	360	330
AT3G53880	156	172	186	203	192	185
AT2G14255	679	284	371	366	249	371
AT2G33835	400	323	361	461	496	324
AT3G53570	525	410	413	449	369	426
AT4G15420	444	458	464	422	384	294
AT1G27960	454	319	336	452	453	415
AT1G61980	566	540	535	514	542	403
AT5G01310	509	410	401	544	471	435
AT3G55980	222	191	203	431	489	346
AT5G13470	411	436	377	478	503	450
AT5G66930	234	163	169	205	209	235
AT3G10070	564	463	521	450	381	328
AT4G00480	505	384	356	384	373	359
AT5G11330	354	314	292	392	404	391
AT5G16000	238	217	208	224	281	216
AT3G10140	484	409	405	522	588	466
AT4G01880	494	454	429	466	486	468
AT3G48570	465	453	461	470	477	419
AT5G54920	424	414	477	413	376	358
AT2G37840	414	271	237	391	351	394
AT5G64730	421	439	397	406	414	379
AT5G49060	443	476	499	487	564	384
AT2G36885	274	193	208	25	11	22
AT3G18800	459	488	495	457	526	397
AT5G57860	363	341	311	444	440	346
AT5G19950	374	368	326	542	514	460
AT2G41705	416	307	343	352	343	327
AT1G63250	671	478	583	632	484	472
AT3G25430	506	444	421	466	466	409
AT2G26440	179	186	200	245	248	250
AT4G24590	292	273	264	315	317	269
AT5G18660	62	70	76	99	84	77
AT3G52750	346	261	247	289	261	242
AT5G08740	403	264	353	375	325	400
AT1G60230	484	397	397	404	435	383
AT3G47000	383	316	350	339	343	329
AT4G21520	662	515	566	565	537	546
AT1G67720	595	396	467	466	468	469
AT3G02490	586	568	590	558	605	452
AT2G29990	197	194	164	328	320	313
AT5G57160	388	277	329	425	393	358
AT5G62950	340	278	293	405	364	396
AT1G50000	511	398	425	446	531	485
AT5G13050	431	332	347	386	421	353
AT4G24090	455	395	379	402	483	422
AT2G31320	610	498	538	465	477	400
AT1G08030	397	328	337	404	456	411
AT5G47970	477	451	364	457	417	410
AT5G58300	328	282	287	419	392	310
AT3G18040	516	452	429	381	326	311
AT5G25450	194	189	195	249	320	218
AT1G49710	306	316	262	370	419	337
AT2G25580	547	483	484	520	589	441
AT3G28970	466	396	375	439	467	415
AT1G17850	472	337	367	376	350	364
AT1G31500	440	398	452	357	388	366
AT5G10130	136	167	155	168	252	208
AT1G06550	165	90	81	100	96	164
AT5G46510	580	334	375	519	445	488
AT3G10915	363	232	281	365	384	324
AT5G07670	359	354	343	489	485	401
AT1G48610	535	506	455	348	411	346
AT2G45590	262	218	272	315	367	249
AT4G23660	383	389	349	481	520	474
AT2G19880	342	284	291	163	176	158
AT3G43740	393	324	418	453	436	412
AT1G18600	406	373	375	371	358	343
AT5G55990	420	381	354	397	346	359
AT2G27400	486	428	377	455	462	414
AT3G62880	384	357	360	409	437	408
AT1G19360	186	212	234	272	278	237
AT3G59420	442	415	411	414	426	353
AT4G33500	469	362	354	527	482	470
AT4G33467	54	49	63	136	116	105
AT4G23570	321	259	313	490	475	405
AT4G35930	532	509	523	508	613	470
AT3G05410	308	331	317	471	526	391
AT5G16180	437	352	350	574	475	495
AT1G68530	219	185	219	227	240	210
AT4G29820	91	122	127	219	267	218
AT3G17340	402	263	330	294	293	253
AT2G25010	343	276	334	379	393	355
AT4G38280	395	312	314	408	483	397
AT1G19170	295	306	322	392	403	317
AT5G18250	241	259	249	349	341	315
AT5G35370	274	224	257	489	501	402
AT1G27540	322	309	365	482	454	374
AT1G52780	292	261	312	363	323	282
AT5G63410	438	346	383	500	453	438
AT5G20120	318	340	327	421	428	412
AT4G10050	376	286	289	309	326	304
AT4G10100	195	204	215	288	307	249
AT1G51450	431	410	442	466	457	344
AT5G55540	397	329	366	383	359	271
AT4G22780	452	355	358	790	745	736
AT3G15160	242	219	143	219	217	267
AT3G23080	530	444	533	506	540	490
AT4G30690	370	218	248	381	352	406
AT3G63080	345	342	324	327	340	348
AT3G06850	375	310	402	471	475	400
AT3G06630	323	204	235	958	803	880
AT2G25964	180	102	100	350	282	319
AT5G66310	405	299	341	346	377	297
AT4G23980	466	336	367	446	386	354
AT1G06690	142	98	95	127	75	117
AT2G01680	331	287	340	490	480	357
AT4G18810	158	131	128	269	270	264
AT2G05320	310	282	299	413	393	336
AT1G09580	278	336	273	212	270	204
AT3G23180	121	123	137	272	292	255
AT5G49570	394	373	373	402	419	419
AT1G75420	384	319	341	364	368	310
AT3G60960	482	581	494	467	539	321
novel.134	392	333	375	412	395	373
AT4G28710	382	184	261	333	280	306
AT4G24630	385	331	368	591	593	479
10/31/85	549	302	257	429	288	360
AT5G54200	178	162	189	181	191	165
AT4G19440	617	445	457	478	414	394
AT2G29540	583	535	552	428	474	406
AT1G73020	184	133	138	321	307	302
AT2G32760	454	365	348	397	431	383
AT1G14170	36	52	44	239	209	188
AT3G02140	268	306	295	292	312	262
AT1G67320	222	204	171	242	247	215
AT4G10250	23	28	35	223	203	204
AT2G33490	376	282	322	425	381	415
AT4G34390	360	344	346	494	475	396
AT3G24570	420	394	372	292	383	341
AT2G25900	72	76	65	187	205	139
AT2G39050	24	32	36	109	136	100
AT3G15220	445	243	318	439	356	398
AT2G17480	317	295	345	378	419	341
AT3G59100	292	140	203	662	560	563
AT2G48070	291	280	255	289	291	286
AT3G19570	438	362	335	336	381	348
AT1G56180	359	335	300	396	386	327
AT1G07280	269	281	253	266	292	211
AT4G16695	323	346	283	350	317	270
AT1G55130	225	215	228	212	203	183
AT3G55040	448	372	371	517	512	483
AT2G44525	343	291	300	325	359	304
AT3G53270	688	482	503	547	442	480
AT2G35100	443	395	441	383	422	350
AT4G00490	346	276	334	216	206	200
AT1G24090	467	431	406	597	551	547
AT5G47390	374	307	293	357	437	355
AT5G03610	252	243	256	307	343	238
AT3G53930	569	358	383	441	391	405
AT5G07270	415	356	356	399	360	342
AT4G02760	419	212	279	356	303	386
AT5G65685	431	293	286	444	336	462
AT2G32400	475	361	477	384	353	295
AT3G47570	596	465	586	366	401	314
AT1G72880	529	476	463	430	416	398
AT3G18535	542	506	485	393	392	378
AT5G18940	428	329	340	370	347	344
AT3G58630	322	331	301	328	338	286
AT1G62790	206	187	245	313	382	319
AT2G22870	475	422	450	471	495	408
AT4G03400	504	467	372	634	705	564
AT3G27580	389	344	334	520	419	454
AT5G05180	106	72	105	63	103	79
AT5G60750	411	395	364	422	523	405
AT1G29890	356	303	288	271	270	267
AT3G10572	368	337	329	478	508	464
AT2G31070	373	372	371	397	378	324
AT3G04480	373	412	383	389	403	343
AT4G18060	300	272	288	274	287	238
AT1G13460	239	263	233	380	420	334
AT5G64150	273	299	210	329	317	284
AT2G10950	242	264	277	310	321	260
AT2G43400	383	290	277	468	307	417
AT5G57440	270	249	233	267	320	256
AT1G54220	281	261	262	247	248	234
AT2G42620	331	314	318	304	280	255
AT4G34140	512	292	335	507	383	430
AT3G44850	557	448	488	420	427	366
AT5G65560	514	438	427	438	439	385
AT3G53000	326	305	272	364	382	373
AT1G32340	427	323	411	496	493	423
AT2G23370	473	391	364	357	348	316
AT2G45330	296	309	277	362	360	339
AT1G77720	410	351	418	377	433	319
AT1G23720	1	0	0	0	0	0
AT4G15240	344	292	268	374	388	333
AT2G18250	197	184	178	281	264	271
AT1G44920	296	305	308	209	243	209
AT4G29190	41	43	44	92	71	66
AT5G33280	379	316	345	466	426	438
AT2G20010	400	312	369	372	447	333
AT1G79080	380	379	409	411	435	313
AT2G01150	429	324	372	527	595	483
AT5G40830	346	347	338	354	451	333
AT5G46150	387	324	324	460	424	381
AT5G48340	333	295	327	439	413	395
AT5G43150	629	657	684	349	423	326
AT2G21340	307	277	249	291	257	257
AT4G22970	556	390	460	330	274	276
AT1G32240	543	544	463	525	440	383
AT5G18750	467	388	393	516	441	300
AT1G10120	264	217	195	255	250	253
AT1G10570	389	237	305	337	288	364
AT2G27200	308	295	354	440	422	332
AT1G52342	257	326	330	579	668	505
AT1G58290	411	366	444	116	123	128
AT3G46540	243	249	250	356	398	317
AT1G12350	360	280	270	359	333	317
AT1G13900	328	333	344	279	333	285
AT5G39940	550	425	405	489	411	408
AT4G29950	233	163	184	197	169	167
AT5G48830	365	339	372	311	390	302
AT3G60050	478	447	465	452	526	367
AT5G48630	319	307	339	391	385	351
AT3G50410	657	758	702	488	572	441
AT1G75335	398	470	448	564	535	486
AT3G61800	369	357	353	387	317	341
AT4G31510	181	129	143	306	269	293
AT2G27690	902	977	854	121	158	124
AT1G55480	247	279	266	322	350	284
AT5G12020	111	65	128	415	466	369
AT4G17740	305	204	222	254	240	200
AT1G20650	179	166	154	421	395	315
AT3G24495	387	305	315	322	293	281
AT1G45474	317	320	283	315	355	310
AT1G34770	538	433	455	412	441	401
AT4G02710	406	342	427	560	484	414
AT2G26470	340	298	284	418	324	368
AT3G47640	130	134	112	338	368	302
AT5G04340	43	36	35	94	113	72
AT2G20130	329	287	345	332	385	314
AT5G61910	456	282	329	373	300	338
AT5G24430	355	250	313	356	352	339
AT5G40280	434	295	367	411	447	383
AT3G28480	365	325	385	412	492	380
AT1G53790	383	317	335	364	369	333
AT1G25580	427	410	437	424	448	362
AT5G22700	530	304	325	369	292	365
AT5G22750	509	338	351	418	373	340
AT5G10290	446	306	307	345	376	370
AT4G37480	264	194	226	313	337	357
AT5G17890	543	335	419	447	395	363
AT3G11760	389	351	362	419	408	352
AT4G04850	531	368	364	562	479	493
AT4G16563	373	280	368	186	258	208
AT4G39120	264	214	211	252	225	216
AT3G16730	402	339	351	438	357	320
AT3G52740	89	113	75	50	81	64
AT4G00550	350	278	289	418	433	358
AT3G19460	356	285	353	400	400	351
AT4G40000	578	390	408	411	383	359
AT1G02050	456	399	350	552	492	502
AT5G15280	445	350	403	441	449	361
AT2G30740	313	233	271	411	409	350
AT1G61640	624	528	520	426	427	376
AT2G47230	611	467	502	432	406	353
AT5G56130	513	420	465	389	399	394
AT3G47680	464	235	259	366	288	370
AT2G31440	247	261	250	443	477	374
AT1G08230	82	70	104	240	281	241
AT4G27880	232	198	194	406	318	280
AT4G37320	306	284	343	329	334	251
AT5G23520	400	387	367	472	449	398
AT3G53240	380	346	316	409	381	319
AT2G43640	378	355	343	339	324	283
AT2G04540	334	197	203	350	281	292
AT5G47790	414	348	340	413	468	409
AT1G28240	379	272	344	366	323	274
AT1G45233	357	382	436	449	403	357
AT1G12970	213	226	191	290	281	263
AT4G36720	194	203	212	294	290	242
AT4G37080	313	221	252	329	335	341
AT3G52155	258	215	200	402	346	306
AT1G06870	396	373	357	259	316	243
AT5G60870	402	324	294	372	348	353
AT5G19960	432	322	373	461	414	383
AT1G79260	266	248	239	214	226	211
AT5G54730	297	170	202	332	245	252
AT4G22340	279	244	237	342	327	310
AT4G25440	356	286	290	383	381	354
AT3G15110	328	392	306	348	346	261
AT5G35930	604	320	333	413	315	386
AT4G01990	455	482	485	479	441	371
AT2G24755	380	311	341	426	358	399
AT1G59700	143	111	159	199	304	169
AT5G27660	600	473	469	500	479	456
AT5G58190	473	359	372	424	380	307
AT4G38090	237	163	200	334	349	297
AT1G19240	448	467	426	454	510	380
AT4G38040	361	304	330	364	385	292
AT5G54100	375	320	366	300	304	235
AT3G15240	112	112	128	181	176	141
ATMG01360	54	36	61	756	881	568
AT1G80150	584	469	443	443	541	386
AT4G35110	303	263	307	420	444	411
AT2G22480	207	188	166	161	157	159
AT5G02180	724	557	507	343	290	320
AT5G05970	383	307	286	327	314	326
AT2G43535	75	73	74	88	93	88
AT3G54690	333	323	275	283	304	264
AT5G41560	287	251	293	342	394	277
AT5G19980	263	257	293	252	243	244
AT2G39500	390	415	401	428	564	396
AT3G63220	340	330	322	451	437	355
AT1G19715	404	268	285	316	302	341
AT3G44620	280	265	278	277	244	220
AT4G11350	224	203	265	459	442	392
AT1G76550	304	248	324	335	346	259
AT1G48380	416	363	351	405	491	345
AT1G45170	416	478	376	430	481	406
AT4G14905	484	395	430	465	475	376
AT5G45950	20	20	25	6	20	6
AT1G62830	391	363	363	364	368	307
AT1G79590	299	295	287	352	335	284
AT5G48480	290	276	249	342	324	252
AT5G65240	479	303	343	511	517	481
AT3G15353	32	19	34	116	155	129
AT4G04180	457	382	430	538	527	493
AT3G62140	355	417	377	423	433	373
AT1G23750	113	144	132	104	184	99
AT1G14990	455	456	437	500	483	449
AT5G17070	435	379	401	368	407	372
AT1G53400	231	191	207	257	221	251
AT3G06620	449	309	391	492	404	419
AT3G44006	141	160	170	167	171	151
AT1G69360	352	345	387	488	404	368
AT3G01435	359	371	341	390	413	302
AT3G06125	141	114	98	348	410	318
AT3G22104	477	453	503	490	546	449
AT5G27390	427	305	280	325	321	323
AT1G78650	355	304	309	279	318	278
AT1G30130	146	145	153	151	186	141
AT3G25940	581	537	508	405	444	373
AT2G03270	364	353	351	416	404	321
AT1G32260	220	247	229	283	346	268
AT3G26600	347	336	295	290	350	294
AT3G47490	459	368	365	352	360	378
AT5G42670	378	252	328	415	385	374
AT1G08750	343	348	386	462	410	415
AT2G37120	182	195	200	174	188	172
AT5G38290	359	327	330	402	380	304
AT5G10330	312	316	277	305	355	356
AT5G26940	455	468	445	381	393	330
AT3G27110	187	135	135	259	236	248
AT5G41150	528	379	421	471	413	418
AT3G61430	274	220	295	509	509	432
AT2G23810	291	271	313	466	454	384
AT2G37310	593	577	537	492	504	394
AT2G29670	395	388	373	148	153	162
AT3G05230	456	444	477	215	265	239
AT5G61640	227	188	200	335	279	252
AT4G34590	267	231	213	167	191	140
AT5G05987	363	351	379	339	462	378
AT3G09780	549	489	547	437	464	366
11/25/01	516	418	406	415	386	400
AT5G51840	379	326	339	267	327	258
AT5G14850	461	384	362	426	422	419
AT5G18140	320	331	322	556	596	469
AT3G03810	525	401	481	430	432	419
AT1G51580	355	325	421	398	413	282
AT5G08390	440	277	335	282	240	251
AT4G35480	79	63	68	291	301	203
AT4G32700	471	353	401	385	365	286
AT1G63840	310	317	327	297	345	273
AT2G40190	375	339	327	267	287	272
AT1G17120	356	357	356	313	328	286
AT3G63120	403	382	329	277	296	285
AT3G16090	371	306	330	346	418	324
AT3G19220	437	408	385	403	448	368
AT3G49220	16	14	23	88	78	61
AT2G17320	368	227	190	360	257	318
AT1G18890	323	286	293	478	458	379
AT3G55140	295	241	244	292	359	267
AT5G48330	369	321	263	410	458	416
AT5G11100	293	227	265	304	303	260
AT2G46780	666	571	528	288	305	285
AT5G44080	283	299	262	394	398	288
AT4G04320	243	220	240	359	316	338
AT4G10955	241	296	312	295	285	243
AT2G02880	444	406	449	326	363	301
AT5G13240	289	203	211	264	303	283
AT1G12140	236	197	259	317	354	262
AT5G67420	417	364	367	123	128	133
AT1G64670	135	103	99	51	59	56
AT5G07950	348	314	306	483	475	403
AT5G47770	37	24	30	29	22	11
AT1G31950	60	80	76	99	103	107
AT5G47560	188	183	209	360	350	278
AT3G12587	243	291	307	363	397	286
AT3G58490	222	146	177	461	443	410
AT5G67560	439	398	417	280	292	270
AT3G20020	535	456	421	452	449	392
AT5G17840	263	268	265	299	315	235
AT2G38025	376	405	383	315	355	329
AT4G16900	400	266	280	402	336	375
AT4G10770	409	389	386	362	360	326
AT3G55050	325	287	280	384	355	344
AT1G20830	287	280	311	421	414	341
AT5G37770	337	387	357	304	350	211
AT3G07360	79	95	82	81	73	104
AT5G41800	72	74	75	176	155	182
AT4G38980	283	370	349	369	428	322
AT3G27360	114	147	183	188	230	134
AT4G16190	59	62	48	34	22	26
AT5G57015	456	376	399	298	351	258
AT1G22570	448	388	509	542	605	447
AT4G11130	537	463	521	541	553	443
AT1G03560	389	341	376	483	444	386
AT1G55210	73	75	84	94	93	82
AT1G67170	432	426	381	412	356	376
AT5G48910	344	320	341	395	393	305
AT5G61190	364	220	276	167	160	149
AT1G25550	534	438	456	373	452	403
AT2G18520	480	510	524	450	511	360
AT1G26640	321	219	260	239	222	251
AT1G21560	394	321	326	386	354	357
AT2G30920	413	418	414	404	434	301
AT5G03910	357	257	283	420	442	396
AT5G11230	180	161	180	209	251	208
AT1G64630	367	343	327	441	477	370
AT2G26190	281	248	249	312	312	296
AT2G26800	295	263	271	330	338	301
AT2G33500	365	324	338	464	493	448
AT1G55170	414	380	420	414	394	342
AT3G53090	418	279	298	477	329	384
AT2G19350	163	162	191	257	275	205
AT1G31070	218	181	207	81	105	91
AT2G34930	198	197	201	233	235	245
AT4G34540	315	277	278	398	440	325
AT3G24010	342	299	293	353	372	365
AT4G30140	0	4	1	0	0	0
AT2G09795	385	345	325	366	390	339
AT4G01090	371	341	365	473	484	362
AT4G09620	307	285	300	327	348	338
AT4G31270	90	52	86	119	119	127
AT3G51430	133	144	164	307	315	291
AT2G16090	343	292	319	453	483	362
AT3G02170	258	200	193	183	209	180
AT5G39980	446	388	486	456	463	397
AT4G15850	575	449	490	398	417	402
AT4G23760	448	474	444	410	399	346
AT2G21940	259	201	180	333	285	284
AT5G52430	410	342	357	322	285	237
AT4G21180	512	382	472	328	328	297
AT4G26120	131	108	117	325	291	246
AT3G14960	306	232	264	361	398	340
AT1G75130	278	305	296	336	348	291
AT1G56350	499	441	478	473	447	395
novel.154	402	440	424	482	552	351
AT2G44770	237	206	194	284	275	257
AT3G60620	388	352	330	323	395	310
AT3G20890	492	509	443	405	502	324
AT2G31985	15	10	15	117	119	105
AT2G47460	24	23	16	7	7	3
AT4G37100	477	436	435	439	469	336
AT3G19895	332	228	267	403	339	299
AT3G18510	572	581	607	447	529	434
AT4G08150	330	295	278	403	349	281
AT2G19560	336	349	353	416	366	346
AT5G05580	261	232	225	205	216	263
AT3G51830	396	262	269	369	326	371
AT1G56440	466	371	381	527	508	420
AT1G66750	409	435	383	473	496	417
AT5G59890	237	266	249	297	291	248
AT2G33845	335	398	348	365	435	331
AT3G27470	418	308	325	321	322	340
AT3G56640	412	423	408	413	423	287
AT2G34070	147	130	122	282	244	282
AT4G21400	1126	510	476	376	231	388
AT4G17020	429	336	337	389	458	403
AT4G27280	381	439	370	325	350	262
AT3G15710	325	319	326	271	298	261
AT4G19140	363	319	307	450	462	451
AT5G04530	14	14	8	11	16	14
AT1G77140	384	317	334	336	334	271
AT3G22680	344	321	298	298	288	262
AT2G42580	263	215	253	180	193	191
AT5G45900	400	348	360	308	287	241
AT4G17895	338	318	350	454	393	356
AT5G08139	192	206	211	390	362	321
AT1G32930	330	301	313	303	292	309
AT1G51170	497	515	526	455	423	320
AT5G01880	92	111	129	151	183	164
AT2G04230	399	288	317	376	353	324
AT5G64180	169	160	174	282	366	297
AT4G02050	289	297	377	306	332	280
AT5G43020	362	400	389	335	388	294
AT5G22730	418	401	389	433	444	360
AT3G09270	137	174	143	120	174	149
AT5G35790	464	379	341	407	512	392
AT5G19480	385	301	307	372	372	333
AT2G27150	238	195	212	282	229	264
AT3G20490	443	371	414	437	367	360
AT3G26720	319	223	312	274	242	226
AT4G34790	796	902	926	232	283	211
AT3G43540	332	265	245	336	322	338
AT1G13780	289	288	282	413	405	331
AT2G04240	216	207	153	269	256	222
AT5G25770	246	154	209	207	170	180
AT3G47500	326	384	342	394	422	420
AT5G03200	242	244	212	389	410	313
AT4G10300	280	289	315	402	431	317
AT1G15310	261	206	284	383	338	314
AT1G26120	411	356	358	413	353	380
AT1G16570	339	276	288	378	378	334
AT2G21070	361	333	365	380	412	383
AT2G20840	258	230	253	243	252	243
AT2G17280	244	241	228	93	102	114
AT5G05550	329	287	268	411	405	352
AT5G07630	549	334	378	393	268	410
AT2G43900	248	130	173	387	262	252
AT5G62760	422	308	320	394	326	384
AT2G41020	476	332	342	403	417	423
AT3G53210	163	151	157	318	364	277
AT1G05720	259	260	331	349	403	349
AT1G15950	286	270	332	267	278	232
AT1G47870	244	239	255	207	258	216
AT5G02130	349	329	285	440	391	395
AT2G25100	438	420	413	248	285	222
AT4G25240	467	466	422	391	473	347
AT3G61415	389	351	339	394	323	352
AT3G58020	321	360	343	365	408	413
AT3G52940	292	257	311	190	179	165
AT3G53340	445	404	415	311	327	239
AT2G17370	322	331	340	323	390	257
AT4G09580	445	444	401	418	505	463
AT2G39090	340	310	297	415	264	397
AT1G22850	241	178	158	226	220	208
AT3G26910	347	296	279	392	359	279
AT5G13460	117	101	103	132	177	110
AT4G10340	38	45	41	26	45	27
AT5G03190	155	139	138	134	164	117
AT3G01680	305	255	345	318	403	379
AT5G52060	220	185	245	154	145	156
AT3G51320	453	447	424	430	516	362
AT2G25560	331	355	314	453	379	347
AT1G26620	531	425	485	479	445	425
AT5G40190	296	270	291	407	376	312
AT1G08000	500	455	444	418	435	339
AT1G35320	340	294	309	109	146	108
AT1G71790	147	172	154	210	217	179
AT1G67600	140	120	158	291	284	236
AT5G08120	256	202	225	277	261	221
AT4G12050	311	281	314	326	352	267
AT5G02710	314	311	353	364	392	309
AT5G07870	235	196	211	305	297	247
AT2G43180	216	185	204	375	326	319
AT4G18590	472	415	417	335	393	324
AT5G03500	421	354	335	321	357	315
AT5G46470	551	291	309	392	330	360
AT5G53045	488	498	456	390	437	361
AT5G58000	188	152	164	221	203	243
AT3G50550	263	265	299	329	361	275
AT5G06670	482	335	349	483	388	340
AT1G69210	555	440	481	454	480	377
AT2G31040	189	146	133	275	250	234
AT2G18735	264	234	202	483	581	448
AT1G31220	426	378	427	435	441	328
AT2G01735	226	166	217	280	224	209
AT1G05860	378	295	313	332	390	297
AT4G14910	304	321	296	313	349	307
AT1G51610	447	416	389	441	429	400
AT4G17540	406	336	328	351	289	306
AT5G11160	497	401	397	230	184	207
AT4G26980	304	235	247	352	381	336
AT1G06350	257	305	282	314	377	406
AT1G11200	290	284	288	398	443	338
AT4G22350	421	304	343	378	368	326
AT4G28190	131	151	164	105	132	124
AT4G01460	239	254	248	357	376	302
AT5G22130	366	328	363	379	438	369
AT5G02800	301	260	242	357	313	357
AT4G14850	464	412	388	452	478	386
AT1G78000	147	130	129	449	518	465
AT4G32440	459	359	279	459	380	465
AT3G12110	174	190	153	118	143	134
AT5G12390	201	217	180	363	387	289
AT5G22620	297	232	231	296	212	290
AT4G22250	426	443	437	347	341	269
AT5G59980	581	396	487	462	345	386
AT5G65540	378	360	341	398	373	337
AT1G34260	337	280	307	427	436	331
AT5G08780	452	435	437	476	460	378
AT4G02390	912	636	734	374	393	343
AT4G14230	296	229	332	356	352	310
AT3G63530	424	388	352	393	369	342
AT1G22870	365	233	286	374	369	358
AT2G43260	405	423	416	367	420	294
AT4G23060	308	287	331	355	372	307
AT1G66510	444	404	395	428	407	362
AT3G06410	365	357	306	274	311	293
AT2G39280	308	154	170	215	142	253
AT4G33950	241	172	214	207	217	202
AT2G14045	263	276	260	346	305	318
AT5G51050	458	370	362	270	264	295
AT1G66470	252	175	246	262	269	244
AT2G21500	256	272	253	434	474	395
AT3G46870	515	554	557	463	515	398
AT4G19030	188	142	176	8	8	15
AT5G14790	340	345	301	303	366	251
AT3G49640	467	313	294	349	371	383
AT1G27730	49	43	57	132	147	130
AT5G25820	540	436	490	289	322	267
AT2G27940	7	18	9	52	60	38
AT2G40980	415	377	397	382	375	317
AT1G19650	489	280	310	447	319	404
AT1G10600	346	277	225	375	329	404
AT1G23890	450	444	416	461	485	419
AT5G27890	319	178	165	225	159	241
AT4G28370	400	288	321	407	417	410
AT1G02060	458	322	348	576	492	489
AT5G55490	137	135	207	346	311	278
AT2G26860	565	431	423	386	389	403
AT4G21530	500	304	355	347	306	258
AT2G01020	334	265	341	320	355	271
AT3G15040	377	377	420	368	406	319
AT5G28290	346	324	313	240	270	233
AT1G01440	456	385	419	512	482	413
AT1G59660	489	445	507	414	374	273
AT3G55530	256	247	268	425	479	467
AT4G14680	360	308	314	345	343	286
AT4G19670	457	408	399	474	468	389
AT5G57270	374	235	302	298	308	281
AT4G22120	482	393	489	361	411	353
AT5G56600	321	382	349	241	265	241
AT5G21970	427	416	454	560	495	417
AT5G27620	497	420	396	382	305	342
AT4G32320	259	198	187	258	238	245
AT3G04020	516	484	504	497	519	425
AT5G53660	29	25	20	52	65	50
AT2G40330	728	725	776	281	295	281
AT1G20780	206	192	229	334	317	303
AT1G73470	288	213	204	343	326	300
AT1G09645	330	297	300	382	473	381
AT4G18530	96	110	111	255	192	169
AT1G64440	378	187	241	288	239	271
AT1G74840	198	202	222	248	269	200
AT2G20725	260	246	210	373	399	310
AT2G36310	551	522	607	286	291	274
AT5G50410	359	363	377	378	307	291
AT4G23430	211	180	152	302	277	241
AT3G14000	380	324	327	366	318	294
AT2G01120	341	303	288	289	292	245
AT1G67440	273	221	234	355	397	342
AT5G60940	400	294	265	327	342	358
AT4G37790	207	142	178	355	419	350
AT3G05690	526	486	468	483	471	428
AT1G16170	596	616	671	293	319	291
AT1G19100	494	335	365	375	303	341
AT2G39350	39	32	52	59	70	61
AT5G08750	292	276	273	448	462	359
AT4G14600	310	348	317	370	424	316
AT1G71440	371	304	348	258	265	298
AT5G64230	227	178	228	317	341	267
AT1G64640	168	193	179	122	129	106
AT1G79160	337	383	324	479	497	434
AT1G65340	128	136	139	64	82	53
AT3G45050	270	229	243	316	343	267
AT2G17340	388	311	338	232	250	220
AT1G64680	365	295	290	442	429	379
AT2G35810	155	126	157	172	166	148
AT3G17611	357	334	438	359	345	346
AT1G47840	346	244	292	128	108	116
AT1G31330	71	99	79	102	124	81
AT3G54100	360	327	317	363	354	316
AT4G12700	329	324	269	302	336	279
AT3G15350	195	211	180	151	183	109
AT3G60370	410	374	355	398	345	320
AT5G42140	352	272	249	424	354	337
AT4G11450	410	380	366	405	481	402
AT1G65560	443	422	429	486	475	424
AT5G47520	271	284	274	326	366	361
AT2G18030	315	382	366	318	380	324
AT4G31820	299	293	238	290	340	318
AT2G46690	253	306	244	376	492	388
AT5G08240	72	82	69	630	735	524
AT5G21222	351	239	279	364	361	338
AT3G26920	474	395	362	405	369	400
AT1G06770	368	283	378	449	426	411
AT2G42160	307	311	263	398	298	322
AT1G27910	217	176	169	244	276	187
AT4G34680	321	329	249	426	481	369
AT2G35520	265	228	213	266	267	242
AT5G46740	377	368	368	267	294	231
AT1G62380	93	89	89	84	74	60
AT5G14080	368	346	312	461	498	356
AT1G71240	392	297	303	454	431	431
AT3G01670	62	40	40	99	123	105
AT5G10820	353	347	299	288	287	261
AT5G53080	374	287	308	429	371	368
AT3G61100	489	475	509	366	407	356
AT2G47820	298	279	314	327	315	269
AT1G10700	276	234	251	203	214	188
AT2G42080	405	320	323	327	320	333
AT4G39890	70	48	72	241	204	204
AT1G51540	437	357	365	366	325	319
AT1G06710	623	416	377	512	429	519
AT4G28950	564	525	493	293	231	287
AT1G17430	31	32	24	38	48	38
AT4G19020	216	165	192	166	152	121
AT2G32390	767	611	656	189	156	185
AT2G28400	143	163	188	168	180	132
AT1G28960	200	195	153	340	288	320
AT1G75010	400	262	313	311	290	341
AT5G43260	132	162	176	299	271	219
AT3G58930	583	482	460	372	417	338
AT5G15330	283	282	247	329	367	302
AT2G07340	277	342	368	273	276	254
AT3G52420	407	467	474	356	460	346
AT2G20740	230	168	185	338	292	269
AT4G29720	297	295	308	190	253	180
AT1G77500	298	277	218	334	322	232
AT1G78190	559	593	540	413	527	407
AT4G22770	362	354	325	347	340	302
AT1G17930	368	317	330	398	384	317
AT2G14960	296	278	355	823	925	731
AT1G29040	221	219	234	224	226	185
AT3G07570	237	237	261	364	418	356
AT1G64280	272	210	233	314	326	295
AT1G55205	544	560	524	354	410	323
AT1G14770	298	313	301	448	449	331
AT2G24490	201	249	219	251	252	193
AT5G22875	301	290	311	433	465	374
AT4G10265	417	354	431	696	685	634
AT4G33690	267	252	256	319	334	278
AT1G78670	294	216	259	84	60	65
AT1G76270	279	219	278	336	361	324
AT1G76460	311	235	238	428	451	342
AT5G38690	317	216	277	273	260	234
AT5G16320	208	188	190	266	293	209
AT2G43080	300	215	234	218	272	215
AT1G31150	369	308	332	296	346	251
AT1G64960	366	254	351	382	348	324
AT5G09640	39	39	25	178	168	140
AT4G28770	215	211	269	161	224	163
AT3G51420	266	195	243	345	396	301
AT3G61870	102	96	111	140	133	96
AT3G53760	361	256	335	354	303	294
AT1G70300	220	197	225	272	249	197
AT1G18630	459	373	413	392	402	368
AT5G37890	334	417	395	357	353	260
AT1G54290	116	111	134	151	177	162
AT5G20110	466	481	493	315	386	332
AT5G35170	379	178	166	262	208	258
AT2G02400	217	207	221	225	278	216
AT5G01090	165	170	204	177	218	164
AT5G15730	312	297	288	418	411	357
AT1G49350	318	340	287	369	433	344
AT4G32140	378	299	342	329	333	291
AT2G30460	245	247	278	303	265	249
AT1G12020	352	437	496	411	520	401
AT3G27010	387	354	397	394	448	378
AT5G50375	221	187	200	141	157	180
AT5G26040	161	133	123	304	241	281
AT1G80160	70	53	64	132	136	160
AT4G23010	341	321	353	393	367	292
AT4G36870	440	439	420	500	519	484
AT4G37650	441	340	350	439	542	335
AT4G32840	385	399	347	414	392	402
AT3G23170	375	393	347	299	395	265
AT5G62370	561	396	477	519	547	403
AT4G23800	3	5	7	6	4	9
AT5G03415	336	322	307	393	438	304
AT4G04830	95	130	107	74	115	87
AT1G48200	350	421	337	303	326	249
AT3G49670	230	204	153	209	188	140
AT3G61540	239	247	249	390	424	337
AT2G04235	429	366	343	416	280	299
AT3G04420	174	159	150	10	14	16
AT3G57170	464	235	291	387	276	333
AT2G35310	243	280	256	464	507	379
AT1G26300	340	320	341	333	354	285
AT2G20400	293	330	287	374	368	352
AT4G34050	47	41	49	67	61	66
AT5G04250	260	196	218	314	235	268
AT3G21400	192	215	214	202	262	196
AT2G18850	384	361	348	391	422	373
AT5G12260	319	300	314	308	387	313
AT2G23300	386	351	407	350	392	364
AT2G32250	403	267	304	392	350	386
AT4G02520	90	97	113	408	403	304
AT5G55640	271	291	289	358	388	340
AT1G23380	566	439	481	330	339	294
AT5G53490	236	242	203	369	350	266
AT3G47290	432	384	401	222	223	217
AT3G52390	451	346	397	301	285	316
AT2G28880	431	358	365	453	394	390
AT1G71310	351	326	346	330	363	285
AT4G37420	6	4	3	24	19	13
AT2G25050	380	274	270	346	282	324
AT1G04020	219	142	135	192	190	182
AT3G61370	410	404	411	412	425	402
AT3G29575	36	21	32	119	89	105
AT4G19010	500	446	458	363	389	313
AT5G46340	344	228	250	354	371	378
AT2G22250	224	231	218	203	209	192
AT1G57765	352	327	335	325	352	273
AT4G35510	256	243	258	331	316	273
AT2G26570	254	229	246	345	340	275
AT5G47630	348	348	305	259	337	249
AT3G61320	360	367	309	422	430	378
AT1G59580	157	107	107	233	265	171
AT5G39350	457	407	382	457	553	374
AT5G36160	141	141	175	261	228	197
AT1G61520	103	113	97	113	147	123
AT2G47300	592	502	496	460	475	396
AT1G30640	278	252	204	395	326	310
AT5G42660	323	258	317	315	329	276
AT5G44460	492	545	627	274	264	271
AT5G66380	369	360	321	380	376	348
AT5G51130	320	305	265	382	392	302
AT3G52030	369	268	271	363	356	322
AT2G18876	324	289	288	285	273	277
AT5G12100	425	381	416	488	508	349
AT2G44150	475	343	385	335	303	329
AT2G44360	255	246	213	301	344	281
AT2G33680	619	501	472	498	523	469
AT3G07460	149	174	149	163	200	140
AT4G27410	39	40	46	37	63	40
AT2G45990	409	372	364	303	339	299
AT5G35995	359	347	330	361	285	310
AT5G38860	383	275	320	507	463	467
AT2G31725	512	542	523	331	376	312
AT3G44300	53	63	112	469	444	393
AT2G31130	177	176	167	233	213	227
AT2G42230	348	282	252	170	190	170
AT5G51440	269	238	332	418	444	335
AT4G18600	415	275	356	532	405	371
AT3G07060	561	374	390	430	351	382
AT1G63270	312	262	270	360	472	327
AT5G16950	439	479	453	405	478	366
AT3G21190	221	207	227	236	267	231
AT2G25250	277	300	237	239	288	236
AT1G18650	261	216	252	210	277	205
AT1G69540	382	300	305	398	359	396
AT4G18210	219	190	229	549	492	366
AT2G31270	289	268	245	225	220	167
AT5G15740	197	175	160	157	176	130
AT5G11800	366	238	252	283	240	327
AT5G34930	346	322	384	349	355	288
AT5G56210	153	104	111	190	177	137
AT4G15540	487	258	297	436	317	376
AT3G50520	295	276	255	225	288	232
AT3G29290	326	275	332	387	403	329
AT4G18975	278	288	292	300	293	276
AT4G16710	231	200	190	262	243	275
AT3G61310	167	137	119	217	276	236
AT5G43680	293	251	267	333	358	279
AT1G74280	347	306	372	281	338	245
AT3G09035	310	270	281	361	429	346
AT1G04960	358	357	361	365	290	372
AT1G13180	444	358	331	378	343	318
AT3G14160	192	196	165	268	249	193
AT4G03230	346	194	204	332	247	315
AT5G22370	502	388	355	341	329	350
AT5G44230	441	416	421	459	506	409
AT5G23090	268	287	261	296	318	279
AT5G58787	393	332	331	404	422	349
AT1G10020	488	438	404	232	278	202
AT5G54270	15	22	15	26	38	24
AT1G67890	421	275	278	346	305	282
AT2G27290	171	188	205	352	318	325
AT4G05040	449	346	296	396	335	325
AT5G45340	53	38	45	111	83	87
AT4G29070	173	132	161	321	270	241
AT4G16765	256	156	146	273	230	291
AT5G01780	418	298	317	415	390	392
AT3G50070	410	368	367	354	350	292
AT4G24040	449	437	446	365	345	319
AT5G39900	377	400	359	376	408	333
AT1G52920	75	39	44	78	79	99
AT2G43580	19	14	17	287	359	238
AT1G73530	222	189	188	202	278	155
AT2G28150	244	214	234	258	285	259
AT5G58003	350	271	310	344	348	286
AT2G04340	381	357	397	382	412	359
AT1G76060	279	279	253	306	383	268
AT3G54970	468	333	316	339	305	361
AT5G16520	458	283	350	374	312	288
AT3G02920	303	238	244	203	242	188
AT1G77122	273	312	299	424	433	387
AT1G56090	185	193	173	300	328	228
AT1G63440	120	108	141	254	232	174
AT1G16340	250	223	222	254	293	287
AT5G27450	226	233	191	179	188	185
AT3G07800	333	337	316	330	295	233
AT3G14450	458	405	407	288	281	253
AT3G06440	291	258	244	345	392	397
AT4G00850	521	522	546	390	391	351
AT1G15530	233	211	241	309	429	283
AT5G14770	507	399	404	401	382	440
AT5G02470	472	475	456	370	318	321
AT4G29030	108	144	114	71	92	70
AT1G18610	442	403	455	414	396	345
AT4G15030	423	277	261	335	275	332
AT2G29340	33	24	51	88	76	61
AT1G23090	356	273	354	224	229	221
AT1G72420	441	369	365	417	446	427
AT4G17616	332	369	356	423	460	316
AT4G38940	127	124	159	151	228	168
AT4G35335	383	280	316	268	260	292
AT3G02555	275	222	231	320	317	278
AT5G06265	439	292	331	319	311	341
AT1G29810	268	248	223	289	326	244
AT5G11890	199	211	178	217	233	184
AT2G20570	74	50	41	178	161	153
AT1G02750	269	277	285	376	405	313
AT1G62850	355	333	343	339	311	319
AT1G16880	136	124	107	84	97	68
AT3G01060	404	358	366	424	473	378
AT1G20540	353	216	218	309	258	285
AT2G45970	120	96	109	101	112	83
AT3G61740	305	196	228	300	191	227
AT4G13550	303	221	235	369	360	268
AT1G70480	321	223	264	238	271	221
AT1G04680	36	53	52	49	65	47
AT5G51290	395	254	256	369	296	322
AT3G11780	369	357	378	315	280	204
AT1G34150	431	246	267	403	439	434
AT1G17050	115	140	126	111	118	114
AT2G29180	275	278	280	292	371	311
AT3G03570	428	371	364	389	291	353
AT4G21850	127	112	91	69	62	52
AT5G58970	373	296	344	344	379	381
AT1G23260	294	286	299	289	284	241
AT5G15070	349	156	191	202	157	226
AT4G31000	220	127	124	271	259	268
AT4G31390	238	162	209	256	300	265
AT1G55000	223	209	223	352	379	289
AT5G49470	371	231	220	199	175	186
AT5G59770	291	248	268	292	289	259
AT1G32070	359	284	261	374	307	309
AT5G19020	484	383	356	451	543	452
AT4G38020	277	283	260	359	435	407
AT1G24265	457	396	366	404	383	355
AT1G74780	168	171	163	259	287	256
AT1G17730	377	326	323	262	310	248
AT2G02730	388	337	358	345	359	315
AT1G44760	73	98	99	120	105	101
AT5G10110	376	396	390	266	290	245
AT5G65060	363	256	241	305	237	309
AT3G24315	201	219	163	243	234	200
AT1G77330	0	2	5	11	5	5
AT2G03350	295	333	314	240	308	221
AT1G63650	510	470	428	325	340	269
AT3G23160	428	437	413	410	397	345
AT4G26860	207	181	180	273	227	242
AT2G46200	393	349	269	387	355	363
AT2G44830	342	301	363	339	405	273
AT1G77810	271	220	210	338	301	337
AT2G18230	481	486	466	186	277	201
AT1G35710	382	272	262	323	321	311
AT3G09520	180	158	189	20	46	20
AT2G37460	535	493	503	82	78	81
AT3G25900	126	147	120	99	86	69
AT5G45400	372	376	439	328	370	272
AT5G54860	534	559	583	224	286	222
AT5G65687	404	314	419	419	440	403
AT1G70420	205	229	228	203	281	237
AT5G19380	359	246	285	342	318	322
AT4G33440	289	215	314	350	354	290
AT1G14450	349	378	373	261	329	255
AT3G21610	399	332	329	295	342	301
AT5G65290	368	282	383	363	321	348
AT3G53120	285	261	283	345	308	265
AT4G25660	295	231	280	295	305	247
AT1G62600	332	236	260	255	271	277
AT2G43320	336	317	298	331	346	285
AT5G63830	403	387	401	376	399	328
AT2G47490	294	231	214	201	231	234
AT1G11180	357	294	314	377	379	367
AT4G03960	288	289	311	192	205	198
AT4G17370	318	241	239	410	372	330
AT4G10110	349	338	321	353	335	330
AT2G37710	137	150	164	330	329	233
AT1G61380	305	261	248	361	422	371
AT1G25275	47	42	52	131	136	109
AT3G26640	383	367	411	304	331	285
AT1G78590	283	300	281	320	351	318
AT5G47580	250	189	265	402	406	280
AT2G03810	144	167	181	363	387	281
AT4G17500	147	147	152	239	248	176
AT1G13820	109	87	80	148	170	173
AT5G57410	373	344	308	376	319	302
AT1G21370	226	204	240	223	257	161
AT5G37710	292	231	238	314	299	254
AT2G20960	284	246	277	277	290	212
AT5G43780	39	54	62	92	97	96
AT5G03990	220	187	223	340	367	237
AT3G13550	325	290	319	409	398	349
AT1G33800	159	162	134	70	67	52
AT2G27490	303	287	298	334	300	284
AT5G16800	263	246	210	260	293	243
AT2G06050	285	266	302	279	281	282
AT4G11990	658	503	515	595	523	538
AT2G47350	344	269	243	364	338	330
AT4G11980	255	242	248	325	336	281
AT1G70330	297	266	296	230	220	206
AT3G48120	311	185	227	381	323	321
AT2G26830	273	253	244	223	214	211
AT5G54180	413	415	369	363	422	332
AT1G64740	318	296	323	559	561	462
AT3G11945	238	233	206	218	230	206
AT4G37020	365	308	319	380	398	387
AT2G27260	324	376	344	319	378	297
AT5G66190	170	187	198	203	250	183
AT1G58684	428	542	694	453	487	276
AT5G55710	280	337	284	264	343	262
AT4G31530	245	238	240	379	353	310
AT2G26000	275	302	295	359	311	305
AT4G14660	398	392	311	440	413	353
AT2G01170	339	349	299	354	356	282
AT5G24340	327	272	295	319	336	313
AT1G31010	509	422	441	408	406	320
AT3G17830	447	334	348	316	312	281
AT5G57230	482	507	431	394	383	370
AT5G67200	336	315	305	357	386	329
AT5G45060	397	271	319	462	372	326
AT3G18610	480	503	447	485	380	382
AT4G19003	338	291	275	302	319	323
AT5G05870	140	149	127	232	259	197
AT5G08200	317	279	306	345	351	280
AT5G67060	252	233	232	139	175	126
AT1G60670	383	297	330	391	351	340
AT4G13660	68	73	76	154	127	131
AT4G17070	338	279	307	444	420	365
AT3G18310	380	344	348	437	411	321
AT1G14840	255	233	216	262	272	282
AT5G64560	397	286	289	342	333	321
AT1G57870	276	231	241	351	333	349
AT2G42975	63	85	67	218	173	146
AT3G44160	345	301	323	338	296	296
AT1G73950	383	272	262	406	412	353
AT5G04520	354	418	354	354	413	306
AT3G15070	237	206	265	374	310	286
AT5G04760	220	192	247	306	284	232
AT4G29590	191	159	161	204	157	139
AT1G58470	313	276	270	366	306	316
AT1G74710	79	56	55	50	33	45
AT1G30570	207	171	186	171	238	162
AT5G44170	385	348	408	342	385	241
AT5G35750	363	264	291	314	321	313
AT2G25790	309	298	284	542	525	421
AT2G30320	384	302	314	263	265	231
AT1G75080	341	384	330	339	329	338
AT3G07940	397	366	378	401	426	418
AT1G21710	345	328	357	318	394	331
AT1G80210	251	207	196	337	215	277
AT5G18120	268	201	231	259	235	275
AT1G76920	379	374	409	267	310	290
AT3G44280	290	304	300	322	330	258
AT5G62480	17	23	17	167	202	130
AT4G25610	411	375	410	403	437	350
AT3G19290	178	112	151	298	270	212
AT1G66770	5	1	2	36	39	38
AT1G26650	226	189	224	287	279	229
AT2G08765	559	400	418	329	433	375
AT2G16460	482	406	410	308	298	277
AT1G05070	210	214	246	262	291	294
AT5G25490	346	336	302	668	696	665
AT5G63010	484	463	475	390	367	315
AT2G22120	312	261	285	334	328	282
AT1G28410	182	166	189	211	203	189
AT5G17210	370	344	359	347	337	316
AT3G52910	368	310	332	308	325	287
AT4G14970	476	305	338	356	271	299
AT3G28210	354	343	443	281	274	203
AT4G37680	216	173	228	200	219	162
AT2G37890	564	477	443	382	421	365
AT2G24240	419	403	433	410	441	292
AT4G31770	377	374	377	386	368	285
AT4G04955	425	264	262	84	67	86
AT1G13770	380	236	281	350	267	279
AT5G40890	40	29	44	1	1	5
AT3G61900	234	235	239	744	746	605
AT5G63630	384	336	337	404	385	363
AT5G49110	585	382	464	540	419	405
AT1G77090	116	80	81	216	229	179
AT1G19350	181	171	187	267	291	219
AT1G69980	283	216	259	329	334	332
AT1G73177	455	446	444	371	447	342
AT3G25070	243	235	227	355	345	306
AT2G38290	370	355	368	468	515	420
AT5G66360	371	351	327	342	336	341
AT4G24760	266	248	239	205	239	191
AT5G01560	328	290	247	280	333	275
AT3G12180	367	425	388	348	410	293
10/31/99	237	154	163	534	484	479
AT4G23910	411	286	371	353	313	357
AT1G08710	284	288	262	381	391	345
AT2G36770	31	30	33	136	131	107
AT1G47620	6	4	9	13	7	13
AT2G46310	486	476	409	443	467	403
AT3G29170	273	280	293	330	390	286
AT3G27960	137	140	158	157	143	124
AT2G43570	67	73	93	376	417	309
AT4G00310	446	429	426	278	322	274
AT2G45170	311	268	246	330	283	279
AT5G53340	321	274	306	259	259	251
AT2G36200	228	197	235	130	122	97
AT5G17570	219	202	204	387	370	277
AT2G41780	306	335	305	262	281	222
AT1G30890	286	298	291	265	272	262
AT5G08110	462	304	353	331	269	307
AT3G20350	240	269	262	188	260	204
AT4G38260	376	279	304	326	329	324
AT1G31480	128	96	107	188	179	159
AT2G17710	833	713	781	114	103	92
AT1G06840	384	239	285	415	369	363
AT1G32410	246	254	245	307	342	241
AT2G16405	371	249	287	302	285	280
AT3G55740	127	119	138	314	304	250
AT2G29490	33	24	41	90	71	55
AT5G17160	13	4	7	9	9	5
AT3G55960	386	313	375	333	362	256
AT5G57100	290	246	245	474	541	453
AT3G49060	342	249	255	243	228	241
AT1G70710	312	253	299	71	104	83
AT3G19970	242	202	226	195	227	224
AT1G71940	271	242	270	248	262	248
AT2G41670	457	397	370	382	332	346
AT1G55630	294	298	274	359	443	332
AT3G27560	285	220	271	293	334	305
AT1G18490	252	232	237	336	326	248
AT3G58900	326	270	235	315	306	276
AT2G28430	294	309	318	234	279	206
AT1G19220	392	343	391	418	462	342
AT5G66080	97	104	82	273	284	229
AT1G48370	271	219	288	293	302	252
AT1G31020	321	279	327	253	326	287
AT4G00750	218	236	270	447	450	429
AT1G16020	207	211	196	277	270	224
AT2G22690	219	238	204	268	284	198
AT1G03270	158	106	137	256	257	190
AT1G30910	284	248	230	347	330	297
AT3G18100	401	270	370	422	398	370
AT3G58690	336	349	411	412	397	305
AT5G10720	72	49	60	159	159	149
AT5G54260	409	353	331	353	341	315
AT4G34412	377	324	338	402	433	339
AT3G50350	605	648	675	176	183	184
AT3G61490	41	67	61	83	81	51
AT4G29910	379	328	295	385	388	346
AT3G45970	24	19	18	144	171	124
AT2G14680	401	259	275	373	327	373
AT2G30330	246	295	250	288	422	314
AT1G10240	401	336	363	323	356	339
AT1G21440	181	198	192	167	181	173
AT4G00110	211	286	294	277	295	226
AT3G53130	213	162	172	192	205	205
AT1G02520	96	79	104	266	266	207
AT3G27420	285	239	234	305	287	352
AT2G26260	324	260	295	208	211	180
AT4G22530	82	104	110	136	118	79
AT1G17360	211	148	169	163	172	174
novel.157	452	239	249	454	387	432
AT1G73875	387	318	296	294	305	277
AT5G58550	360	257	291	312	321	246
AT5G17520	254	240	251	245	305	233
AT3G60450	102	96	103	101	118	115
AT2G22530	421	303	361	298	257	274
AT2G12550	339	290	350	414	357	295
AT1G73450	396	304	326	361	306	309
AT1G69060	372	331	329	393	366	286
AT5G24280	718	486	509	413	348	358
AT2G44280	169	123	144	149	144	149
AT2G35320	280	281	268	338	343	244
AT5G39710	451	401	384	417	449	373
AT1G79720	266	245	267	217	232	171
AT3G10210	221	200	250	269	310	241
AT2G24300	83	82	63	80	80	73
AT1G24440	336	256	316	328	440	328
AT1G78180	324	316	283	331	327	257
AT1G20410	430	379	424	277	305	239
AT3G11600	225	251	240	426	483	392
AT5G05630	292	309	341	466	480	354
AT1G74860	176	167	193	295	296	231
AT5G60730	623	571	545	374	376	322
AT4G00300	136	134	161	242	261	179
AT2G21320	243	244	219	377	375	313
AT5G27460	301	242	280	265	321	278
AT5G48640	388	301	328	333	307	279
AT2G23950	368	340	303	447	443	402
AT2G34720	378	304	322	308	314	276
AT5G02575	377	447	428	388	398	351
AT1G51130	372	275	323	272	243	232
AT5G04010	15	15	18	57	93	42
AT5G37530	436	369	329	350	322	314
AT5G62070	286	207	240	257	242	202
AT4G18930	135	88	93	139	141	108
AT1G68730	321	285	310	368	401	332
AT4G29270	46	76	76	65	86	65
AT2G47090	346	318	297	348	320	279
AT1G07260	245	252	240	368	399	285
AT1G55140	295	260	244	264	272	217
AT5G14310	327	261	340	241	328	196
AT5G46560	305	258	273	342	356	293
AT2G34380	234	201	220	311	366	284
AT4G36140	254	266	270	308	316	230
AT1G74210	197	226	227	214	239	218
AT3G04570	317	345	320	306	335	283
AT5G62990	399	339	340	479	502	315
AT5G47710	342	280	318	418	454	378
AT3G23210	263	279	217	230	222	201
AT5G54670	309	226	284	202	238	243
AT2G32150	3	5	2	40	56	47
AT1G34570	396	358	353	413	411	377
AT2G20310	373	354	310	348	391	310
AT5G03150	348	259	300	376	410	358
AT1G74170	479	283	270	400	319	348
AT3G59110	439	369	358	311	282	281
AT5G16310	323	346	346	387	440	363
AT3G53260	80	90	84	102	128	89
AT4G38670	448	405	461	471	429	386
AT4G15380	274	259	317	354	399	360
AT1G47340	266	233	240	343	312	294
AT3G48610	400	376	401	210	219	181
AT4G31010	300	337	295	413	392	358
AT1G50170	241	199	175	229	253	271
AT5G08415	320	307	316	282	279	256
AT2G44440	337	302	279	248	281	226
AT3G53540	307	216	250	180	148	159
AT3G12990	385	319	321	363	326	362
AT5G20270	430	384	393	268	274	229
AT1G17350	251	205	210	186	203	163
AT4G01330	263	230	311	407	415	361
AT3G52210	445	391	404	480	452	412
AT3G05940	273	266	274	334	339	308
AT1G80245	385	304	321	335	343	372
AT5G23760	405	362	420	251	225	274
AT1G45231	444	327	350	375	370	364
AT1G50360	201	153	170	191	188	176
AT4G19900	226	165	215	278	307	229
AT4G34630	789	741	754	107	161	115
AT5G48440	172	120	107	223	173	180
AT3G09370	254	183	223	304	301	221
AT3G50920	472	393	468	304	361	295
AT5G51170	245	239	212	396	366	339
AT1G14960	18	15	8	413	332	290
AT3G59800	304	287	300	352	286	256
AT3G20790	138	142	148	96	88	83
AT2G42120	406	364	348	320	293	285
AT1G71460	365	311	328	461	421	340
AT4G02660	387	203	235	247	203	265
AT3G29270	229	163	201	323	341	304
AT2G04305	302	259	290	269	330	275
AT1G21730	455	348	337	298	297	270
AT2G43430	274	207	210	421	393	403
AT3G27925	116	123	112	182	152	124
AT5G55180	210	175	206	87	73	52
AT4G00420	293	268	275	233	286	254
AT3G56740	332	279	274	338	360	302
AT3G61470	11	4	3	40	35	26
AT4G34280	234	187	202	284	223	247
AT2G28240	296	233	247	382	368	367
AT1G29080	504	552	632	4	0	0
AT5G40970	180	196	193	378	381	317
AT5G01775	401	459	452	373	437	360
AT1G09190	522	544	513	477	440	377
AT2G16390	273	241	259	460	399	320
AT4G32750	284	293	318	373	371	342
AT5G63950	214	180	187	180	146	148
AT1G48310	419	265	283	339	293	280
AT5G26290	58	43	45	19	30	29
AT4G37200	256	183	215	246	282	224
AT1G68670	317	285	253	245	266	218
AT2G02150	473	442	447	377	405	352
AT1G34350	279	278	284	233	251	217
AT3G62110	179	169	139	261	263	186
AT5G53010	453	213	259	396	237	391
AT5G44930	438	301	300	358	276	304
AT3G56320	413	370	347	397	450	331
AT2G28080	269	252	258	209	185	187
AT4G23950	496	392	423	352	390	332
AT5G55860	230	196	214	313	305	244
AT3G27990	310	214	203	326	280	258
AT3G02510	275	221	254	259	213	214
AT3G62220	282	238	258	243	265	242
AT5G63520	350	340	307	343	347	264
AT2G41350	309	278	300	262	280	240
AT1G05320	154	133	134	241	244	158
AT5G60200	550	538	510	474	557	449
AT1G55970	436	243	320	370	306	384
AT1G80570	154	86	110	335	244	263
AT4G16070	316	212	256	320	341	328
AT3G13190	291	211	210	248	292	258
AT1G80280	163	113	125	201	285	234
AT3G63510	402	205	238	247	194	283
AT3G59660	259	176	190	284	225	290
AT2G34460	113	133	123	192	198	177
AT1G01580	127	102	114	226	246	249
AT5G07120	285	256	283	257	304	220
AT1G72190	257	202	207	262	261	230
AT5G56980	236	222	260	294	289	268
AT5G58375	273	278	257	326	293	284
AT3G43700	388	357	357	316	396	307
AT2G41310	250	205	165	211	238	207
AT3G22190	327	266	264	285	309	250
AT1G15490	268	210	216	243	187	188
AT1G70520	287	256	375	393	442	346
AT1G79020	346	212	234	306	267	258
AT4G31350	299	245	285	327	302	294
AT1G52520	226	193	214	337	326	277
AT5G59560	450	437	443	296	339	275
AT2G48000	289	258	280	336	360	247
AT1G19690	246	224	203	219	242	196
AT2G23610	269	246	234	135	170	127
AT2G31090	193	193	200	262	277	227
AT4G16444	206	189	215	271	264	226
AT2G39300	173	184	176	238	235	171
AT3G24500	56	49	69	208	211	154
AT1G60600	336	257	276	225	287	217
AT2G35540	269	231	238	337	383	282
AT5G48590	291	312	262	339	353	284
AT3G14090	320	304	343	330	376	293
AT3G51740	32	34	19	16	29	22
AT3G61420	235	129	154	206	193	214
AT1G07400	101	54	106	125	168	163
AT3G21060	376	392	412	434	383	339
AT3G52260	388	249	255	377	334	346
AT2G18770	293	295	336	312	328	295
AT5G06240	248	308	267	341	320	292
AT5G47370	515	397	422	286	303	272
AT4G23500	83	81	92	519	515	404
AT1G32060	8	9	21	23	36	27
AT2G46915	234	168	178	228	210	254
AT4G25180	233	199	171	247	240	221
AT3G07500	102	120	88	322	317	249
AT4G30270	35	22	18	38	29	36
AT2G27590	303	322	343	287	287	246
AT4G27520	27	22	26	69	78	60
AT5G24520	306	295	272	308	311	249
AT2G40010	523	398	409	370	318	291
AT3G49420	413	349	363	403	373	317
AT3G08710	267	250	259	306	243	243
AT4G08240	326	353	347	351	361	284
AT3G58060	206	189	177	285	245	234
AT3G47700	338	317	364	307	331	272
AT3G09455	193	234	224	238	246	217
AT3G23175	1	2	2	142	128	83
AT1G74750	374	306	341	310	336	232
AT4G19950	250	252	292	429	441	356
AT5G48840	379	383	363	358	393	343
AT5G57220	482	494	455	229	251	236
AT2G03980	248	273	270	220	251	243
AT1G06500	252	241	255	333	420	311
AT1G61350	242	223	212	302	295	217
AT1G69750	332	262	268	306	308	268
AT5G13270	370	360	362	416	444	364
AT1G33560	162	158	180	155	195	133
AT5G33290	270	267	271	298	286	290
AT3G09360	333	258	262	310	258	260
AT3G57190	302	262	273	383	401	342
AT5G57250	320	257	306	362	318	288
AT4G01040	199	187	145	213	231	179
AT3G55640	387	262	296	307	313	279
AT1G30290	353	288	334	381	409	336
AT3G02700	171	188	165	249	242	260
AT3G62460	416	411	395	345	350	299
AT1G23010	253	256	276	354	403	298
AT1G73170	212	174	148	311	253	288
AT4G12710	249	232	254	330	435	299
AT1G75180	224	199	239	231	292	195
AT5G40440	315	232	210	296	248	302
AT3G03120	298	275	277	274	325	262
AT3G59490	200	166	190	263	252	231
AT1G60990	280	202	258	273	224	280
AT2G16530	252	213	337	409	414	308
AT4G24500	305	357	296	336	385	291
AT3G56760	286	210	224	255	284	242
AT2G01640	360	364	354	266	307	271
AT4G08790	408	380	371	400	367	354
AT2G36680	189	176	163	250	213	210
AT5G22820	304	247	275	328	360	312
AT4G27310	318	331	295	283	288	205
AT1G65380	296	235	300	424	437	335
AT3G19080	375	294	324	351	292	269
AT1G63740	331	235	257	317	345	257
AT1G80610	323	338	321	271	249	248
AT3G59290	178	158	198	217	207	184
AT3G01920	229	206	179	346	332	299
AT1G53710	202	168	194	216	251	223
AT3G01300	243	253	294	293	308	235
AT4G40045	251	261	246	316	350	292
AT5G44070	177	155	170	214	173	220
AT2G20290	356	250	316	301	299	244
AT1G10720	286	283	276	254	267	286
AT5G02280	155	193	195	166	220	174
AT1G50710	230	173	171	198	227	171
AT3G09480	226	252	264	295	381	267
AT4G34220	160	118	112	99	95	100
AT2G37035	172	180	215	251	289	256
AT1G32330	318	314	304	309	364	267
AT3G49850	295	288	241	245	305	247
AT5G24830	388	266	290	293	388	285
AT1G66140	374	395	369	480	599	457
AT4G30996	150	161	158	156	165	145
AT1G24170	133	125	155	114	123	97
AT4G12670	322	258	256	402	358	290
AT2G20850	389	284	272	283	284	244
AT2G22640	276	270	286	302	321	253
AT4G01960	255	243	266	262	313	247
AT1G31170	146	127	93	200	229	170
AT4G02980	247	259	249	279	296	229
AT3G06640	804	410	457	724	482	638
AT4G10890	367	296	254	345	395	319
AT3G53400	215	190	184	195	222	198
AT5G14210	203	125	178	248	208	246
AT2G24690	303	221	220	311	255	244
AT2G27385	45	53	39	82	96	73
AT3G17100	442	476	512	157	185	137
AT1G49730	337	216	239	217	177	189
AT1G15550	561	492	572	290	380	319
AT3G18630	424	439	376	367	379	268
AT2G44500	164	117	147	93	82	99
AT2G17695	132	134	127	250	283	200
AT2G02370	271	220	284	405	425	325
AT2G46000	123	103	124	220	233	167
AT1G48140	373	396	388	314	367	317
AT5G07840	316	284	277	372	374	305
AT2G40540	282	185	276	257	242	195
AT4G02610	374	360	320	307	292	229
AT4G06676	315	280	230	378	333	349
AT2G17030	263	223	213	331	305	273
AT4G21705	271	305	269	334	402	302
AT3G20100	103	98	125	46	32	39
AT4G08320	279	288	234	353	326	308
AT5G28020	347	266	326	161	154	162
AT5G49950	355	242	315	214	260	249
AT1G15830	339	305	308	358	330	270
AT1G55830	266	239	227	250	249	251
AT4G25770	275	225	200	249	258	214
AT1G03970	150	150	168	229	255	186
AT5G59380	330	314	305	292	312	274
AT4G31600	294	289	281	304	308	252
AT2G19120	386	302	369	451	432	364
AT5G23550	256	249	269	265	300	233
AT2G37680	283	270	287	333	325	288
AT4G20740	349	261	263	346	369	282
AT5G65400	366	262	288	303	265	342
AT3G52860	335	357	287	318	304	264
AT1G11800	383	388	331	346	362	264
AT1G50900	173	201	199	288	309	234
AT1G76380	236	242	215	231	259	188
AT1G29300	350	332	355	412	400	296
AT3G06660	385	306	297	316	376	331
AT1G18340	304	230	276	266	282	231
AT2G20930	185	217	194	173	202	153
AT4G18890	310	256	293	433	471	406
AT1G23030	175	183	155	138	154	136
AT4G35530	360	328	330	400	399	394
AT2G22470	50	53	61	152	198	131
AT4G20430	342	245	254	332	341	339
AT5G16890	327	238	250	277	281	295
AT4G33990	430	453	390	393	410	308
AT5G63880	212	222	194	242	244	260
AT4G30660	129	159	149	148	184	133
AT1G06780	257	224	252	290	327	273
AT3G06330	396	367	403	344	364	303
AT5G56250	392	331	320	361	359	291
AT1G32440	319	318	351	274	284	236
AT5G04860	90	67	62	183	162	122
AT2G40340	336	283	267	493	547	441
AT1G05670	470	237	307	378	299	333
AT4G01220	310	282	322	245	274	239
AT1G23935	227	175	171	322	301	294
AT1G78140	131	152	136	234	228	198
AT1G73150	259	313	275	366	358	246
AT1G79820	313	235	231	188	167	152
AT4G21610	215	237	226	311	295	295
AT2G45850	627	589	577	334	335	278
AT1G66620	129	114	141	87	115	85
AT4G26060	149	146	168	299	276	308
AT1G72640	335	186	213	273	236	311
AT4G27950	198	203	209	226	244	221
AT3G05710	274	259	254	209	216	211
AT4G29360	285	332	294	322	322	259
AT4G26810	480	530	490	348	393	295
AT4G31550	170	185	182	212	182	194
AT1G72940	502	492	501	144	170	134
AT3G15690	221	242	194	215	221	187
AT4G16100	278	230	222	326	258	296
AT1G62770	51	47	40	148	123	119
AT5G66690	41	44	38	30	38	12
AT3G06145	352	365	368	283	288	236
AT2G31800	271	162	207	150	171	164
AT1G10090	277	194	264	351	362	290
AT3G61550	312	342	328	312	293	282
AT5G40270	319	282	324	333	326	291
AT1G56230	469	397	411	253	247	240
AT3G43920	450	326	383	351	312	341
AT5G03760	3	12	5	13	7	9
AT4G04040	383	276	328	451	417	426
AT1G76450	171	167	112	126	173	136
AT4G38230	229	165	152	166	177	161
AT5G16480	249	260	226	352	375	295
AT3G18770	216	239	226	489	538	422
AT2G37040	12	14	13	14	13	24
AT3G53960	8	7	6	37	18	13
AT1G05590	197	194	219	243	232	207
AT2G07180	96	60	82	161	157	129
AT3G19440	557	423	426	325	307	276
AT5G54980	363	315	311	281	359	272
AT1G65520	227	275	272	326	332	262
AT1G67830	96	92	88	218	234	153
AT3G48240	324	283	276	493	486	396
AT2G20440	261	214	212	324	329	222
AT5G37790	91	94	105	132	137	109
AT4G23920	374	378	352	316	315	291
AT3G51520	195	175	229	227	275	183
AT1G80420	272	247	255	283	275	270
AT1G56210	374	423	360	388	436	378
AT1G65295	277	310	331	297	383	257
AT1G35340	264	172	157	209	183	235
AT5G09440	129	147	131	100	130	95
AT1G11760	276	258	226	334	372	317
AT4G30400	300	332	349	328	349	301
AT5G35400	415	370	364	387	347	312
AT5G57040	93	81	79	165	216	177
AT4G29170	433	339	361	349	385	320
AT1G11950	217	172	182	310	232	220
AT1G19990	361	389	391	282	295	263
AT5G13340	314	250	233	331	361	282
AT1G27690	305	305	319	403	415	338
AT1G74740	152	116	104	265	253	195
AT5G17250	409	291	323	239	251	262
AT5G58240	282	230	278	208	196	236
AT1G11790	136	104	122	114	126	79
AT1G28600	429	377	482	125	132	119
AT5G06320	224	214	271	445	466	339
AT5G08535	264	249	233	291	290	252
AT3G11770	255	254	218	170	225	199
10/31/80	345	159	202	444	244	406
AT5G03905	331	340	335	270	274	241
AT1G55300	318	287	284	292	275	273
AT1G59650	239	200	236	197	239	212
AT1G75980	377	364	366	342	334	299
AT1G02770	251	206	203	348	355	339
AT5G08720	222	178	212	253	239	228
AT1G11545	68	72	77	42	58	36
AT3G54950	133	132	148	191	223	190
AT1G80720	408	436	412	316	436	306
AT3G03470	237	219	210	350	394	310
AT3G12530	329	309	323	377	342	327
AT3G13620	291	285	291	209	294	230
AT3G21465	280	233	247	220	231	182
AT1G34380	389	348	371	322	370	315
AT4G17486	219	228	229	221	178	198
AT3G56950	285	257	323	268	246	253
AT3G58120	4	7	11	2	2	3
AT1G04990	74	61	75	87	70	77
AT4G24530	218	204	194	299	354	283
AT2G46060	213	182	237	373	386	323
AT5G52450	254	234	278	282	280	231
AT4G27630	278	220	239	269	271	281
AT5G11910	301	278	312	257	324	260
AT5G64380	271	240	208	327	348	278
AT2G25355	398	358	358	314	344	253
AT2G04620	260	277	312	359	365	296
AT1G57540	245	249	287	333	368	284
AT1G27500	213	206	213	304	273	234
AT1G02960	292	185	165	225	219	273
AT5G51350	260	203	270	324	320	269
AT2G23420	240	191	208	190	176	179
AT2G36340	391	422	348	358	389	355
AT5G04020	158	175	146	211	231	144
AT3G60480	215	229	207	242	319	207
AT3G05750	224	202	202	202	193	154
AT3G61640	185	172	168	188	197	156
AT1G73210	164	156	164	274	308	249
AT5G55060	358	226	264	151	140	169
AT1G01480	16	8	5	145	159	107
AT1G48360	412	274	271	319	254	289
AT2G26550	206	211	241	192	212	164
AT3G59300	207	134	173	241	210	194
AT5G65840	88	98	134	172	152	154
AT5G14880	269	250	228	307	362	255
AT5G16560	381	290	278	260	287	288
AT5G20710	5	11	11	2	6	4
AT5G01990	178	146	161	316	293	278
AT5G41480	258	230	228	239	202	205
AT3G51390	327	182	294	297	263	244
AT5G23680	266	280	313	382	293	257
AT1G43650	90	88	73	388	432	401
AT5G08320	184	226	216	319	356	273
AT1G70560	149	172	149	168	234	149
AT2G32210	147	139	142	379	353	306
AT3G11440	343	326	333	374	387	343
AT1G62085	319	309	272	325	328	300
AT4G37330	94	75	89	186	194	165
AT1G75450	716	610	720	128	120	122
AT1G12200	183	158	132	405	348	296
AT5G58530	229	231	228	210	217	199
AT4G14870	262	255	211	271	305	263
AT2G47020	237	227	201	223	243	211
AT1G34000	179	150	142	189	222	177
AT5G54650	236	180	198	211	238	190
AT5G55960	240	222	294	286	309	229
AT3G53320	333	281	269	251	252	215
AT3G23100	367	366	353	308	330	294
AT1G62110	456	426	453	338	376	276
AT5G11110	27	30	24	39	42	18
AT3G15395	259	238	225	254	235	193
AT1G53090	138	116	108	224	189	171
AT3G26850	328	275	274	314	358	286
AT4G10090	406	344	307	282	357	277
AT1G64530	174	148	162	122	122	126
AT1G12900	106	104	146	148	139	105
AT5G15170	332	259	271	297	247	265
AT2G37150	179	135	154	223	272	210
AT1G69380	447	348	332	331	298	317
AT3G11490	207	170	199	324	283	277
AT1G11530	23	14	13	41	50	32
AT5G08410	113	132	153	172	229	174
AT4G11920	436	301	333	335	337	358
AT3G46180	367	286	271	289	332	277
AT5G09740	249	194	239	271	242	230
AT2G42190	201	216	188	260	277	235
AT1G25360	498	461	453	321	400	326
AT4G27390	171	160	163	283	288	245
AT4G13980	236	210	228	355	365	358
AT5G39550	200	160	179	163	171	154
AT3G51530	352	365	368	347	323	301
AT5G21930	246	168	179	245	252	241
AT1G72840	332	234	229	391	450	319
AT1G12710	335	251	282	322	362	319
AT1G79710	206	198	213	165	153	120
AT1G30010	468	377	391	432	447	306
AT3G29375	232	198	145	188	196	222
AT1G79660	186	167	204	209	239	196
AT5G56930	299	254	286	294	331	279
AT5G64710	509	364	389	319	347	296
AT3G11820	193	160	168	222	217	168
AT4G35950	279	218	203	221	180	192
AT5G56650	312	268	273	251	256	259
AT1G51740	200	185	181	270	226	216
AT3G07255	32	28	21	55	78	68
AT2G39681	282	229	217	249	253	270
AT3G04750	294	282	265	353	330	314
AT5G40880	306	234	228	284	250	237
AT5G27830	213	190	215	294	278	271
AT5G60840	274	275	232	258	283	196
AT4G00500	342	277	334	277	318	246
AT1G26570	190	170	166	188	227	172
AT5G13180	257	258	217	228	255	239
AT2G15230	239	209	293	436	338	277
AT5G26990	327	243	268	225	242	233
AT2G46910	98	72	101	146	143	135
AT4G25870	231	174	201	139	195	132
AT2G45570	18	26	22	60	103	47
AT1G45050	232	216	239	294	332	269
AT4G09520	267	263	234	259	240	182
AT4G25280	466	399	433	299	319	292
AT2G31450	251	206	214	331	250	268
AT1G15260	220	265	254	338	304	276
AT1G15220	369	344	367	324	344	274
AT1G28100	1046	428	509	170	202	153
AT2G32800	16	18	14	142	157	104
AT4G12250	263	213	245	292	290	221
AT1G08280	260	238	240	207	235	207
AT1G67690	333	260	260	226	249	250
AT5G50420	228	223	252	204	237	234
AT4G32890	326	337	332	226	279	204
AT3G05570	370	321	331	240	267	250
AT4G13670	110	97	100	156	141	140
AT3G51040	229	194	234	237	253	228
AT4G02860	176	204	189	219	236	194
AT3G08620	370	297	322	365	353	294
AT3G43210	287	233	281	272	223	211
AT4G22300	149	130	138	155	191	144
AT1G70210	135	102	107	121	143	114
AT4G05060	277	226	229	308	290	276
AT5G37070	145	166	161	266	283	228
AT1G13040	529	300	320	395	339	402
AT5G45830	4	12	5	89	84	64
AT3G48390	74	92	103	427	452	326
AT1G34010	235	245	190	255	236	236
AT1G63670	392	334	346	275	228	226
AT1G77310	317	262	272	382	308	273
AT5G63040	319	245	275	278	292	230
AT5G41880	193	189	184	148	194	128
AT3G17030	350	255	246	273	262	312
AT5G40080	336	303	356	306	385	252
AT4G27470	100	102	97	186	185	156
AT5G49710	206	133	147	246	270	264
AT2G19170	207	170	182	166	149	124
ATCG00190	338	247	181	213	211	194
AT3G46580	316	278	300	235	318	242
AT5G42770	376	316	332	327	306	278
AT1G08180	264	326	296	324	366	269
AT3G62620	325	305	285	317	305	292
AT1G46264	178	174	202	239	245	225
AT4G15890	248	198	208	250	209	192
AT2G33290	224	254	234	265	281	227
AT3G12250	225	235	263	391	371	333
AT1G13000	231	217	233	245	236	245
AT4G02730	165	162	145	272	244	217
AT3G17680	253	240	239	217	181	162
AT3G59470	291	238	251	264	276	261
AT5G48990	281	303	300	374	364	271
AT3G16180	100	72	107	83	96	85
AT1G74240	298	260	281	349	344	289
AT4G19510	329	199	264	320	303	233
AT3G11030	194	166	204	219	205	222
AT5G58480	180	231	230	239	279	221
AT5G43140	430	372	401	267	288	231
AT2G19160	310	247	258	248	234	220
AT5G24630	361	280	300	226	265	227
AT5G22300	170	148	156	252	279	217
AT1G08530	220	203	187	227	264	220
AT2G35130	236	193	243	328	321	278
AT3G03880	289	344	278	316	289	229
AT3G01210	191	136	126	191	146	155
AT3G09920	217	224	243	270	261	233
AT3G49890	377	343	356	294	277	278
AT5G02010	376	315	268	283	343	227
AT2G40410	247	178	222	229	240	263
AT1G80650	444	405	369	410	411	403
AT1G76710	267	211	207	240	203	194
AT3G61080	201	131	144	215	198	189
AT3G13000	281	197	232	421	320	358
AT5G23380	141	109	92	252	263	285
AT4G16510	315	298	302	318	328	267
AT5G56020	214	214	219	289	276	260
AT1G28250	305	292	276	304	277	267
AT3G57590	272	229	228	323	324	310
AT3G52905	328	335	337	303	328	251
AT5G10830	97	106	98	87	81	82
AT3G48460	50	43	47	39	49	56
AT2G29630	176	147	141	185	155	154
AT4G02430	534	186	213	329	184	344
AT1G76405	388	335	329	309	324	270
AT1G52630	292	330	259	294	278	270
AT3G27890	253	255	262	204	191	178
AT4G24240	215	194	229	192	188	171
AT1G48280	198	163	175	383	394	309
AT3G06950	231	213	216	318	269	258
AT3G17040	36	17	25	48	69	57
AT2G38340	196	246	214	264	269	211
AT5G24500	287	245	261	238	264	231
AT3G03030	387	392	372	335	360	303
AT1G44800	370	356	361	91	83	57
AT1G03740	311	263	274	397	328	269
AT2G25570	255	199	214	268	292	216
AT2G47680	378	333	332	328	308	280
AT4G04620	276	259	280	391	292	328
AT1G72210	139	141	115	161	167	150
AT5G52210	277	230	251	234	270	263
AT5G04620	448	385	294	318	277	291
AT4G32710	287	215	205	266	252	235
AT1G78170	408	402	404	287	318	254
AT4G01870	87	60	99	179	179	138
AT1G01020	338	218	262	222	257	241
AT5G01470	342	315	301	318	315	273
AT5G11650	375	341	403	347	337	298
AT3G25580	174	176	204	185	183	165
AT5G55550	259	222	248	238	221	229
AT5G64850	47	56	37	92	87	70
AT4G12620	95	152	116	120	120	90
AT1G75190	348	362	337	312	394	276
AT1G78700	187	198	160	244	265	233
AT2G24592	405	309	305	337	342	315
AT2G29590	192	183	195	199	259	205
AT1G22310	279	262	246	319	303	271
AT3G48510	26	23	33	32	31	38
AT3G25210	280	235	250	295	319	257
AT3G46550	234	222	259	241	262	191
AT4G17050	222	170	196	305	280	241
AT1G70900	232	225	200	289	295	334
AT5G01770	293	202	216	253	194	191
AT1G01790	232	153	131	207	153	167
AT1G29910	13	24	15	15	25	10
AT5G35753	304	264	227	283	281	253
AT4G32272	306	215	221	282	304	269
AT2G31340	360	257	311	264	243	267
AT5G53270	77	50	57	469	387	420
AT4G37890	389	412	387	427	470	310
AT3G15840	131	106	80	273	225	218
AT3G03610	172	181	175	200	193	177
AT4G16144	269	233	225	287	257	224
AT2G40570	334	281	293	342	298	308
AT3G13030	250	169	162	273	271	276
AT1G74530	288	263	222	257	318	275
AT2G41770	211	231	256	278	274	218
AT1G75820	119	108	136	213	243	199
AT2G39440	258	285	275	238	286	263
AT3G25805	223	152	182	253	243	260
AT5G03780	529	410	479	348	290	238
AT5G07900	290	286	253	277	294	232
AT1G32150	240	142	173	156	163	192
AT1G17665	342	316	351	375	396	289
AT2G39100	197	157	171	308	322	260
AT5G45170	310	232	215	263	214	210
AT3G43800	101	100	106	80	90	73
AT3G27520	223	229	230	217	254	194
AT3G47070	121	126	106	114	129	80
AT1G05750	369	325	325	361	431	359
AT2G25480	111	89	98	128	148	141
AT4G14290	221	210	222	229	204	185
AT1G78050	456	394	395	342	314	269
AT2G23630	17	13	9	37	67	41
AT2G38470	142	70	105	316	310	227
AT1G32740	316	275	262	318	365	327
AT3G29075	173	193	206	178	184	152
AT1G71190	205	194	199	286	339	286
AT5G59550	170	203	188	167	202	143
AT5G16360	230	180	218	303	314	265
AT5G11950	211	201	179	109	120	134
AT5G58800	88	58	57	100	113	104
AT3G54820	114	98	112	176	172	154
AT4G09760	368	342	382	315	267	279
AT4G18140	353	272	250	254	239	234
AT1G71360	129	112	97	129	157	114
AT2G21280	183	156	162	280	257	261
AT1G29280	65	65	64	35	71	49
AT2G03620	234	200	166	333	279	226
AT1G76760	229	207	211	303	315	258
AT1G62820	289	264	290	191	202	166
AT5G46570	166	153	129	96	154	105
AT3G60080	186	217	235	154	140	128
AT3G14410	298	211	278	249	201	231
AT5G39800	307	331	353	274	281	257
AT2G26310	324	230	222	192	224	190
AT1G55270	295	269	274	300	304	236
AT5G27230	322	316	374	480	385	319
AT2G32480	270	277	214	262	303	237
AT1G65080	377	235	279	463	401	383
AT1G73130	297	279	246	318	323	282
AT1G51100	225	278	260	208	228	178
AT2G43150	20	12	27	0	1	0
AT5G50100	104	110	113	162	155	153
AT4G30390	251	188	218	282	292	197
AT4G35870	247	213	239	316	318	253
AT4G14930	184	203	167	154	193	118
AT5G58575	204	209	175	242	288	247
AT2G23290	216	214	233	172	182	149
AT4G32360	322	236	291	330	286	282
AT5G26980	290	243	230	263	268	270
AT4G14605	250	267	317	280	297	272
AT5G62260	330	282	331	288	329	283
AT2G35030	425	409	332	326	385	303
AT4G20870	178	155	195	171	151	131
AT5G04900	212	130	139	178	153	183
AT5G23850	106	114	109	197	284	152
AT1G09490	244	199	203	196	187	185
AT1G19310	212	237	215	271	287	205
AT4G28020	168	151	169	158	173	172
AT4G19100	275	236	245	274	306	194
AT1G50940	221	180	186	186	230	180
AT1G72990	260	217	192	299	283	304
AT4G31115	85	95	91	186	164	205
AT5G47100	204	207	181	118	146	126
AT2G46320	299	288	280	289	279	277
AT1G12060	125	116	123	192	228	181
AT5G56420	240	257	245	335	314	260
AT1G07240	220	201	218	173	175	147
AT2G07698	23	10	28	220	275	186
AT1G17330	236	232	206	326	267	282
AT2G45340	137	112	118	114	124	110
AT4G15790	302	318	279	196	215	196
AT3G53410	146	158	134	318	303	226
10/31/71	170	106	90	276	232	283
AT3G02340	153	190	151	178	236	182
AT1G10750	526	504	420	439	456	357
AT1G62130	378	181	232	370	229	339
AT3G23020	309	278	305	411	373	307
AT3G54580	0	0	0	0	0	0
AT1G77170	283	253	288	300	324	259
AT5G10610	203	177	210	274	308	251
AT1G03370	244	150	174	265	248	221
AT5G50770	171	92	80	210	154	202
AT1G19180	292	300	290	194	242	174
AT2G25350	225	161	166	277	231	227
AT1G49245	329	349	351	350	412	296
AT1G67590	117	88	89	123	137	107
AT1G73655	152	127	119	138	164	144
AT5G01510	361	202	202	265	243	237
AT5G61480	155	119	146	301	325	273
AT1G71710	292	219	275	361	430	344
AT3G02290	128	110	116	153	168	126
AT3G28130	151	109	95	135	136	118
AT4G09900	185	178	168	289	274	251
AT4G22320	338	358	325	226	258	224
AT1G05600	276	255	288	369	362	275
AT5G13610	406	340	382	282	241	236
AT1G03960	393	230	262	308	206	276
AT4G15730	353	252	303	402	395	331
AT2G39550	292	215	239	236	214	235
AT1G69910	196	239	199	269	318	285
AT1G77250	309	263	250	273	242	221
AT3G06210	181	144	170	280	278	223
AT1G34470	349	256	267	264	251	274
AT5G60400	302	262	271	263	268	264
AT3G21580	257	233	238	336	270	249
AT1G16250	279	261	240	322	297	279
AT4G08470	374	203	218	273	237	273
AT5G02910	209	191	229	256	256	229
AT5G26622	351	236	241	355	250	294
AT4G21210	305	284	240	269	277	204
AT5G13760	288	215	268	193	224	219
AT3G55080	321	210	226	257	241	241
AT1G34160	430	369	384	382	325	335
AT3G56480	161	168	184	234	262	177
AT1G18090	364	281	326	210	195	174
AT4G18750	366	346	342	353	374	283
AT5G17300	207	169	167	141	167	150
AT3G41762	90	109	121	109	92	89
AT5G40540	186	161	172	232	233	230
AT5G42360	312	294	293	333	338	268
AT5G41270	172	221	217	235	247	193
AT3G15520	189	91	105	105	105	116
AT2G33250	167	154	143	211	208	183
AT4G17615	223	235	219	252	257	250
AT3G15352	294	274	285	174	221	149
AT2G35690	178	176	188	233	195	228
AT2G48020	408	296	331	107	99	106
AT4G25720	202	176	203	279	292	272
AT1G75710	184	192	171	165	210	162
AT3G04130	408	363	301	327	346	293
AT2G32840	283	273	245	231	281	239
AT2G44750	391	284	282	376	404	355
AT5G18950	331	310	315	309	302	243
AT1G72700	228	155	175	158	164	147
AT5G43880	251	251	238	283	283	224
AT3G12650	279	300	309	270	326	272
AT3G19590	262	243	208	201	210	170
AT4G04200	362	261	259	267	275	269
AT5G59610	264	248	237	278	289	247
AT2G29420	155	172	151	158	187	158
AT5G19210	316	195	200	275	218	249
AT4G39230	338	302	320	340	353	253
AT2G26340	225	233	189	207	194	196
AT5G28150	272	265	306	278	303	247
AT3G26630	273	258	249	409	383	314
AT5G61370	463	365	389	420	458	342
AT3G30841	212	180	195	254	240	200
AT1G66660	316	372	304	302	318	207
AT5G06450	248	228	209	295	371	277
AT4G28740	91	82	90	198	216	149
AT4G01790	277	276	287	327	428	280
AT4G21870	281	199	259	100	121	121
AT2G41190	30	26	30	15	27	39
AT1G72310	249	315	318	296	338	288
AT3G03580	416	370	347	347	378	332
AT1G17340	242	191	169	229	196	179
AT1G02740	332	274	227	315	294	254
AT4G39510	509	483	464	187	194	182
AT1G50630	72	65	74	70	70	57
AT5G10080	238	129	196	216	176	201
AT5G65550	9	20	17	94	93	82
AT3G48330	293	259	202	225	250	225
AT1G04640	351	313	280	253	251	242
AT1G69440	287	265	246	371	334	240
AT2G45400	162	131	167	309	373	271
AT1G80130	66	64	66	74	60	56
AT5G57030	210	165	177	195	206	164
AT3G60980	267	285	261	150	239	148
AT5G14750	298	282	281	252	272	213
AT3G03090	336	241	256	385	342	296
AT5G45610	343	213	235	309	284	312
AT4G34090	202	160	191	186	171	169
AT5G23405	340	292	290	329	346	303
AT3G50820	194	182	172	228	246	200
AT2G36360	236	196	184	296	210	221
AT1G22750	238	173	170	214	226	206
AT3G57070	212	231	205	228	233	181
AT5G60530	0	1	1	4	0	0
AT5G38220	207	156	171	238	245	204
AT2G46030	247	218	211	240	225	252
AT1G29630	192	139	150	133	133	104
AT1G79110	214	166	146	34	34	32
AT5G09990	85	88	91	272	302	293
AT4G01970	6	9	13	280	244	227
AT4G08455	235	240	234	280	310	238
AT4G23730	350	277	314	316	296	269
AT5G16250	0	0	2	0	0	0
AT5G59480	54	31	58	42	37	34
AT1G16690	255	245	230	250	248	270
AT5G47940	192	198	201	248	237	204
AT4G11320	44	58	54	13	17	9
AT4G30000	265	234	227	279	294	238
AT1G22830	357	329	336	406	390	350
AT2G42240	236	256	297	250	246	251
AT1G17870	366	230	213	315	276	306
AT1G52510	191	131	116	202	184	164
AT4G20090	330	281	260	340	347	352
AT2G03760	45	54	48	70	91	78
AT2G42960	238	190	215	260	262	241
AT1G57600	303	216	267	240	193	220
AT2G25920	211	207	201	260	235	252
AT5G62020	221	197	211	202	252	180
AT3G44690	367	273	289	308	324	250
AT1G08350	167	124	149	149	186	186
AT1G02730	2	2	1	5	1	3
AT3G57910	285	325	294	319	347	239
AT5G18980	292	230	237	331	298	270
AT5G46050	17	15	19	70	67	76
AT3G54363	94	91	87	227	229	215
AT3G15150	381	323	300	362	303	261
AT1G09710	311	262	208	283	273	225
AT1G78770	317	227	266	188	194	190
AT3G46930	283	230	265	344	341	275
AT2G22270	175	196	202	228	284	244
AT1G74520	117	123	160	163	202	137
AT1G69935	210	153	144	241	232	187
AT1G80710	280	283	279	284	257	223
AT1G11710	300	346	339	374	427	318
AT1G29195	445	442	444	324	386	316
AT1G72810	254	262	227	238	262	231
AT4G33495	386	267	318	294	325	244
AT3G26085	165	144	159	254	206	187
AT4G25540	176	189	167	246	252	265
AT1G17090	64	71	58	163	170	134
AT1G30475	298	246	227	312	270	246
AT5G18310	147	151	181	300	354	272
AT5G11690	308	297	248	264	295	249
AT1G65470	164	131	124	123	115	117
AT4G30900	258	167	167	229	200	225
AT5G27710	203	179	193	249	239	206
AT2G15480	18	36	39	42	55	57
AT1G02720	237	188	247	197	223	164
AT1G18670	103	99	84	127	96	118
AT5G16340	158	117	167	230	223	210
AT5G19530	83	85	93	215	251	183
AT2G36830	1	0	2	0	3	1
AT4G33040	357	414	397	94	127	102
AT1G73680	227	184	254	119	121	137
AT1G76890	274	286	293	261	286	255
AT3G07420	141	108	78	155	124	150
AT3G58520	357	308	378	326	367	289
AT5G52910	132	98	114	104	104	100
AT3G03010	287	269	266	223	243	217
AT3G45750	358	275	256	346	342	351
AT5G15010	313	326	331	356	396	298
AT5G52540	132	149	159	124	145	111
AT2G36370	295	157	160	355	208	302
AT1G09740	60	64	73	187	176	188
AT5G50900	294	279	298	254	232	215
AT1G55920	40	74	65	114	122	89
AT5G64470	272	226	253	247	274	209
AT1G68185	253	249	255	259	225	216
AT1G08890	614	406	534	284	283	311
AT1G28640	17	22	16	148	118	120
AT1G76730	210	128	147	145	114	157
AT4G00020	149	91	99	120	98	114
AT2G46610	379	232	268	226	241	233
AT4G14713	240	177	226	274	267	273
AT1G68980	284	297	304	329	337	238
AT4G34160	98	64	58	86	96	76
AT1G22180	189	172	157	262	266	238
AT3G63040	5	6	3	23	26	23
AT5G37630	101	96	101	128	126	107
AT4G08590	161	142	126	159	161	170
AT2G47830	320	187	211	208	178	213
AT4G11410	182	181	154	248	281	280
AT5G16990	209	162	199	234	251	256
AT5G66290	297	258	224	275	294	264
AT5G41460	234	216	244	150	157	171
AT1G80630	252	226	232	273	307	255
AT5G44520	202	173	158	250	247	260
AT1G11905	199	171	204	163	236	179
AT1G74950	325	293	282	257	278	231
AT3G45740	391	298	241	277	253	234
AT4G05120	51	72	74	98	144	94
AT4G11970	353	230	250	276	258	266
AT1G56423	216	179	220	216	236	174
AT2G26600	251	272	269	352	357	292
AT5G19070	182	146	183	200	189	194
AT2G23050	90	115	107	70	106	80
AT4G12980	214	232	256	341	399	339
AT2G26970	298	267	276	311	311	301
AT1G50110	207	236	210	131	144	139
AT4G38480	263	233	289	290	289	220
AT5G64970	211	261	271	206	243	210
AT4G00150	196	165	167	153	174	153
AT5G23490	312	210	241	322	269	317
AT5G52882	577	315	439	23	8	15
AT1G64860	194	142	166	126	126	109
AT5G58980	475	256	296	340	213	323
AT5G57240	201	165	150	190	210	193
AT2G17540	208	188	206	238	273	185
AT4G28706	105	108	112	106	108	119
AT5G49680	189	104	157	175	142	141
AT4G21700	220	194	263	235	261	243
AT1G63460	98	89	108	132	110	100
AT4G33620	269	226	233	363	302	296
AT3G57785	160	201	180	217	231	155
AT2G33580	91	89	85	246	255	212
AT3G18910	289	273	253	288	307	245
AT4G13150	267	137	192	350	288	330
AT5G02120	192	215	206	227	212	187
AT2G13690	182	176	208	228	208	191
AT1G13860	161	153	187	206	163	173
10/31/78	343	307	303	313	366	287
AT3G02070	237	135	164	240	240	262
AT5G65710	211	157	174	314	332	241
AT3G56840	217	206	204	222	246	214
AT3G47630	245	236	220	266	240	262
AT3G57157	249	258	241	289	305	217
AT2G42390	184	205	190	249	320	238
AT1G55510	185	146	130	216	198	213
AT1G80700	289	294	264	282	326	276
AT3G56160	311	120	150	167	141	205
AT4G24715	35	43	38	730	856	634
AT1G52220	221	193	205	172	202	156
AT1G12530	195	164	207	243	207	229
AT3G46820	385	369	385	94	126	108
AT3G60590	230	244	204	277	325	232
AT2G14850	325	331	343	320	359	265
AT4G26240	235	234	263	291	317	244
AT3G49650	263	189	199	214	241	220
AT5G64320	302	315	313	273	277	240
AT5G40710	391	326	321	318	287	256
AT2G16900	182	176	203	170	204	197
AT2G43140	218	202	189	27	34	33
AT1G14040	376	337	329	375	388	304
AT5G12980	232	187	188	149	149	158
AT1G60505	302	164	204	257	184	254
AT2G16400	234	194	223	241	272	213
AT1G55535	202	171	205	233	220	207
AT5G23780	340	332	334	384	374	365
AT5G16870	321	259	291	209	227	220
AT3G10700	211	175	183	180	181	181
AT4G14200	195	154	202	163	155	137
AT4G17900	187	207	240	203	198	171
AT3G20395	133	116	118	288	292	307
AT5G38895	77	59	95	107	144	109
AT3G16720	138	141	144	107	117	117
AT3G26690	50	47	42	162	120	104
AT4G30710	283	239	212	316	340	255
AT2G07170	138	127	115	112	140	110
AT5G65880	245	283	250	206	248	216
AT1G64220	417	480	438	294	382	241
AT5G53020	285	215	244	287	299	268
AT3G57120	234	207	211	221	272	191
AT1G62150	401	344	401	287	346	219
AT5G47650	116	113	105	226	181	216
AT5G10050	197	177	190	236	217	189
AT1G64460	275	254	256	142	250	205
AT4G14465	292	293	308	224	226	182
AT5G03370	228	209	199	221	239	180
AT2G41660	2	2	11	15	17	23
AT3G52490	299	325	280	450	473	352
AT4G02130	46	36	35	34	81	30
AT2G38430	298	313	285	396	354	336
AT2G39675	370	352	315	297	251	253
AT4G15260	281	283	210	307	338	285
AT5G15150	164	153	124	101	113	74
AT2G15440	193	220	201	263	275	212
AT2G13600	475	420	357	378	438	317
AT3G51890	145	134	196	289	259	201
AT4G23330	282	185	212	236	213	235
AT4G00440	172	173	141	209	214	170
AT3G20780	333	248	275	241	223	218
AT1G60790	87	72	82	120	131	111
AT1G74600	335	281	299	334	338	276
AT2G45360	11	14	16	60	96	85
AT5G07590	236	206	253	194	193	174
AT2G46700	290	225	289	264	328	220
AT1G49360	318	246	223	265	237	287
AT2G33320	243	222	221	159	173	153
AT4G28570	147	107	124	119	102	95
AT1G77460	314	161	218	240	225	210
AT5G55630	63	89	77	116	129	102
AT2G13650	228	233	184	261	230	237
AT1G48240	284	319	258	272	246	230
AT4G01650	196	147	153	244	269	233
AT4G17430	327	311	354	262	271	188
AT1G47250	262	246	271	278	237	200
AT5G49450	95	104	109	282	342	247
AT1G47290	200	164	161	160	121	145
AT3G23450	31	33	68	70	59	46
AT4G35740	325	232	270	225	189	226
AT2G13550	300	272	267	373	410	364
AT4G20060	348	252	269	315	320	271
AT3G04950	289	287	230	232	264	206
AT3G55850	268	180	150	295	258	278
AT1G49975	228	195	165	212	240	195
AT2G35550	130	133	123	232	233	200
AT4G36920	251	261	245	140	151	149
AT3G47010	473	330	394	161	148	176
AT1G07700	296	236	193	220	264	234
AT4G21430	321	232	240	218	204	226
AT2G17350	282	211	280	275	311	239
AT1G29690	303	233	245	259	239	232
AT5G27930	232	222	197	114	166	116
AT5G27240	415	278	381	318	358	278
AT5G09800	253	281	289	261	292	232
AT1G58400	311	218	322	322	349	253
AT4G20325	301	311	281	293	255	250
AT1G21480	208	210	244	202	174	216
AT4G04880	281	251	256	261	226	271
AT2G19710	302	286	304	267	277	224
novel.145	296	252	228	283	280	278
AT1G54260	216	181	194	275	233	268
AT3G49350	204	188	164	223	222	170
AT2G18290	301	260	264	289	306	284
AT2G31710	243	208	250	269	283	207
AT5G45260	266	185	223	267	257	205
AT5G05950	231	247	204	223	240	213
AT3G49645	276	223	218	282	212	232
AT1G31760	367	293	299	236	261	221
AT3G14750	211	206	222	253	260	231
AT4G15093	104	85	88	138	167	141
AT4G31360	219	196	205	134	127	112
AT1G78915	241	152	167	285	252	246
AT4G28400	122	139	140	217	245	206
AT3G09040	430	307	350	401	339	349
AT3G55690	466	484	404	257	322	207
AT5G52230	259	204	191	265	221	236
AT5G52410	265	213	223	286	239	220
AT1G03750	284	211	223	257	280	239
AT5G57150	309	218	208	189	192	220
AT4G26965	276	234	274	233	194	214
AT1G59710	169	128	136	155	175	121
AT5G47070	130	109	94	203	217	170
AT1G52890	274	308	301	376	488	289
AT1G08470	204	245	229	258	246	236
AT1G18170	133	115	111	209	204	134
AT1G22040	238	207	218	289	261	187
AT1G55760	398	343	382	69	102	54
AT1G47820	228	219	235	240	310	228
AT1G67530	173	138	125	232	219	181
AT5G49300	225	225	241	258	276	213
AT4G22745	245	280	269	239	252	216
AT2G14100	10	4	11	4	17	12
AT5G08510	302	286	260	326	354	247
AT1G55810	282	242	242	179	189	202
AT2G43250	232	188	236	291	285	239
AT1G68130	281	272	260	279	290	255
AT1G53500	89	107	101	116	162	109
AT5G63490	314	244	257	216	181	186
AT2G36730	318	286	282	380	363	352
AT4G31920	86	87	90	112	129	123
AT3G43580	340	325	279	371	356	341
AT1G71865	195	190	190	197	212	162
AT5G02830	211	172	145	211	196	201
AT3G29400	219	208	204	269	260	218
AT3G58850	261	258	264	257	310	260
AT4G12070	168	132	152	155	197	139
AT4G09550	341	294	353	297	305	260
AT5G61830	244	208	234	262	253	226
AT1G34180	107	105	116	243	239	208
AT1G74940	346	385	347	304	346	300
AT4G31840	1	6	4	10	8	6
AT1G01430	287	267	288	273	273	205
AT5G52970	243	233	180	225	257	227
AT5G13960	369	268	278	161	173	177
AT4G24900	309	202	239	275	213	261
AT1G48040	307	300	348	194	258	203
AT1G78810	251	224	231	243	241	204
AT2G05590	169	168	164	230	176	219
AT3G55005	108	103	100	79	123	93
AT2G37670	200	184	233	142	126	125
AT5G54930	362	338	324	260	342	291
AT4G36540	427	392	433	241	354	278
AT1G74640	220	220	210	245	219	218
AT5G65920	132	167	155	169	181	137
AT5G27610	355	237	273	264	204	193
AT1G21670	38	25	42	129	135	104
AT1G61180	219	154	190	178	134	135
AT5G15802	256	270	251	246	281	228
AT5G25170	253	224	227	203	191	179
10/31/35	186	219	169	253	262	225
AT4G03205	95	53	47	76	40	104
AT5G27680	333	265	266	243	209	216
AT5G59750	456	356	358	332	388	364
AT4G26550	231	218	188	198	253	153
AT2G37920	177	165	161	227	278	191
AT1G03905	59	64	58	150	136	122
AT5G19570	141	188	199	192	212	148
AT2G18245	218	245	202	184	232	210
AT4G28010	314	310	297	288	291	231
AT5G66130	498	407	405	292	260	225
AT3G63450	251	140	164	221	228	186
AT4G12720	186	195	173	203	222	228
AT1G56000	249	240	205	264	405	199
AT2G35450	194	177	167	167	192	152
AT2G02910	193	164	153	188	149	195
AT1G25422	20	34	26	125	153	131
AT2G01330	242	191	201	274	232	185
AT2G39415	452	460	445	325	345	263
AT4G17260	125	104	113	218	251	198
AT3G57320	182	234	213	244	250	239
AT1G23550	139	134	137	343	327	294
AT1G24350	185	210	205	233	238	207
AT2G03667	411	298	291	281	250	270
AT4G32970	274	227	226	221	218	263
AT1G06650	107	116	155	268	297	199
AT5G23280	206	230	197	279	304	219
AT5G47420	363	355	338	130	133	122
AT5G66450	262	224	212	188	201	199
AT3G28950	199	148	181	242	232	187
AT2G22370	254	261	257	228	224	226
AT2G24610	48	19	23	21	36	32
AT4G36840	131	176	140	187	222	195
AT2G02500	167	130	157	156	144	123
AT4G31320	134	197	217	145	166	139
AT5G60190	252	245	223	299	345	236
AT4G33460	240	232	223	211	230	244
AT1G67880	221	239	256	240	259	234
AT3G57390	225	203	226	238	256	219
AT1G44000	274	223	220	170	172	160
AT3G54250	117	115	93	97	107	88
AT5G53920	455	336	311	371	323	302
AT2G47310	287	221	238	245	248	238
AT5G17240	312	259	263	277	236	233
AT1G31770	171	124	100	168	183	188
AT5G56590	245	243	220	294	344	273
AT1G26940	137	135	128	189	191	180
AT4G08480	349	189	226	355	297	299
AT1G63480	403	278	316	248	283	236
AT2G32295	261	153	147	300	281	274
AT1G12940	8	13	4	101	105	52
AT2G32690	240	228	230	195	215	166
AT1G04730	128	72	80	118	97	102
AT3G63210	248	259	224	356	384	294
AT1G77570	266	272	266	285	329	244
AT1G14330	215	193	218	218	219	143
AT5G02410	271	218	218	226	267	267
AT1G25480	193	163	178	197	229	207
AT2G17730	250	250	234	305	302	278
AT4G30240	341	260	302	337	330	275
AT2G19720	298	286	295	272	284	243
AT1G16930	113	103	89	194	169	168
AT1G77360	241	236	234	289	287	265
AT1G24240	185	191	205	197	213	164
AT3G24090	262	240	256	233	231	181
AT1G10050	160	176	187	267	225	180
AT1G79220	223	267	238	365	361	299
AT2G27960	85	88	101	123	137	85
AT5G06280	392	391	351	218	242	229
AT1G73650	120	119	122	180	171	180
AT1G67840	190	137	180	225	178	161
AT5G24010	206	192	195	268	287	197
AT4G38495	257	293	245	299	316	270
AT5G23440	189	227	203	205	271	189
AT5G08020	129	120	148	124	111	91
AT5G13190	211	183	185	221	252	208
AT1G24040	211	208	211	243	230	240
AT1G44780	339	300	299	258	258	201
AT1G50400	482	428	449	353	355	296
AT1G63420	219	145	175	203	157	173
AT2G43235	296	252	236	279	241	242
AT5G14100	322	278	266	269	277	215
AT5G38150	369	211	203	296	206	214
AT1G02660	64	65	54	84	95	99
AT1G72500	53	50	54	45	41	39
AT3G44735	100	113	93	97	108	81
AT1G18060	100	84	98	170	182	154
AT3G44380	317	352	281	253	307	226
AT5G03330	283	264	283	239	243	259
AT3G03870	24	20	26	188	191	147
AT5G17370	335	196	287	305	244	263
AT5G20885	182	194	185	238	257	205
AT3G12100	304	172	165	208	168	203
AT1G20890	135	127	153	196	187	132
AT1G54850	302	317	300	252	330	272
AT5G06811	294	312	323	309	294	243
AT2G14285	228	219	191	246	286	279
AT5G05130	216	221	213	297	282	265
AT3G06590	171	210	189	227	257	212
AT3G21810	304	218	265	239	219	226
AT2G38630	240	234	289	265	287	271
AT1G54150	183	177	176	248	203	196
AT2G43720	323	279	252	297	291	286
AT4G19660	259	229	256	290	320	286
AT2G01090	169	156	153	212	241	180
AT1G79670	184	154	172	254	242	208
AT1G18440	282	210	225	193	184	199
AT2G42330	355	168	154	332	212	281
AT1G08770	218	209	200	256	310	197
AT5G53220	110	79	79	184	193	136
AT2G38900	1	3	5	18	17	12
AT2G23910	149	123	153	88	84	83
AT1G34270	169	173	158	210	237	196
AT3G18280	74	42	59	198	175	136
AT5G47900	543	333	406	366	311	327
AT1G35560	282	295	232	282	337	267
AT4G22590	95	86	76	176	213	136
AT4G39740	335	336	327	302	329	239
AT2G38010	203	172	206	256	271	202
AT4G27595	197	191	200	226	211	170
AT4G00840	234	222	216	265	259	247
AT5G53500	210	137	150	169	268	165
AT3G27000	217	194	197	217	245	186
AT5G63135	159	188	192	283	250	205
AT3G13310	180	185	189	226	305	270
AT5G06000	335	356	315	259	267	215
AT4G25840	296	288	284	213	242	181
AT2G45040	3	6	5	42	33	36
AT5G27630	273	207	186	248	206	269
AT4G14100	123	112	115	201	234	216
AT3G24030	156	140	174	156	160	171
AT1G76130	64	68	55	121	120	100
AT5G41870	205	172	175	187	192	203
AT2G28060	307	345	333	256	276	216
AT3G06180	182	191	192	203	253	176
AT1G05780	134	129	146	219	226	195
AT5G57130	313	257	276	432	423	294
AT1G25375	181	173	193	181	202	147
AT5G66600	295	232	243	302	253	258
AT3G09150	114	80	100	145	158	141
AT1G54210	184	165	167	234	211	264
AT4G30870	227	195	156	231	228	191
AT4G21880	375	247	298	279	271	260
AT1G79840	208	176	185	189	199	192
AT5G39790	368	241	278	218	202	221
AT3G63370	337	259	241	301	309	243
AT1G78540	209	156	177	268	225	223
AT5G61950	513	265	350	374	272	347
AT5G43050	187	193	212	218	226	188
AT4G18230	277	244	225	269	259	231
AT3G01410	359	348	310	210	226	152
AT1G05230	304	175	240	246	232	240
AT1G52280	133	111	124	106	122	85
AT5G17810	293	246	207	214	199	189
AT3G61570	257	168	163	268	189	216
AT2G20410	236	177	219	328	274	234
AT3G62970	335	242	296	243	248	235
AT2G18980	0	7	1	3	1	3
AT4G35440	300	180	205	238	218	231
AT1G13410	346	327	354	370	415	272
AT2G44920	162	153	154	186	198	182
AT1G76690	29	17	24	8	17	8
AT5G49230	316	232	206	247	255	246
AT5G41100	189	201	181	235	221	242
AT5G52110	285	275	215	281	280	203
AT2G41490	240	234	208	147	131	155
AT1G53390	251	203	213	174	181	170
AT2G41040	180	158	170	249	238	213
AT1G14140	201	179	182	154	157	161
AT5G09350	244	162	169	207	175	153
AT5G35735	198	213	242	195	232	175
AT1G52260	207	164	203	292	286	207
AT5G65830	285	266	318	255	355	245
AT1G66520	327	275	271	209	223	219
AT2G30910	206	165	171	185	149	209
AT5G42070	94	97	89	148	163	134
AT5G25480	335	292	322	282	296	255
AT3G55730	241	218	232	181	265	184
AT5G65300	322	405	397	337	294	221
AT1G62880	252	228	229	261	314	218
AT1G60060	252	192	223	260	239	277
AT5G43990	296	222	241	249	283	259
AT5G39080	206	246	246	132	143	131
AT5G02150	243	245	263	326	339	252
AT1G69030	91	100	97	87	69	73
AT5G41330	206	159	166	237	220	178
AT1G10610	223	125	138	310	248	280
AT1G30540	168	145	174	220	245	209
AT1G10470	87	70	73	80	77	113
AT4G08035	304	124	135	157	105	186
AT3G02460	301	263	262	274	230	221
AT3G17120	175	165	184	192	226	186
AT4G30820	267	191	226	236	227	240
AT1G06645	94	73	71	183	195	190
AT2G21630	278	226	247	258	229	264
AT4G39370	252	227	233	244	215	223
AT3G04970	201	165	183	237	202	247
AT5G17060	182	193	197	224	221	204
AT5G57890	184	215	157	130	130	160
AT5G54855	172	142	151	235	266	226
AT1G70740	220	189	188	242	216	215
AT5G66910	200	156	159	286	237	247
AT1G12370	65	55	74	82	78	81
AT4G25900	76	71	65	18	24	22
AT2G39900	16	9	32	18	21	14
AT1G22430	87	55	65	50	55	60
AT1G30320	118	94	107	162	131	113
AT3G03210	207	177	198	217	264	214
AT5G06570	125	150	136	339	417	349
AT3G60400	302	237	250	239	249	227
AT4G12080	221	242	213	173	188	170
AT1G05785	157	145	136	234	277	204
AT4G15950	261	202	190	213	254	228
AT1G07650	188	123	158	160	159	197
AT5G50110	226	199	196	275	253	217
AT1G63300	184	139	143	244	249	211
AT1G52080	205	163	132	215	211	183
AT1G64180	125	105	116	215	298	190
AT1G72470	118	73	90	92	122	89
AT1G71696	157	135	126	114	115	114
AT3G13404	214	144	175	194	309	253
AT3G50630	184	125	146	56	50	51
AT2G36630	231	165	210	158	174	149
AT4G10130	259	298	293	291	296	239
AT4G10360	250	237	235	197	237	191
AT3G22430	213	161	208	250	254	220
AT2G27970	44	49	39	36	42	45
AT4G19185	237	163	176	230	248	180
AT2G32380	62	50	64	44	45	50
AT2G18465	292	285	261	200	228	201
AT3G22180	329	261	301	292	269	261
AT2G40690	221	159	172	191	149	180
AT4G15955	174	140	160	127	165	114
AT3G49300	7	19	19	64	60	58
AT5G05760	151	158	146	164	126	141
AT3G53380	168	175	166	207	233	161
AT5G16810	158	131	145	224	196	202
AT3G47940	183	250	193	185	209	155
AT1G22540	240	216	236	230	272	213
AT3G22370	129	125	159	166	159	92
AT3G63290	268	332	244	209	297	201
AT4G39540	267	177	214	166	143	172
AT5G63480	274	240	242	273	240	237
AT2G25880	59	63	56	97	78	93
AT1G65950	321	153	173	185	156	189
AT3G46630	219	218	181	281	259	186
AT3G05640	49	46	49	78	78	79
AT1G53770	163	147	184	195	252	176
AT4G27620	351	268	265	231	260	205
AT4G30280	20	19	34	128	122	93
AT1G02270	211	169	181	220	216	183
AT5G59590	271	257	299	443	513	362
AT2G04955	304	297	267	209	314	272
AT1G06510	175	156	151	278	274	238
AT5G28530	258	198	221	246	253	211
AT3G27100	205	187	201	277	246	221
AT3G49570	207	243	234	406	563	468
AT4G14520	266	246	214	303	332	278
AT5G60050	234	248	232	262	298	216
AT2G30020	132	117	152	204	185	121
AT1G32760	195	225	179	266	282	237
AT5G37930	238	152	181	198	188	174
AT3G47300	148	144	171	199	240	183
AT3G56770	34	20	23	80	85	45
AT1G28380	171	119	136	249	242	191
AT5G57910	176	171	172	185	213	237
AT1G17270	192	157	206	261	257	213
AT4G17440	252	241	209	328	358	272
AT5G37340	216	164	156	243	150	236
AT3G05870	309	249	256	286	331	244
AT5G29000	195	159	152	249	278	256
AT2G04965	252	286	228	254	288	231
AT2G44460	129	98	128	214	205	198
AT4G27840	171	165	142	178	186	141
AT1G67210	338	332	322	311	310	280
AT4G19870	213	157	163	188	186	232
AT5G61930	276	270	274	356	365	270
AT2G40480	227	177	248	272	289	285
AT1G01630	58	66	62	61	78	61
AT1G60545	276	186	187	247	254	221
AT1G27200	158	178	176	151	222	160
AT2G17140	363	284	303	307	303	303
AT1G29785	190	231	226	171	239	164
AT5G04470	234	239	257	225	233	191
AT4G12760	313	164	198	190	186	213
AT2G41080	243	245	300	327	310	273
AT5G37480	139	148	134	149	149	122
AT2G01510	399	308	335	347	351	298
AT5G55740	136	136	147	232	285	171
AT5G43190	142	162	181	264	286	209
AT1G06515	242	221	214	210	248	205
AT3G23370	414	347	395	317	264	252
AT3G16570	95	95	108	101	111	100
AT1G67960	227	196	189	217	181	183
AT5G52780	101	80	74	190	259	184
AT3G05020	139	137	115	84	107	75
AT5G20630	0	0	0	0	0	0
AT2G28200	363	390	378	104	104	94
AT2G43280	274	322	278	254	309	215
AT4G18660	73	77	84	215	207	168
AT5G64460	194	185	184	156	168	160
AT1G11170	188	109	141	303	250	305
AT1G56310	322	251	291	276	299	213
AT5G14710	235	231	237	218	251	222
AT3G12520	180	96	109	262	242	278
AT1G14590	117	115	122	242	290	235
AT4G08690	53	47	60	62	47	49
AT5G15820	187	210	213	202	219	159
AT4G13070	268	260	242	262	269	255
AT1G45110	327	287	258	263	246	197
AT1G02290	208	211	225	244	236	206
AT1G67850	92	88	83	159	168	140
AT2G15128	223	246	252	216	209	159
AT5G09960	275	299	235	220	242	207
AT5G66050	270	199	228	189	157	159
AT5G48730	167	163	184	245	252	215
AT2G38420	229	206	242	213	230	213
AT5G14285	198	223	211	259	228	213
AT2G36895	50	36	51	123	89	82
AT1G60660	276	275	315	132	161	131
AT3G06910	315	211	222	244	260	250
AT5G38360	193	189	147	218	155	176
AT5G40610	150	109	158	92	103	78
AT1G64580	265	251	280	211	275	190
AT4G36790	142	143	134	239	262	229
AT2G25060	0	0	0	0	0	0
AT1G31360	256	166	164	167	137	148
AT3G07290	363	303	303	278	328	259
AT4G15800	182	179	202	152	191	172
AT3G25440	195	194	227	202	241	194
AT5G03555	77	50	51	93	83	96
AT5G15460	149	122	107	204	204	217
AT5G59410	233	241	266	228	241	158
AT5G55840	277	194	195	305	258	243
AT2G17570	157	128	152	195	191	150
AT1G80240	0	0	1	190	211	165
AT5G64620	40	50	60	35	51	60
AT1G24280	227	160	217	104	98	97
AT1G26230	195	122	96	182	172	166
AT4G30700	263	288	266	226	297	194
AT5G26960	173	234	193	271	272	234
AT2G31010	104	78	74	94	83	87
AT3G50780	183	136	159	167	171	120
AT1G11600	1	1	1	1	7	2
AT1G64065	2	1	6	28	13	17
AT2G42670	229	217	260	198	228	183
AT1G31940	251	226	244	243	230	196
AT1G59540	236	263	246	195	228	176
AT3G07530	323	186	199	298	247	254
AT1G32730	209	256	245	233	268	186
AT1G53025	286	250	290	308	310	211
AT3G07210	217	174	183	185	177	173
AT1G21350	181	122	129	122	120	170
AT3G20170	195	201	196	210	211	167
AT1G16670	179	132	142	218	200	218
AT1G12500	212	172	168	119	134	117
AT3G24810	265	256	278	221	198	170
AT4G32175	366	261	286	248	226	237
AT1G26130	241	140	192	291	255	240
AT1G76540	53	42	44	38	53	33
AT5G18920	329	341	314	226	272	229
AT3G24840	127	79	93	99	95	105
AT3G05580	267	231	221	204	226	230
AT3G06150	169	152	128	182	198	156
AT4G35880	204	118	170	154	160	127
AT2G41110	74	76	69	72	126	62
AT2G33620	272	243	233	203	233	175
AT4G23590	8	10	11	18	13	13
AT3G55720	168	169	194	493	487	430
AT3G02250	87	82	87	104	102	98
AT1G49840	320	295	294	257	270	281
AT4G28070	182	197	174	200	186	224
AT3G05700	241	201	221	215	205	157
AT2G32650	208	205	213	279	326	255
AT4G30610	157	168	161	89	88	81
AT1G08845	299	352	283	204	268	189
AT3G17365	133	141	137	247	209	181
AT4G36400	134	125	107	245	230	204
AT2G37170	94	122	89	21	29	33
AT5G08710	165	94	77	126	102	121
AT4G11660	231	165	169	157	180	172
AT2G44990	9	5	11	103	67	63
AT2G26810	311	207	250	218	180	202
AT1G64500	36	28	33	63	85	66
AT5G05810	371	390	405	181	194	172
AT1G76720	450	199	201	340	181	336
AT5G04070	289	238	271	248	278	264
AT2G43340	155	119	117	87	93	88
AT5G37670	38	39	24	77	99	74
AT3G17360	179	93	123	79	43	71
AT2G42320	77	67	87	73	65	65
AT2G30480	220	163	165	224	189	213
AT1G22170	172	176	170	53	64	57
AT1G30110	22	28	29	66	57	56
AT4G20030	177	191	175	226	260	189
AT2G37240	222	228	242	168	213	188
AT1G28390	124	109	118	144	162	111
AT1G73320	301	244	251	246	206	255
AT4G19890	274	242	285	330	315	245
AT1G80890	194	209	211	255	243	189
AT2G24520	228	130	162	239	190	188
AT3G05140	77	55	75	161	200	209
AT2G18780	298	311	315	350	327	252
AT1G76185	204	191	172	211	276	175
AT1G18030	261	218	183	263	248	255
AT5G52330	311	253	313	373	360	321
AT3G60870	264	311	250	226	287	203
AT4G26555	254	126	149	196	214	240
AT2G37975	228	219	220	169	180	151
AT4G15130	158	118	127	182	200	146
AT4G19990	250	172	206	287	228	250
AT5G52950	76	76	83	101	113	107
AT4G14770	28	22	27	38	82	48
AT5G07810	322	233	262	205	157	154
AT2G33170	232	148	168	208	218	160
AT2G40820	120	85	106	185	153	152
AT4G04925	135	165	135	168	172	140
AT1G68930	428	321	343	357	318	313
AT3G16410	3	7	2	5	1	3
AT1G11420	337	347	334	294	267	247
AT4G18570	84	93	72	85	77	82
AT3G56240	3	1	0	37	31	25
AT2G26030	243	151	185	197	204	230
AT1G15870	339	320	357	299	329	277
AT1G05730	323	360	391	270	301	257
AT3G13800	213	168	119	191	178	165
AT2G29900	149	191	213	182	210	160
AT2G30580	305	240	284	210	156	148
AT5G09260	279	188	242	251	242	176
AT5G15410	248	213	222	178	196	173
AT5G02630	250	223	255	247	256	231
AT2G47010	6	20	11	27	28	41
AT5G06180	215	200	208	240	240	234
AT1G09687	236	235	165	239	337	261
AT5G61300	151	133	161	145	109	121
AT2G26270	264	207	202	232	220	199
AT3G11210	87	61	89	75	78	102
AT4G16770	153	149	179	183	205	163
AT5G05240	201	220	185	185	174	166
AT2G20680	141	150	124	114	102	101
AT4G10170	240	242	235	285	336	282
AT1G47720	286	287	263	267	282	296
AT3G09800	116	106	133	123	113	96
AT5G44510	222	137	145	193	134	186
AT3G03360	259	164	184	288	247	266
AT5G40382	17	18	25	48	51	52
AT3G25710	324	294	274	307	362	233
AT4G10030	135	124	149	137	147	132
AT1G51360	122	120	106	159	189	154
AT4G24510	36	41	59	17	24	16
AT2G22560	155	95	137	159	130	141
AT5G06410	206	218	204	200	188	191
AT3G53850	232	241	211	248	274	194
AT3G28450	180	170	213	301	277	247
AT1G18335	190	157	139	157	154	135
AT5G48545	299	210	170	238	221	264
AT1G51390	229	213	226	216	248	191
AT2G38180	216	202	242	206	239	221
AT5G26731	372	404	409	275	306	243
AT5G42900	45	45	49	129	149	120
AT2G20210	332	213	229	274	280	284
AT1G27030	76	75	76	43	43	36
AT3G47460	101	51	71	65	55	61
AT2G23340	86	127	111	152	134	137
AT5G64480	190	179	179	233	192	157
AT3G20080	165	125	125	227	195	191
AT5G48040	260	268	243	283	290	273
AT2G35350	221	203	213	219	268	225
AT2G24630	177	177	173	228	259	187
AT1G14970	235	109	147	128	96	151
AT4G22540	164	109	137	81	104	94
AT2G45830	402	348	361	110	106	126
AT4G08930	251	217	281	168	152	132
AT1G06440	347	305	316	321	340	257
AT5G13830	346	277	302	271	275	287
AT5G51380	124	119	116	205	200	143
AT1G17920	186	165	173	159	164	143
AT5G52880	213	189	200	217	216	229
AT3G54910	318	145	156	173	151	277
AT1G11960	170	164	183	190	175	146
AT2G38780	218	141	135	197	153	208
AT4G16060	104	91	82	147	154	115
AT4G30550	94	87	115	78	91	78
AT5G27920	31	41	30	65	61	56
AT2G43040	189	188	162	117	139	88
AT1G32370	258	198	171	219	223	205
AT3G53750	216	241	250	159	127	107
AT1G72120	27	67	46	79	52	55
AT4G37630	192	200	246	209	195	167
AT1G21060	197	156	138	238	184	204
AT2G48030	157	129	113	119	137	105
AT3G54030	106	105	122	195	201	151
AT5G10140	120	102	99	268	260	191
AT4G09640	268	209	225	223	213	197
AT5G63800	70	46	50	18	18	19
AT1G29750	145	64	104	129	96	92
AT5G54630	266	233	261	291	294	219
AT3G53680	309	203	239	193	173	161
AT1G60000	130	165	153	216	264	206
AT4G28820	283	266	286	262	276	233
AT2G03280	183	125	119	142	137	155
AT1G17780	167	130	147	227	241	213
AT5G15025	335	349	351	264	318	246
AT4G22910	89	110	103	65	67	65
AT4G34419	236	231	230	217	250	218
AT1G14460	135	115	106	96	89	86
AT1G30300	235	171	161	184	143	165
AT4G14050	321	339	305	261	324	303
AT5G51630	182	125	159	241	196	201
AT4G19450	286	231	264	109	148	113
AT2G31650	138	95	124	141	141	138
AT2G42290	139	133	158	186	203	166
AT3G11240	240	153	166	234	187	195
AT1G61960	270	299	298	290	289	202
AT5G19080	162	141	143	224	196	168
AT4G34215	199	151	169	112	161	129
AT3G47780	56	43	65	171	115	113
AT5G22210	186	169	158	201	206	186
AT1G80190	219	185	142	178	175	200
AT3G55350	212	228	220	187	150	136
AT5G56340	247	187	192	237	252	186
AT1G51680	21	25	25	29	21	30
AT5G59740	183	163	156	207	205	213
novel.101	275	216	248	227	212	167
AT5G08600	299	255	218	369	256	233
AT5G51690	250	209	227	260	242	207
AT4G02405	207	177	183	242	243	206
AT2G39910	324	239	238	261	203	213
AT4G31980	237	203	206	186	233	196
AT5G65450	380	233	257	173	193	183
AT4G35250	99	125	83	103	112	110
AT3G27050	211	194	189	204	241	199
AT4G18372	238	237	232	215	211	176
AT4G22810	78	71	87	128	194	129
AT3G53920	190	143	165	280	187	232
AT3G02210	193	175	150	164	172	135
AT1G75120	343	179	218	246	232	303
AT1G70230	100	128	105	97	139	79
AT1G68690	114	61	70	174	158	140
AT1G78960	231	156	169	238	188	259
AT1G71230	116	129	126	122	129	118
AT1G62580	644	421	450	74	74	76
AT1G49780	193	223	174	269	262	212
AT3G56960	401	240	265	312	283	322
AT1G11000	226	178	203	187	163	171
AT2G39725	217	213	221	201	190	191
AT1G67570	156	153	176	218	231	188
AT3G25010	263	132	185	273	244	240
AT4G37670	311	258	294	307	314	241
AT3G15115	198	172	167	151	238	163
AT3G20280	219	267	246	251	221	199
AT1G20816	195	218	191	239	250	226
AT1G50970	320	173	163	262	197	242
AT5G43790	318	254	268	248	288	187
AT2G21710	284	237	234	294	275	267
AT1G73500	205	189	252	140	143	124
AT3G14150	147	104	128	233	237	252
AT1G27100	180	203	192	272	287	210
AT5G16420	286	285	281	314	315	257
AT5G40390	33	35	26	27	42	45
AT4G28310	121	111	96	112	120	84
10/31/64	229	258	232	158	181	158
AT1G55320	60	47	64	100	105	122
AT1G72010	213	219	198	187	252	172
AT5G38510	181	145	145	182	200	184
AT5G56660	194	191	199	161	205	153
AT3G49660	271	293	299	252	242	154
AT4G13650	320	248	255	298	312	257
AT5G39360	261	249	230	274	334	186
AT1G19710	57	59	58	105	96	92
AT1G29800	221	177	182	195	179	196
AT1G61430	320	211	242	235	217	234
AT5G16450	45	35	50	96	103	63
AT2G21590	32	26	28	37	42	47
AT2G29910	252	132	193	220	191	193
AT1G76260	140	121	102	106	105	84
AT1G57700	247	158	207	160	169	140
AT4G04960	146	101	120	255	246	188
AT5G23210	144	142	164	32	45	35
AT1G10730	199	199	186	266	229	235
AT3G10260	142	114	136	128	120	130
AT2G22970	8	0	2	24	24	18
AT1G06240	184	180	185	227	213	178
AT3G43440	145	169	147	212	229	187
AT5G06810	257	260	287	247	283	196
AT5G12930	99	79	68	75	88	63
AT1G22910	176	164	201	223	177	179
AT4G17085	245	259	238	233	201	198
AT5G17430	339	321	286	313	285	258
AT1G55180	223	203	171	196	191	210
AT3G27610	180	74	101	166	159	159
AT1G01860	227	132	184	210	177	210
AT2G41210	226	113	122	201	142	153
AT4G34600	223	177	183	18	10	23
AT3G49250	203	220	207	140	148	133
AT4G01710	210	185	174	237	244	221
AT4G13420	67	70	91	760	638	540
AT4G26140	365	219	239	258	222	270
AT4G30510	213	169	182	221	223	232
AT3G19000	178	155	162	337	323	291
AT3G50750	334	354	318	257	375	281
AT5G66480	172	161	133	539	505	492
AT1G59960	112	114	113	137	193	151
AT5G49645	190	194	197	383	395	352
AT3G17890	191	218	176	266	319	234
AT5G08010	172	177	178	185	235	166
AT4G10400	326	285	280	223	245	247
AT1G76070	8	14	9	33	52	24
AT2G43370	207	164	182	247	245	280
AT5G15760	192	216	182	251	261	218
AT1G01360	117	117	109	119	168	109
AT1G11755	223	164	220	247	227	238
AT1G08960	214	184	173	170	132	134
AT1G61500	371	193	191	296	241	337
AT1G11120	260	230	285	280	278	256
AT1G19230	173	147	207	249	262	239
AT4G33270	9	1	6	4	7	1
AT4G10140	182	198	199	184	198	183
AT1G67950	186	157	170	140	188	144
AT5G44370	155	167	177	137	168	130
AT2G38970	151	101	117	144	172	146
AT2G17270	292	261	212	229	263	230
AT2G41370	293	267	224	348	416	317
AT1G18485	209	147	171	244	252	218
AT5G20230	95	126	134	509	519	486
AT2G29970	234	193	226	266	264	234
AT3G54080	178	177	213	227	247	196
AT3G62080	215	141	173	190	152	150
AT1G68640	414	354	314	217	245	259
AT5G45760	293	165	194	185	185	206
AT1G06740	392	321	351	327	291	232
AT4G05450	319	242	261	198	195	193
AT1G65032	236	247	251	286	278	236
AT5G11460	144	123	157	153	157	135
AT5G16140	139	139	121	155	119	124
AT3G29760	182	136	157	127	132	121
AT3G54180	20	12	15	26	22	15
AT4G17910	179	127	135	174	139	173
AT3G10190	61	77	47	48	53	39
AT1G61360	317	215	224	325	278	284
AT2G41340	150	117	108	211	165	162
AT5G41650	324	315	322	310	330	260
AT5G58600	155	150	136	81	97	108
AT4G00520	250	219	227	256	226	201
AT5G14140	220	256	230	250	250	190
AT2G39660	87	88	81	169	147	119
AT3G47590	80	68	78	49	79	60
AT5G61490	100	95	111	134	105	124
AT2G45920	249	131	164	256	175	296
AT1G02860	259	261	265	166	169	157
AT1G03130	66	42	49	86	95	71
AT1G03260	192	164	174	155	183	159
AT5G24120	37	28	32	31	27	28
AT5G39785	281	256	211	265	229	227
AT5G64410	50	53	74	202	226	190
AT5G10460	178	179	185	169	205	164
AT5G20140	240	187	170	222	214	220
AT2G25810	0	6	2	1	0	0
AT3G57060	117	85	113	99	80	73
AT3G59870	169	183	195	206	177	167
AT4G22217	0	0	0	0	0	0
AT4G16230	216	206	204	101	102	116
AT4G18760	174	154	151	170	210	163
AT5G54520	142	141	128	205	188	191
AT3G60440	94	63	100	92	74	61
AT4G04790	330	207	241	315	247	258
AT5G44150	171	133	169	209	191	144
AT1G29060	177	222	212	179	174	154
AT5G22630	104	107	118	214	283	167
AT4G28550	106	78	74	188	162	140
AT2G25450	0	0	1	1	0	1
AT3G12550	216	159	183	179	129	164
AT3G58010	139	136	114	217	189	183
AT4G00200	289	260	283	280	302	219
AT5G55820	98	79	97	114	91	66
AT5G66960	342	219	249	291	280	258
AT2G15580	241	196	240	174	150	113
AT4G39550	196	190	189	267	325	269
AT5G10750	200	217	221	166	183	161
AT1G15820	13	19	4	16	10	14
AT3G10630	229	203	220	183	210	176
AT5G06250	303	242	207	164	178	122
AT1G20810	224	134	191	246	193	194
AT3G18350	162	127	168	187	174	177
AT3G47860	44	43	58	49	49	27
AT2G43190	284	218	253	233	242	253
AT1G11410	380	333	361	152	158	132
AT5G25210	179	191	172	251	302	255
AT5G61040	246	203	216	223	253	180
AT2G34360	54	38	40	166	169	145
AT1G73110	187	151	151	107	109	113
AT5G40720	86	83	101	300	296	249
ATMG00090	46	48	30	207	185	133
AT4G32560	174	182	152	233	204	147
AT3G24770	213	223	225	206	193	167
AT3G56570	286	271	224	245	221	222
AT3G62590	93	71	83	131	118	99
AT3G14910	182	183	182	200	199	181
AT3G58430	339	225	214	308	304	311
AT1G22590	254	231	224	214	275	178
AT1G09800	283	245	232	180	185	203
AT3G13880	357	324	268	292	306	239
AT2G46290	182	184	198	127	114	110
AT5G61670	223	214	208	120	169	151
AT3G21360	125	132	125	177	191	175
AT3G45400	237	198	219	252	245	212
AT4G24060	273	248	218	315	302	290
AT3G53220	300	343	372	235	259	215
AT4G18950	180	170	217	223	214	206
AT3G29280	207	188	182	179	185	170
AT5G18070	98	112	115	151	165	107
AT2G33820	255	189	184	182	214	212
AT2G41000	132	115	124	191	161	144
AT4G29540	340	280	259	308	306	238
AT1G62610	172	106	128	166	142	157
AT2G26870	237	240	262	271	244	220
AT2G40780	317	294	249	244	249	188
AT2G46250	236	183	172	301	304	249
AT3G03690	138	151	124	118	135	137
AT3G54200	120	135	124	178	185	144
AT3G43960	63	59	93	24	17	11
AT2G41640	156	119	138	277	294	203
AT4G34750	268	292	284	226	303	207
AT3G51940	136	134	124	181	193	169
AT4G13990	113	90	121	143	194	129
AT4G34760	322	312	287	155	241	144
AT1G51370	158	147	155	213	202	166
AT5G07680	263	219	240	24	22	27
AT5G56790	244	195	229	246	230	205
AT1G10000	208	236	199	300	330	280
AT5G63780	144	123	123	103	130	99
AT3G01980	101	96	95	97	109	112
AT3G08980	274	286	252	176	190	223
AT5G17660	226	173	146	157	164	149
AT3G08800	262	198	233	225	207	186
AT3G56330	257	223	220	172	197	159
AT1G44890	267	249	255	246	278	220
AT1G28710	497	245	235	276	209	318
AT5G15710	219	236	184	245	267	194
AT1G16480	362	276	248	282	224	193
AT4G35500	145	155	163	202	196	159
AT4G03935	278	173	200	219	182	230
AT3G57580	202	215	184	234	260	207
AT2G19280	263	160	178	237	237	209
AT1G25530	559	374	632	42	41	51
AT4G02750	254	269	277	301	375	241
AT4G21510	315	329	318	226	296	263
AT1G72130	108	95	128	101	78	118
AT4G09560	266	228	226	274	296	231
AT3G28760	213	197	179	168	145	131
AT4G29440	221	180	170	274	244	184
AT3G10660	19	17	13	18	14	10
AT5G02890	164	156	156	157	180	147
AT5G06190	312	297	355	262	281	217
AT1G32940	257	181	174	243	211	280
AT2G03060	321	244	252	211	221	210
AT5G65120	292	288	248	235	174	187
AT4G23490	131	113	138	121	144	100
AT4G24960	26	39	37	46	59	37
AT1G08400	223	217	193	238	254	177
AT1G18690	260	177	209	205	202	170
AT3G17630	218	178	171	290	268	275
AT5G16860	326	292	251	277	272	204
AT3G28370	244	170	223	236	202	211
AT2G29065	121	162	127	204	204	186
AT3G05010	157	116	146	131	123	129
AT1G31650	72	79	70	58	102	79
AT1G19480	169	168	141	186	211	174
AT4G02195	210	170	166	229	178	197
AT1G04930	256	247	258	244	232	172
AT2G43940	192	186	186	190	186	174
AT2G17780	73	79	80	127	129	105
AT3G05250	207	139	147	186	188	169
AT4G07960	84	87	104	56	42	65
AT4G24810	186	125	120	216	217	204
AT5G64510	314	250	317	105	131	105
AT4G19540	165	188	130	179	207	148
AT3G05160	204	114	166	352	302	332
AT3G61560	93	92	76	69	86	61
AT1G76440	130	154	131	218	214	235
AT3G24730	108	119	112	154	213	185
AT5G38050	240	226	207	275	243	224
AT1G79430	220	182	217	303	438	289
AT3G14530	12	11	10	25	22	23
AT3G45590	200	168	185	243	222	220
AT3G45230	263	234	246	169	191	151
AT5G60930	30	30	37	23	25	18
AT3G09580	226	240	211	175	220	159
AT5G62560	113	115	118	182	172	152
AT5G63080	218	144	120	148	141	187
AT5G67640	300	195	217	290	274	233
AT1G04280	118	169	129	279	215	240
AT1G04973	409	219	219	404	338	386
AT5G17170	164	162	147	55	61	35
10/31/81	200	185	222	312	289	257
AT4G17750	239	170	202	225	243	204
AT1G20460	147	106	155	177	277	187
AT1G71060	205	270	303	319	301	288
AT2G27760	213	177	206	188	189	155
AT1G27880	192	150	163	172	155	135
AT2G05210	201	118	133	160	157	156
AT3G25780	16	18	24	66	54	61
AT1G73670	124	96	118	155	128	141
AT1G17790	231	223	217	188	271	181
AT2G47220	264	184	180	244	191	226
AT4G25515	215	163	175	247	198	201
AT3G50790	100	118	116	133	145	119
AT4G16700	319	289	298	245	274	250
AT5G19460	238	187	170	193	183	207
AT4G16890	192	190	170	237	226	171
AT4G11100	113	88	111	103	118	97
AT5G03530	133	124	154	139	98	119
AT3G51150	195	157	171	183	166	126
AT4G25120	245	142	190	166	144	163
AT5G43730	263	207	174	178	170	195
AT3G26680	236	221	209	224	242	201
AT1G48480	46	45	45	27	41	39
AT2G13790	267	151	147	278	248	284
AT3G61890	55	74	45	25	26	39
AT3G12940	188	162	142	212	181	157
AT4G24390	223	256	254	276	270	199
AT5G40400	255	228	211	264	278	225
AT3G27880	177	145	156	161	174	122
AT1G50055	290	253	260	224	256	235
AT1G69680	216	228	227	199	193	173
AT4G03110	241	181	192	167	150	111
AT4G18300	204	188	158	268	219	144
AT5G16690	149	128	141	160	106	104
AT4G37380	297	232	247	249	272	266
10/31/94	172	150	125	381	362	303
AT4G23400	109	100	150	211	232	184
AT1G49170	153	143	173	211	234	165
AT5G37570	339	314	246	276	274	219
AT3G14070	140	174	188	271	284	210
AT2G32410	252	264	243	188	178	166
AT1G07440	49	67	82	128	152	131
AT3G27750	202	156	182	194	208	172
AT5G03210	2	6	4	19	17	17
AT5G09995	123	123	118	77	102	79
AT3G02640	0	0	0	1	0	0
AT3G45020	202	239	252	269	214	181
AT2G46530	434	339	417	113	137	123
AT3G59520	231	189	210	176	219	161
AT1G34640	188	177	202	170	164	115
AT2G25220	247	222	215	193	188	212
AT4G00760	321	140	175	231	152	194
AT5G14960	194	173	197	195	193	145
AT3G16010	230	235	245	248	300	198
AT2G31600	189	161	193	273	292	230
AT3G01810	111	89	90	89	110	95
AT1G04310	110	112	97	190	164	155
AT4G31890	129	123	141	140	151	118
AT2G36840	182	122	150	214	199	167
AT2G17525	325	184	268	309	200	268
AT3G16100	149	139	171	62	79	55
AT4G35905	208	211	194	165	224	157
AT5G19030	183	175	161	222	215	214
AT5G42350	201	207	176	192	181	137
AT2G23760	198	185	179	275	246	217
AT3G50685	86	87	74	98	102	82
AT5G01630	73	43	63	85	86	74
AT3G60180	220	200	181	212	251	219
AT2G14825	135	124	147	231	202	154
AT2G43610	0	0	3	4	1	4
AT4G08685	67	70	83	51	80	61
AT2G45100	211	178	193	144	127	130
AT1G50440	137	124	95	192	185	182
AT5G03100	236	248	231	224	261	193
AT2G40230	282	290	267	248	273	200
AT1G71810	181	144	121	166	148	158
AT3G61220	15	11	10	17	7	9
AT1G12620	198	244	188	217	259	151
AT1G12320	132	104	104	221	236	177
AT5G09680	215	240	244	178	194	165
AT3G15770	374	302	362	235	241	211
AT4G23680	0	0	2	0	0	0
AT1G14660	213	146	144	249	153	226
AT2G44490	5	6	10	26	20	10
AT2G15630	296	291	245	271	280	220
AT5G45250	187	117	129	246	259	168
AT3G50230	168	165	155	209	223	172
AT3G54890	14	33	25	64	52	55
AT4G21192	294	266	300	200	260	190
AT5G26670	27	7	17	13	10	20
AT5G64600	126	104	111	127	142	137
AT3G02830	15	12	15	9	9	18
AT3G48200	111	66	81	184	135	159
AT4G23895	289	201	231	245	226	185
AT4G27370	227	119	132	119	100	160
AT1G74680	203	157	195	269	277	236
AT5G07820	8	3	5	11	19	11
AT4G02360	119	146	129	123	150	102
AT5G42860	22	29	17	29	21	21
AT4G33565	43	21	33	145	133	88
AT5G08050	35	22	24	32	49	26
AT5G19490	388	344	363	311	297	253
AT3G13910	53	75	65	139	142	136
AT2G15280	137	117	155	130	137	126
novel.135	354	348	326	272	269	219
11/1/01	235	122	149	134	143	148
AT1G04160	139	59	72	103	97	75
AT1G56570	359	256	290	300	285	217
AT1G23360	190	112	137	173	134	194
AT5G03690	204	163	189	187	206	184
AT3G18020	322	230	251	266	301	245
AT5G59400	167	128	112	85	115	121
AT3G09830	187	146	158	242	225	160
AT3G13430	165	170	179	197	233	185
AT3G19020	278	238	213	276	243	232
AT3G60810	143	104	128	193	159	143
AT1G06910	242	198	188	261	248	200
AT5G67150	92	102	129	122	156	120
AT1G15800	177	201	163	240	206	174
AT1G16430	254	220	231	203	211	222
AT2G25690	153	134	155	184	153	125
AT2G43520	14	4	6	167	141	134
AT3G58130	224	167	183	227	227	212
AT3G04160	297	160	158	255	186	220
AT4G11440	219	186	218	290	267	256
AT3G09410	160	102	100	163	121	151
AT3G52360	79	109	105	90	100	92
AT2G33855	137	122	144	189	230	177
AT2G42920	268	153	188	261	193	214
AT1G80900	176	142	170	212	178	153
AT5G66675	102	86	113	109	125	105
AT3G19390	5	3	3	6	7	4
AT1G56690	328	349	327	331	303	223
AT5G46910	144	132	151	110	118	104
AT1G03340	304	296	263	268	295	220
AT3G29130	226	109	142	205	166	179
AT1G33330	184	204	177	186	185	181
AT1G61065	119	153	150	238	263	232
AT4G35600	142	92	120	147	136	125
AT3G52290	220	191	180	184	184	173
AT5G26770	252	186	207	289	302	278
AT3G11340	35	39	46	97	54	53
AT3G17185	200	157	138	209	212	202
AT3G62370	29	45	31	33	37	45
AT5G38040	204	155	175	322	328	262
AT4G36515	192	105	133	216	164	202
AT1G76820	210	185	128	307	202	211
AT2G13610	74	81	68	106	103	104
AT2G30990	96	118	103	240	224	187
AT4G18880	107	114	120	351	335	214
AT1G74700	275	251	272	257	262	223
AT1G16590	182	175	151	270	255	244
AT2G44420	314	215	218	229	226	222
AT1G62010	257	263	262	230	241	204
AT5G67170	203	153	162	199	152	203
AT1G57590	0	0	1	0	1	0
AT5G07910	223	179	161	198	185	188
AT2G31305	198	181	177	169	239	162
AT1G66345	244	210	197	256	261	234
AT5G65740	135	110	105	123	105	129
AT5G40240	183	134	161	197	219	218
AT1G32310	156	227	201	220	254	187
AT5G65570	236	219	233	241	264	227
AT4G21534	169	109	131	198	180	169
AT4G29860	180	165	150	246	201	201
AT1G48170	230	251	230	164	229	146
AT1G15215	221	160	134	197	215	147
AT1G68440	83	90	113	64	55	47
AT1G76980	120	122	141	136	137	107
AT2G43200	204	172	166	203	162	152
AT4G12800	21	20	22	41	45	51
AT1G74453	289	254	216	181	190	166
AT2G26790	260	214	237	300	244	270
AT4G17960	251	192	203	180	198	180
AT2G40815	181	206	222	234	294	204
AT1G11630	210	242	198	223	268	178
AT1G56610	205	162	183	220	237	223
AT3G53810	189	169	165	207	222	192
AT1G05000	218	239	191	101	101	91
AT1G27410	258	211	232	238	228	226
AT1G60890	264	193	194	142	114	144
AT3G24670	88	78	75	112	89	128
AT4G25600	182	158	201	144	137	144
AT5G20050	89	102	107	190	159	129
AT5G13660	241	191	200	268	219	226
AT1G06490	196	108	133	206	180	181
AT5G25830	53	30	30	49	74	52
AT2G19090	246	180	228	272	257	220
AT1G48175	210	165	163	133	179	171
AT5G22110	200	149	157	159	123	124
AT4G01480	4	4	6	3	0	3
AT4G39920	266	285	272	182	219	130
AT2G22740	138	138	146	183	192	162
AT4G37450	24	26	18	22	13	21
AT3G24860	257	252	232	251	251	187
AT1G74450	121	107	105	45	61	44
AT2G14660	243	281	259	208	197	173
AT2G36305	225	201	156	175	197	168
AT1G26900	221	203	224	170	220	180
AT5G40405	289	214	311	284	291	281
AT4G00650	263	221	231	219	259	174
AT4G27700	113	77	77	123	117	99
AT1G12420	57	42	46	43	63	39
AT2G13547	16	19	4	259	304	232
AT2G47060	160	142	152	205	205	181
AT1G61000	161	147	151	178	168	147
AT1G10650	135	126	136	168	155	131
AT1G21400	9	8	15	223	183	129
AT5G14480	224	185	175	210	232	192
AT3G26240	127	110	114	164	158	119
AT3G48425	321	260	280	176	196	179
AT5G59020	168	139	150	129	138	132
AT1G18360	127	98	95	169	171	166
AT3G62690	64	97	54	180	211	113
AT5G24270	156	111	127	163	115	147
AT3G49710	354	294	276	248	272	256
AT1G58220	220	184	210	299	298	220
AT2G26580	215	227	207	174	157	166
AT5G10000	9	11	17	93	80	54
AT3G26540	296	251	226	238	236	251
AT3G50330	60	99	48	25	47	43
AT2G24230	154	139	160	133	156	124
AT4G02550	223	256	235	208	201	183
AT5G46960	2	1	0	0	0	0
AT3G53620	114	116	112	131	145	135
AT5G17580	198	135	186	298	241	218
AT2G25650	199	140	198	240	215	198
AT3G22420	225	187	167	222	202	218
AT2G21960	53	36	32	66	72	61
AT1G63130	248	200	250	189	249	161
AT2G33360	158	164	134	183	165	138
AT5G10870	134	129	164	159	157	127
AT2G29660	154	166	169	288	243	208
AT1G31814	212	171	191	253	250	222
AT5G41910	142	132	157	208	200	182
AT1G24996	562	388	419	133	106	91
AT2G44580	111	95	107	100	104	86
AT1G27140	26	22	31	24	24	18
AT5G20540	209	189	170	185	188	159
AT1G78200	235	165	206	176	199	226
AT1G22510	199	196	197	205	235	204
AT5G41980	211	250	234	318	334	204
AT1G21930	133	150	135	194	160	145
AT2G39310	0	0	0	0	0	0
AT4G29780	147	123	161	213	227	177
AT1G11290	236	237	252	236	261	230
AT2G20980	80	75	76	80	81	80
AT5G66650	96	109	100	297	352	280
AT3G59150	168	178	169	194	188	155
AT2G05310	156	125	131	148	154	169
AT5G24760	185	136	138	204	199	181
AT2G30170	159	105	80	151	132	139
AT3G07550	179	181	154	181	191	163
AT1G53530	190	180	203	187	243	206
AT1G73440	144	216	184	234	206	156
AT4G33100	258	212	272	215	212	175
AT1G78690	152	154	131	148	152	162
AT1G16916	137	158	134	135	170	171
AT1G72690	61	72	80	117	88	85
AT5G06150	0	0	0	0	0	1
AT5G33300	104	70	95	46	53	43
AT5G39250	177	176	192	237	267	188
AT5G06430	220	235	196	226	238	189
AT1G45180	205	195	195	191	200	180
AT5G06770	124	140	125	143	158	137
AT4G20720	102	132	156	221	184	149
AT3G20110	468	447	492	53	77	62
AT3G48980	114	69	113	133	144	134
AT3G02730	148	110	156	188	162	129
AT3G53780	163	136	165	167	199	183
AT2G15730	309	195	226	212	215	182
AT4G30680	306	183	185	147	175	189
AT3G49730	267	233	216	220	257	182
AT4G05520	58	77	88	96	83	69
AT3G12915	163	148	145	156	156	119
AT1G72030	99	131	116	207	214	144
AT3G47360	203	101	105	137	88	142
AT2G01260	155	126	113	100	152	103
AT5G24960	242	198	210	160	215	183
AT3G17470	209	141	138	205	202	224
AT1G23170	110	86	91	63	44	43
AT3G06570	155	147	154	179	211	169
AT1G22440	9	3	11	5	9	10
AT3G60310	179	169	142	182	199	152
AT1G29710	199	244	229	276	252	197
AT1G26090	172	109	109	191	180	152
AT3G58620	52	48	35	78	55	52
AT1G13050	359	213	236	226	223	249
AT1G04250	37	30	38	20	33	20
AT3G57360	289	251	231	238	253	238
AT4G29420	132	126	169	172	176	131
AT5G63290	279	293	279	242	266	223
AT3G61610	26	27	26	28	50	32
AT1G11330	121	74	105	87	93	60
AT3G20898	297	314	298	342	400	290
AT3G21800	69	105	97	297	349	274
AT2G01620	70	65	64	97	138	118
ATMG00160	26	17	23	215	211	189
AT3G05630	209	192	206	131	150	106
AT3G15130	385	286	268	293	251	227
AT5G47050	154	141	141	134	144	149
AT3G04890	98	96	99	185	175	157
AT2G33060	199	182	180	214	249	158
AT5G49760	25	28	25	25	29	22
AT5G57700	96	73	94	63	49	69
AT3G56450	218	116	148	211	135	196
AT4G31650	27	47	27	53	56	28
AT1G53290	96	90	114	118	112	94
AT3G03980	73	79	71	59	79	46
AT3G50960	143	108	146	108	107	125
AT4G38010	323	296	286	304	320	255
AT1G48870	358	314	295	148	184	157
AT3G55600	170	122	134	174	156	130
AT5G35520	265	215	197	213	215	194
AT5G49000	181	200	170	206	213	144
AT1G68340	112	122	105	118	129	111
AT5G17090	252	206	228	257	306	211
AT5G37010	80	84	72	83	80	76
AT2G30575	218	186	167	180	214	159
AT4G11680	115	108	140	124	122	94
AT1G71750	261	237	261	203	211	211
AT4G23270	53	36	37	55	59	48
AT3G49590	236	203	179	176	182	136
AT1G66650	186	211	174	257	288	205
AT3G20070	208	147	174	194	205	198
AT5G63970	213	113	141	212	173	231
AT3G16890	209	200	206	248	243	193
AT1G17830	110	120	111	209	240	188
AT5G63130	116	114	111	127	146	94
AT1G12300	250	255	215	245	249	195
AT1G14290	57	60	45	91	88	79
AT3G42630	235	146	164	246	242	177
AT1G13195	144	96	105	153	126	112
AT1G72660	38	28	38	69	87	92
AT3G29240	34	41	34	146	139	111
AT3G23430	187	189	158	168	150	138
AT2G46980	111	73	70	70	84	81
AT2G39920	77	72	55	227	258	208
AT1G27370	268	155	157	208	204	188
AT2G01008	79	75	199	227	221	83
AT2G23360	69	60	69	60	73	54
AT4G21060	160	119	172	184	172	142
AT4G39366	255	207	233	250	239	214
AT4G39560	186	148	159	212	199	202
AT5G18760	169	117	146	199	167	129
AT5G15440	228	180	192	207	200	204
AT5G46850	153	146	175	213	200	175
AT4G14040	67	49	42	74	120	62
AT4G38960	146	150	171	147	147	121
AT5G66550	187	145	143	108	144	119
AT3G55920	145	131	140	120	127	131
AT1G62200	176	150	158	197	175	158
AT5G04160	119	127	140	91	122	92
AT5G07400	196	132	155	184	186	154
AT5G14690	165	134	159	101	135	135
AT5G02550	98	128	92	110	119	108
AT5G53210	244	220	200	239	270	213
AT1G26920	215	220	232	214	263	139
AT4G24050	300	187	267	195	248	234
AT5G48660	172	183	195	226	233	196
AT1G10095	185	135	154	217	266	202
AT3G57790	143	165	152	119	137	108
AT1G52710	117	89	72	131	154	173
AT1G50575	191	218	210	124	161	104
AT2G30130	189	186	216	239	297	225
AT2G26840	228	216	223	206	203	245
AT4G27670	5	1	10	33	47	55
AT4G24460	180	119	96	178	154	181
AT5G39530	30	27	28	121	132	133
AT3G02820	78	68	87	87	112	98
AT1G25320	134	152	125	195	169	157
AT3G24560	253	180	194	209	176	244
AT3G22880	125	114	115	65	44	60
AT3G52680	252	218	240	268	263	204
AT3G17668	115	124	117	217	219	171
AT2G38330	183	106	121	170	161	190
AT3G57860	9	9	11	22	9	15
AT2G46580	185	151	150	173	145	137
AT4G02100	54	80	58	55	55	34
AT3G55330	208	141	156	201	179	172
AT2G22570	220	132	174	197	214	162
AT1G10070	13	10	15	193	133	138
AT5G58700	129	100	116	179	122	149
AT4G22760	239	201	231	201	240	173
AT1G20230	277	231	270	285	253	181
AT5G03830	314	128	164	205	121	236
AT1G06640	120	53	70	100	74	97
AT1G31175	178	116	126	178	169	146
AT2G42660	430	379	384	103	175	124
AT4G40042	147	129	140	159	179	139
AT1G68080	153	140	157	181	174	172
AT5G28830	59	46	52	174	124	147
AT1G59359	199	279	223	120	208	160
AT1G27440	196	196	163	226	211	177
AT4G24175	183	197	176	165	156	151
AT5G08000	94	71	80	44	56	38
AT5G57060	122	117	149	146	171	161
AT5G09380	280	226	237	206	206	208
AT1G80110	91	76	95	173	137	138
AT4G20760	112	105	106	93	98	87
AT5G50970	163	127	153	144	156	140
AT5G18065	290	143	163	191	185	190
AT2G14860	207	223	184	171	128	102
AT3G18930	245	176	184	282	266	257
AT1G13609	1	0	0	19	14	28
AT3G60910	143	87	123	137	121	126
AT5G64640	161	143	164	177	176	140
AT4G34500	61	54	54	96	79	69
AT5G49610	217	217	211	253	246	177
AT3G07540	119	118	120	133	219	140
AT4G33150	120	65	130	117	91	79
AT1G10040	208	153	136	173	173	177
AT1G08980	100	85	95	119	149	132
AT1G65610	12	9	5	21	21	19
AT1G09820	182	186	159	175	255	144
AT1G61215	292	236	258	235	244	188
AT5G48370	112	108	86	120	126	104
AT5G05340	19	41	41	26	30	13
AT5G40550	180	138	157	171	176	189
AT3G14730	255	236	257	242	252	163
AT3G51895	48	36	52	180	137	139
AT2G17500	65	53	46	190	229	216
AT1G68160	201	158	161	155	185	106
AT3G05355	254	238	221	218	300	202
AT1G43770	176	183	194	243	239	204
AT5G49410	198	212	211	225	235	219
AT5G63650	71	50	85	106	75	93
AT4G16265	248	216	231	190	211	163
AT3G08820	256	278	255	208	247	160
AT3G16650	283	228	256	254	297	218
AT3G62470	195	193	175	226	224	183
AT4G24805	100	105	106	199	181	142
AT4G11090	179	152	161	181	203	178
AT3G60200	122	119	104	138	139	113
AT3G26330	33	32	32	40	35	64
AT3G08890	174	151	176	144	117	141
AT1G63260	93	54	70	75	66	69
AT3G47530	264	267	260	224	235	184
AT1G63220	81	68	116	8	9	14
AT1G69370	271	316	276	222	244	204
AT1G05810	274	287	301	96	99	77
AT5G50760	131	143	122	400	457	342
AT5G19855	96	107	92	107	128	105
AT3G06080	240	228	276	128	156	150
AT4G00590	182	120	167	157	119	164
AT1G79790	182	127	124	164	161	177
AT2G43290	75	85	78	144	170	139
AT3G23000	97	119	120	112	116	104
AT5G07030	42	49	58	78	87	90
AT4G31310	81	95	75	117	144	141
AT3G42640	259	129	147	183	170	246
AT5G18040	180	121	144	181	146	170
AT1G61970	316	170	175	222	183	212
AT5G61990	228	188	214	182	187	180
AT5G22940	37	33	19	14	17	13
AT3G59060	49	70	46	166	131	151
AT3G18970	243	229	219	291	289	231
AT2G27340	257	131	167	126	126	159
AT5G18390	201	236	171	207	218	158
AT1G51950	174	143	198	184	201	125
AT3G58160	306	116	149	218	145	216
AT4G00230	168	103	97	160	142	156
AT4G21070	181	116	129	90	104	84
AT5G02190	191	215	190	163	186	144
AT5G54890	196	140	166	238	186	208
AT1G48580	253	228	229	164	189	124
AT2G41290	64	58	59	83	98	81
AT3G07215	212	150	134	136	139	137
AT3G46950	251	242	227	239	249	200
AT5G12110	69	42	65	79	61	56
AT3G07690	197	162	151	157	151	126
AT2G24170	11	8	20	5	6	4
AT5G60270	188	190	213	239	245	190
AT5G45710	155	103	148	165	153	155
AT3G29670	5	9	15	78	73	38
AT4G30630	134	121	134	183	179	140
AT1G59510	266	221	236	224	228	190
AT5G23580	192	156	194	167	173	129
AT2G05755	251	180	206	168	186	180
AT3G25970	282	255	289	259	276	206
AT4G12000	159	127	115	131	133	110
AT4G16970	133	74	93	97	74	95
AT1G54110	150	121	102	158	161	186
AT2G47930	176	169	125	194	255	173
AT3G53360	315	228	235	279	218	223
AT5G41110	134	78	109	134	132	169
AT1G20020	9	12	6	12	13	8
AT2G46600	29	43	37	10	6	5
AT4G39030	101	105	103	119	103	85
AT1G50240	75	39	61	53	41	58
AT3G02680	260	181	213	216	200	197
AT5G45275	204	203	203	180	205	134
AT1G75580	279	276	287	111	164	113
AT1G52620	237	169	202	248	217	171
AT1G73540	181	161	181	251	270	219
AT3G26080	105	107	78	103	95	109
AT4G15760	11	8	6	26	24	23
AT1G19700	200	188	215	191	161	139
AT2G31290	204	185	143	185	255	171
AT5G03230	149	168	206	258	255	198
AT3G13780	178	158	175	214	197	166
AT3G22750	104	86	112	113	109	115
AT1G75690	107	97	93	63	51	62
AT5G63380	107	113	85	48	25	23
AT3G25260	73	58	103	46	56	33
AT2G36800	42	40	39	115	97	76
AT1G28310	171	157	160	177	160	159
AT2G21640	188	229	268	316	264	189
AT4G30560	201	148	196	155	148	123
AT1G09500	27	24	30	54	42	55
AT3G51080	157	171	123	84	85	66
AT3G07930	141	98	142	197	153	167
AT3G21390	188	154	102	137	163	151
AT3G20510	106	82	101	69	91	61
AT2G34870	1	1	0	4	7	6
AT1G03940	200	179	172	251	235	214
AT4G24580	228	154	160	109	90	127
AT1G70985	4	17	12	178	196	126
AT3G11650	145	154	162	159	187	151
AT1G14870	43	44	59	147	176	127
AT1G77410	198	212	160	229	175	210
AT5G45790	194	201	177	240	267	222
AT3G23330	203	212	230	263	240	180
AT4G33470	75	83	87	160	154	146
AT4G37170	292	266	302	234	254	179
AT5G57970	159	167	164	167	174	131
AT3G59430	252	241	220	207	206	181
AT4G32790	184	144	196	221	188	186
AT2G07715	228	246	252	289	319	227
AT1G50740	95	97	76	95	128	133
AT4G01250	170	161	154	145	152	131
AT4G31877	98	46	72	232	233	219
AT1G07200	109	121	126	227	192	153
AT1G59840	83	104	87	112	135	127
AT1G79580	309	225	253	244	244	255
AT3G12970	67	73	66	69	94	58
ATCG00020	44	32	24	36	37	21
AT1G01830	124	112	86	132	108	96
AT3G49410	422	245	245	174	131	201
AT4G35560	64	48	60	102	84	77
AT5G18700	149	105	133	80	72	57
AT4G32270	109	112	124	188	185	148
AT5G18860	60	33	54	47	52	70
AT5G52890	193	152	153	180	192	170
AT1G03650	229	236	226	250	257	215
AT1G11592	170	130	119	217	228	176
AT5G45095	418	345	349	152	135	118
AT3G14740	120	102	89	94	110	87
AT1G51080	215	198	186	182	227	158
AT3G18050	82	88	73	88	98	78
AT3G06030	38	49	77	28	42	26
AT3G57830	112	115	136	142	170	137
AT1G79460	131	110	112	129	131	123
AT5G13730	70	68	70	134	128	134
AT4G15563	66	47	35	151	130	137
AT4G19060	228	150	140	172	146	195
AT4G31150	173	136	143	193	136	176
AT5G02160	61	62	61	101	133	69
AT1G17040	184	110	122	172	154	144
AT5G64660	160	136	149	168	205	137
AT2G42040	100	117	102	142	109	136
AT4G20930	171	144	136	161	195	147
AT4G31930	209	194	210	177	188	163
AT3G18090	203	134	144	167	140	219
AT1G32127	79	93	89	94	137	103
AT3G05030	238	186	173	224	194	196
AT4G04740	182	70	109	128	94	146
AT3G22942	185	188	176	182	210	154
AT1G27170	111	86	94	191	163	149
AT2G20950	114	137	138	271	252	213
AT3G20130	159	101	88	138	152	148
AT2G40720	278	250	213	252	288	214
AT4G34131	119	80	81	103	71	115
AT5G04820	136	149	153	154	145	118
AT5G63470	246	239	217	192	190	180
AT5G11790	68	70	65	82	103	82
AT5G44780	263	212	251	237	228	204
AT5G22830	143	120	109	154	154	143
AT2G30070	183	120	142	165	148	147
AT3G16350	70	68	79	29	47	27
AT4G34610	21	32	33	13	15	19
AT4G36550	271	232	199	245	279	192
AT1G77230	193	139	191	212	227	209
AT4G07400	119	172	159	207	213	198
AT3G19260	143	134	124	148	148	123
AT3G61360	228	248	208	194	207	168
AT1G64760	59	78	65	71	68	67
AT3G19050	9	7	5	12	2	14
AT3G13600	5	3	12	23	8	17
AT4G13110	99	124	134	134	158	107
AT3G22690	320	264	265	233	268	226
AT2G23470	242	163	193	232	194	217
AT1G03730	230	229	208	222	284	198
AT2G13800	209	210	157	212	217	248
AT5G19930	118	163	130	151	159	151
AT3G07650	179	129	170	156	194	161
AT3G51410	286	332	215	120	135	109
AT1G12400	218	194	202	196	227	163
AT1G03850	454	405	442	76	96	84
AT2G35155	197	180	176	194	213	165
AT2G01540	159	141	145	88	73	61
AT5G13550	181	147	126	107	83	93
AT3G28956	216	185	171	191	165	169
AT1G20380	206	142	163	213	166	203
AT4G38050	179	197	137	202	245	167
AT5G51640	190	148	189	189	159	165
AT1G08560	0	2	0	0	0	0
AT1G28110	183	148	194	130	152	104
AT3G50860	168	142	141	156	178	144
AT4G28630	76	47	60	84	100	80
AT3G48470	257	165	189	227	222	206
AT2G22310	123	125	123	157	174	166
AT3G07080	214	179	195	193	171	132
AT3G44260	252	299	313	137	152	134
AT2G01730	306	247	242	276	263	226
AT4G38950	79	51	70	38	49	40
AT3G05150	152	106	128	86	74	100
AT2G41200	129	108	115	166	181	147
AT3G54590	0	0	0	0	0	0
AT5G50150	140	136	129	177	167	129
AT3G11470	186	167	163	200	221	160
AT4G32295	116	89	95	95	125	127
AT1G28210	251	202	201	228	173	171
AT3G15810	70	62	53	80	82	57
AT5G49550	193	198	228	138	155	147
AT1G44790	252	177	205	106	158	114
AT4G19650	193	207	190	213	229	177
AT5G13410	123	96	78	132	105	150
AT1G18910	106	87	105	112	109	96
AT2G25190	229	212	224	186	212	174
AT3G12710	18	7	14	15	34	13
AT1G01780	171	115	136	171	112	158
AT3G50430	230	112	142	213	139	179
AT1G68760	133	130	111	76	60	74
AT4G04810	51	42	38	143	148	146
AT5G02670	266	134	138	195	141	195
AT5G41180	167	114	127	144	138	114
AT4G23790	60	72	77	85	91	88
AT3G55060	163	161	188	173	134	146
AT3G56650	202	151	164	212	260	201
AT1G07390	247	210	207	254	269	249
AT4G20310	166	118	145	183	169	172
AT4G00250	202	201	251	188	255	189
AT1G04635	248	261	248	223	221	130
AT1G48500	21	14	17	148	108	73
AT2G23040	253	233	201	224	192	197
AT3G57980	192	152	176	115	129	101
AT1G34760	94	101	91	207	195	132
AT5G62130	86	81	98	113	116	113
AT5G10900	212	180	196	206	228	195
AT1G78340	23	16	28	60	83	62
AT1G73400	199	146	150	212	250	182
AT1G19080	188	133	143	133	129	145
AT2G19460	40	39	24	60	63	44
AT5G11250	107	61	75	150	158	143
AT3G25600	100	94	86	167	175	107
AT5G04360	56	28	43	77	83	71
AT3G10180	209	159	190	98	86	94
AT1G80880	281	236	201	271	257	175
AT3G04800	324	380	346	215	259	169
AT5G05310	151	106	122	198	124	186
AT5G38780	14	11	11	91	90	94
AT4G03250	154	140	143	191	188	170
AT5G01075	62	93	56	83	109	68
AT5G02565	74	96	79	97	89	73
10/31/43	300	194	232	228	227	218
AT1G11320	209	214	222	176	205	147
AT2G29650	78	67	75	162	155	149
AT5G27220	114	75	93	232	240	192
AT1G75150	69	50	75	69	59	51
AT3G20270	128	91	105	163	147	131
AT5G27950	235	142	147	121	117	116
AT1G66350	147	160	145	92	135	96
AT1G25370	92	85	120	127	129	114
AT1G49470	8	8	16	2	2	0
AT1G58150	130	94	142	227	248	197
AT3G47600	280	227	215	159	170	140
AT1G53250	142	127	128	104	138	144
AT5G54880	143	178	158	191	211	170
AT1G27120	197	143	169	120	159	116
AT3G62390	190	199	174	182	192	154
AT3G60220	139	142	143	201	207	184
AT5G46450	206	148	138	200	163	151
AT5G53750	194	237	263	181	175	128
AT4G00900	52	58	68	42	35	26
AT1G05030	134	90	113	139	151	159
AT1G74330	168	115	115	178	190	140
AT3G26922	256	184	207	221	192	178
AT3G50620	182	136	170	166	143	172
AT3G53440	219	193	182	163	188	146
AT3G53490	75	68	58	130	126	121
AT5G44360	6	8	6	219	227	206
AT1G07740	271	247	195	259	222	212
AT1G26690	154	127	162	76	90	95
AT3G48040	205	192	197	166	173	172
AT2G03050	162	159	164	179	170	144
AT2G28330	232	243	263	254	245	186
AT1G04555	106	102	126	137	169	139
AT3G48260	10	3	6	8	8	6
AT5G09790	186	178	164	165	181	133
AT4G19070	160	131	145	186	174	181
AT3G56870	103	106	100	120	103	84
AT1G02010	166	88	110	161	118	144
AT5G44600	156	150	123	120	145	138
AT3G18730	107	55	86	74	71	63
AT1G26440	119	52	71	171	131	168
AT1G77885	206	195	197	349	375	282
AT1G66590	134	181	151	160	193	153
AT4G00530	117	120	135	169	180	140
AT1G29700	138	118	130	183	170	142
AT5G05380	199	202	222	175	200	158
AT2G22650	272	141	153	212	164	191
AT5G52850	223	214	238	212	241	200
AT3G29644	231	183	192	135	151	125
AT3G49260	50	45	50	64	79	71
AT4G27745	193	143	142	134	162	175
AT4G17810	191	237	203	206	206	196
AT1G57770	87	67	81	56	57	43
AT3G04850	146	151	176	175	164	174
AT2G07680	102	75	77	131	85	129
AT4G21170	190	154	211	262	296	182
AT3G53510	165	152	125	205	225	153
AT2G25270	54	59	54	73	85	74
AT4G32450	229	184	186	215	224	201
AT4G38320	139	121	120	135	98	87
AT1G70518	130	131	135	161	184	141
AT2G16250	205	153	198	154	176	147
AT1G11380	207	143	178	160	184	136
AT1G14130	133	108	130	139	176	133
AT3G06750	430	393	471	131	153	112
AT3G62920	81	108	97	137	150	111
AT5G27550	123	117	128	81	114	95
AT1G65150	269	271	264	182	212	186
AT5G11470	219	126	160	190	174	198
AT3G62750	52	43	48	79	66	53
AT2G24860	68	84	88	111	119	106
AT1G64150	196	104	110	135	135	150
AT5G46690	58	48	60	61	75	68
AT5G49800	138	130	140	24	29	21
AT2G35140	231	149	153	206	211	162
AT1G70790	75	50	66	143	107	131
AT4G12240	182	184	168	189	187	129
AT4G28690	225	252	192	260	238	200
AT5G60610	198	148	172	267	228	185
AT1G66080	131	135	123	142	190	144
AT3G02330	270	222	258	239	241	202
AT3G49290	204	116	134	165	165	176
AT3G57750	136	124	156	177	179	179
AT5G51710	123	97	103	93	68	68
AT4G10800	179	148	177	187	224	169
AT1G16830	235	222	223	231	246	195
AT3G07520	148	142	132	198	169	195
AT4G00360	24	25	45	44	63	55
AT1G49700	87	95	111	249	291	253
AT5G56460	163	140	197	278	248	217
AT1G72630	109	105	126	118	106	107
AT5G09315	117	134	134	232	236	202
AT1G01120	28	45	62	66	83	74
AT4G21220	276	200	201	247	245	221
AT1G67940	40	44	40	109	143	132
AT1G04350	69	60	72	178	178	159
AT1G05385	102	128	120	156	224	196
AT2G18860	214	192	193	165	160	166
AT4G35550	127	148	144	162	221	150
AT1G66900	115	84	95	88	132	96
AT4G21500	181	175	185	172	204	181
AT5G43270	233	173	163	145	140	140
AT3G03970	206	146	173	145	132	126
AT2G40095	242	247	211	295	336	282
AT1G56020	55	92	72	89	110	72
AT1G80170	174	132	115	114	98	140
AT3G50240	145	97	94	145	138	109
AT4G39570	127	142	136	188	179	132
AT5G39380	153	125	183	146	134	124
AT2G36120	61	45	51	398	378	304
novel.158	137	69	70	142	99	138
AT1G72300	262	204	189	218	218	214
AT1G74120	165	199	181	219	234	175
AT1G79060	256	213	207	175	164	150
AT3G11950	128	138	101	156	115	121
AT3G04040	19	10	10	71	73	54
AT4G03410	96	95	72	192	142	145
AT4G16780	102	104	125	139	177	140
AT4G15510	123	118	89	129	124	100
AT1G02380	28	28	31	48	57	39
AT1G63020	300	258	278	151	141	142
AT2G41050	230	168	187	141	158	165
AT3G07190	151	139	153	177	200	149
AT5G37290	167	154	126	166	172	141
AT2G42640	252	159	209	196	149	220
AT5G05640	234	242	221	152	160	136
AT5G66000	214	246	212	173	177	151
AT3G03900	62	67	45	71	92	73
AT3G51450	96	87	100	147	164	135
AT1G74180	312	157	176	216	189	265
AT3G15900	79	96	98	164	157	130
AT3G17920	219	137	190	190	147	144
AT1G62120	142	149	150	183	172	145
AT1G70150	205	143	123	214	170	148
AT5G44410	125	105	100	121	125	80
AT3G07525	101	98	132	251	222	168
AT5G11020	210	183	184	179	223	193
AT2G01390	231	180	213	214	190	185
AT2G28440	180	142	98	131	133	123
AT5G49500	141	86	118	136	119	136
AT2G28810	120	113	144	237	240	216
AT1G09680	211	209	212	246	261	204
AT3G52630	67	75	51	82	80	69
AT5G59800	41	27	18	7	15	11
AT4G22756	101	118	103	106	119	82
AT1G20720	87	57	62	64	50	44
AT4G15215	296	131	160	202	169	203
AT4G36710	58	41	42	94	106	76
AT2G33990	145	120	145	112	112	109
AT2G24945	181	128	97	250	202	237
AT1G21200	141	152	133	190	202	160
AT5G04050	226	168	163	174	207	145
AT5G41315	40	33	49	28	44	29
AT5G65590	239	297	290	283	291	203
AT2G38680	211	157	170	160	172	148
AT5G36940	134	79	76	107	93	125
AT5G52990	183	182	189	93	123	109
AT5G56370	227	195	185	222	227	189
AT3G17670	142	160	171	237	237	224
AT4G12840	170	133	140	138	157	171
AT4G29730	191	170	225	117	114	94
AT5G57980	273	282	260	156	164	121
AT5G26200	142	118	163	257	295	293
AT2G29390	63	63	62	8	13	14
AT5G46460	249	136	185	283	229	226
AT3G23255	125	64	80	201	185	154
AT1G56720	154	140	171	128	134	116
AT3G59000	183	146	145	187	148	154
AT3G01516	102	73	76	87	97	97
AT5G64240	31	31	26	113	87	79
AT5G67370	12	12	19	116	117	106
AT5G06620	259	162	206	213	198	218
AT5G57740	156	103	116	153	136	121
AT3G23740	79	104	82	95	92	73
AT2G28940	93	61	77	107	118	95
AT1G53030	158	144	167	203	222	181
AT5G28646	412	350	390	170	181	122
AT1G13580	173	143	128	110	138	109
AT4G30860	55	61	52	70	57	62
AT1G62050	196	169	174	153	156	129
AT5G07710	160	95	104	162	159	116
AT3G55490	166	212	199	139	168	153
AT2G36010	196	145	168	107	114	106
AT2G21830	31	7	19	33	39	33
AT2G25420	258	160	170	201	180	219
AT3G44050	32	33	25	18	12	19
AT2G04039	106	102	110	100	71	71
AT2G47140	26	15	29	12	12	14
AT5G41920	109	105	99	149	154	151
AT5G45860	3	8	12	112	126	118
AT5G23130	159	154	133	183	208	171
AT1G63720	63	96	63	127	158	103
AT5G41060	98	123	115	87	115	77
AT2G40100	189	199	183	207	212	178
AT1G64890	121	120	113	193	181	135
AT5G53880	44	33	44	22	27	28
AT1G15160	202	168	181	165	175	152
AT5G13140	14	12	19	51	54	39
AT4G02120	189	109	119	76	48	107
AT1G54650	242	166	182	179	169	171
AT3G04450	229	152	130	209	183	184
AT3G17250	189	186	191	178	163	151
AT4G02210	193	141	132	189	206	150
AT3G56030	178	218	183	156	194	114
AT2G35360	175	148	163	173	156	176
AT4G28320	113	128	153	175	155	129
AT1G18560	193	205	186	204	195	181
AT1G06553	215	247	241	234	252	175
AT2G41760	151	124	132	190	137	166
AT1G29530	149	154	115	110	145	103
AT5G65200	179	167	128	213	201	192
AT2G24040	164	162	139	177	209	140
AT4G37490	210	208	187	107	114	79
AT5G51460	194	108	110	81	84	107
AT2G32190	88	95	95	307	264	217
AT1G01448	160	115	108	212	164	214
AT1G49390	39	46	49	155	121	125
AT5G58340	123	71	91	183	121	129
AT2G19380	149	175	171	183	164	136
AT4G21326	195	104	125	250	170	249
AT1G17940	116	79	83	92	96	108
AT5G19200	100	91	114	147	148	135
AT5G45020	137	121	125	179	151	152
AT5G13860	150	128	150	166	210	124
AT3G18620	94	127	127	157	195	123
AT1G17560	193	184	166	130	106	115
AT1G26762	267	306	261	246	306	279
AT5G01240	155	108	128	109	123	116
AT1G49560	112	117	110	142	122	101
AT5G04780	233	249	225	226	223	207
AT4G21065	245	251	248	219	226	168
AT1G64770	3	0	2	11	1	4
AT5G23220	8	8	3	35	26	18
11/11/01	122	70	94	102	79	86
AT3G22260	94	95	86	171	150	150
AT1G03520	222	109	144	165	155	151
AT5G13820	182	135	139	115	109	88
AT1G74730	117	135	142	114	111	80
AT1G75770	112	110	114	235	204	185
AT2G17850	78	65	57	246	234	232
AT1G68910	205	237	188	102	77	96
AT5G46390	126	151	128	199	202	187
AT3G07010	55	54	57	65	75	84
AT2G41440	186	167	139	163	171	129
AT4G11960	94	74	71	129	103	90
AT5G57345	119	113	119	109	133	101
AT3G60110	209	179	196	204	174	132
AT5G55370	100	121	119	344	350	291
AT5G66870	117	116	112	82	108	88
AT1G07010	108	59	71	77	85	76
AT5G08340	176	129	146	181	176	119
AT5G08335	171	161	154	162	186	148
AT3G59390	152	137	115	154	179	151
AT1G24150	253	208	211	201	212	147
AT1G72200	0	2	2	5	2	14
AT3G01430	167	194	131	174	219	194
AT4G08700	158	128	130	194	223	180
AT5G23910	61	58	52	40	36	23
AT4G35390	125	96	104	106	156	122
AT4G18370	94	62	53	96	93	112
AT2G02410	99	72	61	109	105	158
AT5G60280	179	124	158	162	170	158
AT5G16400	74	50	51	91	95	106
AT4G27657	42	47	49	76	90	58
AT1G30755	141	90	98	215	167	166
AT3G05270	137	102	90	121	77	76
AT4G05090	116	73	76	116	107	83
AT5G23100	290	257	258	259	324	224
AT2G36330	129	119	130	158	141	143
AT2G05380	1	0	2	12	10	15
AT2G26710	270	224	228	213	261	173
AT3G19330	280	195	226	228	176	206
AT3G60040	140	112	116	184	187	142
AT5G13700	47	35	36	72	67	76
AT5G19160	221	184	231	187	253	223
AT3G05320	205	186	173	125	170	142
AT4G35840	121	109	97	163	178	132
AT2G28620	14	16	10	13	11	15
AT4G30520	166	129	138	216	212	188
AT2G21800	166	104	131	159	149	178
AT5G25500	230	230	198	251	215	186
AT3G49400	152	117	104	193	190	160
AT3G18500	123	102	91	115	92	134
AT1G76570	61	35	46	90	67	80
AT2G36540	2	5	2	25	22	39
AT1G70630	202	145	157	183	174	172
AT5G27110	232	208	216	179	192	184
AT1G09867	218	218	204	204	226	218
AT3G23410	248	219	210	171	253	216
AT3G50420	255	200	222	223	232	188
AT4G22850	152	132	119	110	148	115
AT2G35830	112	151	103	196	168	145
AT3G17460	143	151	131	210	256	200
AT3G24630	188	138	141	134	162	138
AT5G49010	105	101	105	118	96	112
AT2G15300	200	197	204	207	257	217
AT5G08270	143	144	165	142	145	115
AT5G26270	84	96	61	88	117	111
AT5G55460	72	31	48	114	80	113
AT4G04190	199	170	174	174	237	169
AT4G15233	192	159	158	64	29	57
AT1G14820	82	83	73	75	67	63
AT3G05675	115	138	119	199	220	151
AT1G79070	178	161	169	194	212	183
AT5G13060	70	92	91	76	62	71
AT5G65205	197	153	185	180	169	161
AT3G08165	329	298	265	171	194	185
AT1G80510	127	160	157	159	164	119
AT2G02360	164	145	101	204	193	173
AT2G43690	203	168	149	261	266	205
AT2G41130	122	133	120	196	209	128
AT5G55930	257	180	219	49	37	43
AT3G23670	7	7	9	11	11	7
AT2G01740	192	201	195	203	186	168
AT4G14190	129	134	105	208	194	172
AT1G25290	117	103	77	99	136	112
AT3G16750	267	145	159	168	174	151
AT2G13965	233	182	133	159	174	148
AT2G36980	229	216	196	218	268	203
AT5G17980	120	104	127	155	143	126
AT5G62170	81	79	89	84	78	65
AT1G02000	128	107	151	110	112	104
AT1G51430	91	51	62	134	91	117
AT1G52540	153	131	149	172	185	145
AT5G07790	191	194	177	146	172	121
AT3G03130	4	5	10	1	5	2
AT3G09660	95	87	87	119	100	128
AT5G15240	99	140	112	148	182	113
AT4G26520	25	20	16	30	24	24
AT4G37400	58	75	55	41	68	50
AT1G03430	128	110	80	125	133	132
AT1G18740	96	104	99	79	108	84
AT2G40240	187	182	189	150	158	149
AT5G13290	197	174	191	216	260	200
AT4G14980	55	52	42	40	64	62
AT5G03220	222	175	142	150	174	147
AT1G28560	178	143	132	210	146	191
AT4G26660	103	88	91	98	113	102
AT3G48810	202	172	160	154	164	141
AT3G53720	50	60	68	130	111	119
AT1G08465	169	186	140	149	152	136
AT5G51080	169	159	126	184	155	160
AT1G19270	167	114	180	185	191	158
AT1G68500	163	185	197	85	64	70
AT3G08920	153	133	146	109	129	125
AT2G02590	162	148	142	147	179	127
AT4G33145	25	49	49	85	83	59
AT5G18550	184	131	178	103	91	91
AT5G64630	58	57	60	62	52	50
AT3G54020	121	106	112	124	105	130
AT2G37100	148	180	160	192	184	143
AT2G32010	189	105	92	227	212	162
AT4G11840	187	110	139	140	128	156
AT4G01995	186	93	116	171	105	147
AT1G07745	156	125	119	164	106	138
AT3G44740	273	118	136	138	116	173
AT4G04370	245	158	167	202	196	186
AT3G11460	224	141	210	236	226	232
AT1G04010	108	74	82	109	104	92
AT3G05180	153	113	112	174	130	134
AT1G65620	199	195	203	140	164	150
AT3G25690	171	103	123	164	166	152
AT5G09230	152	82	98	95	88	85
AT4G22580	119	145	122	110	117	119
AT5G61440	192	159	198	335	324	319
AT3G54990	138	112	91	112	117	105
AT2G34090	202	103	119	129	108	111
AT3G09070	107	113	112	217	205	165
AT2G01940	136	140	134	306	274	217
AT4G34840	228	183	183	119	124	100
AT2G02765	191	67	89	124	117	138
AT1G33780	150	123	175	183	179	142
AT3G04980	203	178	188	183	207	166
AT1G80870	154	126	180	173	173	154
AT2G23590	32	38	35	90	81	105
AT3G07990	20	19	7	4	5	5
AT2G40435	65	69	73	65	80	54
AT4G15490	11	13	17	79	73	48
AT5G39450	164	156	147	181	163	140
AT5G17000	80	92	82	159	157	128
AT5G37440	177	190	186	183	192	147
AT2G29890	35	17	21	30	20	28
AT2G40860	211	93	150	160	139	148
AT1G12990	80	87	85	97	107	78
AT1G78895	58	74	74	111	159	119
AT1G69020	111	98	114	150	148	151
AT1G68710	86	107	107	110	112	103
AT4G09810	165	154	122	169	161	162
AT4G35130	219	210	248	222	249	203
AT5G08305	228	232	209	200	200	167
AT5G17670	134	114	107	98	100	121
AT5G44060	118	111	107	109	130	100
AT1G78260	58	52	57	30	23	28
AT1G12250	85	70	60	136	153	134
AT2G01860	170	176	157	179	204	138
AT4G09510	119	119	109	84	95	83
AT1G67410	164	112	136	139	149	125
AT1G53110	145	112	139	204	194	169
AT4G39530	227	181	193	220	234	186
AT2G40460	233	163	162	131	125	101
AT2G05914	324	290	283	215	242	189
AT4G24930	100	79	81	90	108	101
AT3G58090	194	136	142	134	189	111
AT1G17590	159	135	122	222	245	196
AT3G12690	123	116	97	147	121	100
AT1G18370	0	2	0	0	0	1
AT1G60430	46	41	56	79	81	63
AT5G07250	89	94	100	124	154	103
AT1G65370	186	76	82	53	47	96
AT5G42280	120	127	107	58	75	53
AT4G29080	158	142	168	127	129	97
AT5G15930	50	60	58	100	112	70
AT5G47730	114	77	102	121	115	96
AT4G24710	179	154	136	137	107	129
AT3G16490	161	164	157	187	193	168
AT1G13630	232	173	180	204	210	159
AT3G29034	32	26	30	72	92	56
AT2G41890	196	148	158	143	167	141
AT4G14150	106	86	78	137	91	71
AT1G05710	146	94	138	141	131	105
AT1G26218	39	64	56	141	144	128
AT1G76560	47	57	63	162	152	109
AT4G02330	30	30	51	91	106	78
AT4G11300	178	159	154	229	224	197
AT5G57210	154	119	103	163	128	148
AT3G52770	85	90	103	299	336	259
AT5G41140	82	73	70	95	100	96
AT5G43420	248	226	254	53	64	39
AT1G27180	118	94	120	120	106	71
AT1G01740	190	144	166	188	153	159
AT4G11080	81	76	69	57	79	55
AT5G19840	159	118	125	214	166	189
AT5G02320	137	111	149	179	163	122
AT1G31320	88	114	101	207	253	200
AT3G26750	177	178	161	220	215	169
AT2G20495	163	162	135	149	159	157
AT2G40640	175	110	131	154	112	115
AT3G08880	179	147	159	121	120	133
AT2G33510	66	99	70	111	131	87
AT2G39740	161	165	129	102	113	105
AT1G73250	73	70	75	43	53	40
AT3G63300	139	104	118	189	175	142
AT2G22410	227	230	198	242	215	184
AT4G28030	91	80	87	96	93	71
ATMG00640	27	22	15	139	155	99
AT4G08940	173	144	193	152	154	154
AT1G14340	107	167	155	176	181	209
AT1G64185	210	242	210	183	220	151
AT2G28830	122	121	141	189	196	154
AT5G04890	4	3	3	23	15	15
AT5G63700	78	71	64	61	53	59
AT4G38060	114	110	106	58	61	51
AT1G37150	152	102	118	254	202	183
AT5G51910	160	194	184	125	135	115
AT1G10350	85	67	53	76	81	66
AT5G44020	0	0	0	1	0	0
AT2G26070	111	109	103	132	137	143
AT4G00220	88	99	67	194	183	155
AT1G12460	135	124	128	133	124	126
AT1G20870	27	36	35	34	37	29
AT1G76170	219	121	142	180	139	204
AT2G41880	65	33	47	117	86	87
AT4G14820	199	219	202	216	224	131
AT3G56270	137	169	151	125	123	126
AT2G14820	55	72	79	86	87	70
AT1G05640	111	124	111	133	147	120
AT5G59340	89	93	102	201	197	171
AT3G56820	167	151	159	147	196	127
AT1G26560	111	88	87	40	31	52
AT2G22090	84	114	96	105	136	87
AT4G16570	206	137	145	138	152	124
AT4G35730	75	90	62	89	80	66
AT2G16580	190	189	206	145	194	112
AT5G41000	142	140	131	115	126	127
AT3G47980	172	166	164	92	121	103
AT2G39800	159	145	158	97	76	70
AT4G19090	225	135	134	164	190	161
AT1G20510	46	74	46	95	76	72
AT2G44790	0	0	0	0	2	1
AT1G02475	100	107	115	112	108	111
AT3G27120	69	62	67	85	76	89
AT4G30980	62	77	59	63	83	63
AT4G34360	243	195	203	145	153	149
AT4G28640	100	80	104	125	148	129
AT3G63420	124	100	107	150	172	115
AT4G12390	121	160	163	175	202	151
AT3G47670	88	79	123	163	158	138
AT4G38400	8	9	3	4	6	9
AT3G19250	256	249	230	222	229	206
AT2G12646	75	44	28	39	54	43
AT5G54090	187	121	98	214	177	206
AT1G35420	43	31	50	92	66	57
AT1G10520	175	133	155	163	161	134
AT5G02370	62	41	64	54	30	47
AT2G24960	196	143	164	214	182	202
AT3G57040	142	119	115	118	158	109
AT3G02620	75	87	77	131	187	154
AT1G59970	124	122	106	195	214	157
AT2G38695	100	71	72	149	139	93
AT3G04690	129	92	109	116	89	102
AT5G66500	214	184	181	243	259	206
AT4G11911	1	2	1	33	23	25
AT3G20840	210	206	175	228	191	192
AT4G15610	43	90	71	85	142	95
AT3G49550	162	95	109	132	108	116
AT5G22050	126	116	99	111	87	59
AT5G15050	104	132	126	96	114	94
AT2G34840	107	103	101	73	65	54
AT4G22100	5	3	3	19	15	11
AT1G78910	158	135	120	157	160	165
AT4G27830	138	114	134	157	107	127
AT5G53360	120	102	99	133	122	132
AT2G05632	132	91	116	140	138	116
AT5G44740	223	117	144	128	136	126
AT3G58590	229	217	176	228	220	175
AT2G21370	80	71	89	72	55	56
AT3G63430	40	39	21	44	61	39
AT1G29920	4	2	0	2	3	2
AT3G11690	126	154	132	129	134	128
AT4G07455	179	83	89	140	94	139
AT1G25500	98	75	96	113	106	105
AT2G17705	185	162	175	174	164	130
AT2G34080	50	45	51	4	2	2
AT1G54180	147	131	133	66	82	111
AT1G06850	95	75	80	92	86	87
AT2G30340	58	47	62	58	53	61
AT1G01180	51	54	80	67	74	38
AT3G50110	129	107	128	134	120	90
AT2G02148	138	115	126	128	121	130
AT1G52590	101	135	104	188	252	185
AT5G45680	21	23	23	67	58	45
AT3G53530	105	108	128	197	232	152
AT1G65500	8	11	15	20	39	22
AT5G16240	213	242	235	150	149	130
AT1G69330	180	139	168	132	132	103
AT2G31870	134	130	127	140	162	139
AT2G45320	114	124	126	143	127	99
AT4G02200	145	131	118	138	154	130
AT5G55560	69	67	82	279	290	224
AT1G66880	109	109	113	114	130	147
AT5G39210	94	76	81	123	135	100
AT5G60370	137	89	106	107	114	92
AT5G57000	175	129	162	149	136	148
AT5G64550	121	104	90	56	84	41
AT4G14170	171	174	192	194	158	169
AT2G25737	145	98	147	106	109	138
AT1G22380	23	21	21	30	34	31
AT4G05010	153	167	162	151	204	143
AT5G02950	73	65	71	87	88	71
AT3G03240	7	10	3	165	147	129
AT5G22550	102	103	123	222	188	152
AT5G61600	107	86	79	219	195	166
AT1G53490	227	174	172	100	86	73
AT2G40935	117	110	109	165	146	159
AT2G30120	129	113	139	114	125	108
AT3G06455	104	115	76	136	156	117
AT4G24570	171	214	208	147	186	153
AT5G01170	215	178	147	185	178	150
AT3G23880	257	215	295	82	97	86
AT1G11940	117	95	118	157	170	149
AT2G37650	176	156	153	198	215	140
AT4G30570	154	102	101	166	128	195
AT1G70100	64	49	69	106	75	74
AT5G17040	0	0	2	2	4	3
AT2G22821	8	15	7	90	77	68
AT2G24530	182	159	164	167	151	145
AT2G37930	264	212	222	142	170	134
AT1G79890	123	109	95	113	101	95
AT3G60330	256	179	166	178	154	205
AT2G31300	152	124	126	117	125	113
AT1G27660	190	148	164	216	213	219
AT1G56420	179	146	137	135	163	145
AT3G09050	136	134	108	151	165	165
AT1G54740	49	51	30	153	132	132
AT1G33350	234	187	176	198	177	164
AT2G23130	78	71	81	47	56	42
AT3G60680	125	138	132	165	169	128
AT2G46890	104	120	122	120	122	123
AT4G35987	169	118	126	88	91	75
AT5G62550	0	1	0	4	1	0
AT1G07870	150	142	147	194	190	132
AT3G11010	90	74	103	156	116	114
AT5G67350	108	151	117	125	177	138
AT4G12970	93	78	88	144	125	135
AT5G09630	191	163	227	162	171	145
AT1G29050	19	21	22	25	45	39
AT3G52115	200	204	184	122	142	99
AT2G32830	79	84	83	119	128	115
AT5G11970	30	24	30	62	65	48
AT2G40260	184	115	132	144	196	164
AT5G27280	67	54	57	94	87	90
AT3G02160	173	162	155	135	158	140
AT2G30040	51	31	52	24	17	10
AT4G10470	124	88	82	88	116	88
AT4G35640	206	159	136	140	160	200
AT1G13750	32	34	47	48	47	25
AT1G78390	118	154	136	290	292	247
AT3G24820	117	115	105	106	108	110
AT3G09230	143	108	133	174	193	131
AT4G13290	0	2	4	30	45	52
AT1G55280	68	77	66	86	83	99
AT1G61370	203	110	102	131	149	136
novel.113	239	175	158	171	176	127
AT1G03440	101	108	129	170	143	130
AT5G52630	170	178	167	172	192	119
AT2G05765	191	196	217	187	174	132
AT4G27100	118	129	101	102	134	121
AT1G17630	213	173	140	186	212	165
AT5G39970	67	55	44	59	63	56
AT3G19800	132	155	128	228	260	218
AT3G52610	135	135	136	124	141	110
AT4G01670	144	173	157	200	242	178
AT5G62230	106	109	94	153	148	133
AT2G40020	172	129	164	166	184	151
AT1G07020	128	118	109	90	123	93
AT3G56980	1	0	0	8	19	16
AT1G50270	195	175	186	159	217	180
AT5G54780	110	105	96	122	94	96
AT4G39952	235	200	178	185	227	159
AT3G28140	193	195	203	170	195	141
AT4G39235	118	106	108	163	117	138
AT1G61490	268	158	164	212	157	212
AT4G17310	198	192	135	151	149	117
AT5G20830	10	17	16	59	68	47
AT5G54165	25	8	26	48	80	41
AT1G49180	203	128	132	144	163	163
AT3G10060	91	65	53	122	127	154
AT1G32415	173	205	163	195	212	199
AT4G20230	438	403	351	125	96	106
AT2G17900	149	111	155	143	135	139
AT2G20650	147	106	136	129	89	114
AT2G14247	21	9	9	126	149	103
AT2G34450	230	167	183	159	146	160
AT1G64060	30	20	20	48	51	37
AT5G40730	19	32	21	90	76	99
AT5G40470	69	39	57	90	108	73
AT1G06620	3	4	6	0	0	4
AT5G09580	146	162	150	180	182	161
AT3G46020	194	200	187	142	190	185
AT3G13480	117	85	115	152	145	134
AT2G31160	73	84	87	102	121	70
AT1G68260	66	41	63	56	67	63
AT3G17700	183	126	122	195	171	154
AT2G27130	151	153	159	110	150	130
AT1G15190	49	32	26	113	91	84
AT3G62000	136	97	109	97	98	116
AT5G24680	139	127	115	195	162	162
AT1G29640	231	225	263	33	36	34
AT1G55915	212	210	207	148	162	140
AT3G55370	208	165	174	230	261	197
AT1G18620	53	44	53	63	71	62
AT5G63905	81	73	101	119	122	103
AT3G51440	38	18	31	60	63	55
AT5G01620	61	63	68	63	51	68
AT5G20970	19	7	15	9	7	27
AT3G13450	210	196	194	125	93	102
AT2G46680	11	9	11	27	24	25
AT1G21070	29	30	38	38	53	34
AT4G19045	162	141	145	142	120	100
AT5G25890	2	5	0	4	8	7
AT1G75410	292	244	247	201	171	187
AT5G46100	249	193	203	236	190	186
AT3G06470	184	192	207	68	71	78
AT2G03330	76	85	72	121	116	122
AT5G30500	25	25	20	120	112	96
AT4G35690	1	4	5	2	4	1
AT1G73770	199	207	194	167	170	159
AT5G64570	68	56	79	47	46	35
AT2G43560	101	71	86	90	88	80
AT2G31580	189	117	137	117	93	120
AT1G29410	166	101	143	108	94	89
AT1G05300	126	168	178	207	213	187
AT3G06740	74	61	93	77	72	71
AT2G46870	147	134	140	168	168	144
AT4G10650	208	186	193	190	234	214
AT5G66631	212	215	192	176	204	126
10/31/57	210	114	148	174	166	229
AT5G47760	186	156	210	81	81	68
AT2G34510	114	128	109	153	169	153
AT1G30825	124	115	108	143	136	109
AT4G19985	74	58	68	77	70	63
AT1G80980	124	104	113	152	110	120
AT5G38850	59	54	51	170	172	159
AT4G25315	185	175	173	116	133	118
AT5G06420	190	144	151	176	163	144
AT4G18270	160	95	108	136	112	112
AT1G05970	109	130	129	132	134	151
AT3G28150	103	99	110	184	217	178
AT4G19130	180	173	178	84	117	77
AT4G25800	118	106	111	208	171	162
AT5G46790	120	156	146	89	80	62
AT2G37510	172	162	134	160	144	125
AT4G04223	76	76	80	212	184	159
AT5G59450	139	147	138	153	147	113
AT5G04260	118	82	118	125	138	101
AT5G16200	54	79	51	54	69	57
AT5G62500	73	72	75	51	47	58
AT1G50290	33	19	12	75	69	69
AT5G62630	61	84	118	40	61	60
AT4G32430	222	222	233	208	211	134
AT1G03950	86	80	90	146	148	128
AT1G15570	76	56	46	35	31	26
AT1G67060	133	127	122	90	100	106
AT1G03210	202	96	117	145	121	161
AT2G32590	63	47	44	41	46	36
AT1G20450	103	96	79	81	103	69
AT3G01345	144	179	139	333	313	260
AT3G20150	12	13	14	44	25	17
AT5G25580	71	56	66	64	69	58
novel.102	179	71	93	113	80	121
AT5G60820	115	123	115	131	143	87
AT3G56290	7	15	18	17	22	10
AT2G19580	84	76	72	102	124	96
AT5G18255	155	116	130	175	173	197
AT3G50050	131	89	68	102	82	91
AT1G73370	10	1	0	2	6	2
AT1G67510	114	99	101	103	86	106
AT5G43822	138	135	122	148	165	132
AT5G51010	72	61	67	13	10	16
AT4G15820	153	174	129	122	145	119
AT4G08330	77	86	59	146	181	158
AT4G21585	120	99	93	132	131	132
AT5G48250	163	150	129	132	136	106
AT4G32590	131	100	113	93	85	89
AT5G24000	90	73	47	73	47	81
AT5G37360	145	99	114	136	138	127
AT5G61250	84	88	74	134	115	145
AT3G61160	238	179	174	116	130	126
AT2G04845	137	149	128	123	141	111
AT4G24790	147	114	84	85	95	73
AT1G69350	197	188	196	195	195	161
AT1G07640	148	139	104	176	188	169
AT1G74580	197	100	126	177	142	127
AT1G18320	230	149	154	122	150	146
AT5G22400	91	83	91	88	99	80
AT4G14740	132	117	141	198	200	165
AT5G20850	248	162	196	102	110	92
AT5G10190	31	41	31	90	99	54
AT4G16835	230	203	211	174	158	151
AT5G02970	54	56	63	83	116	85
AT2G45420	175	213	186	259	301	261
AT5G04270	156	112	135	150	120	121
AT3G60290	152	129	150	125	135	126
AT1G60970	29	59	40	87	84	79
AT1G70950	13	13	14	10	20	7
AT5G10700	158	142	167	135	155	140
AT5G64010	146	132	131	125	138	126
AT2G34200	149	123	106	157	146	134
AT1G69700	12	7	1	7	5	8
AT5G56580	218	199	229	41	29	24
AT4G33960	187	212	186	284	298	218
AT2G29070	174	128	138	138	151	150
AT4G33170	221	203	170	167	194	182
AT1G05900	147	96	112	113	105	124
AT1G06143	164	146	150	168	150	122
AT3G09710	162	101	116	95	85	90
AT5G48570	66	33	62	82	57	80
AT1G10780	112	119	106	112	98	82
AT5G61810	86	72	77	94	104	80
AT1G36380	117	88	95	156	241	148
AT2G29740	23	33	31	34	37	31
AT3G56830	155	113	133	114	146	141
AT1G29520	23	14	18	22	31	24
AT3G19580	73	68	62	153	140	101
AT1G72490	24	21	9	21	32	23
AT1G11700	17	21	28	26	20	12
AT5G51850	123	144	132	143	127	92
AT3G19470	171	123	121	135	139	125
AT1G12750	124	95	69	96	133	113
AT2G34400	159	180	164	173	197	185
AT5G37055	149	112	133	135	153	129
AT2G36570	50	61	75	105	81	73
AT5G02650	135	134	108	137	145	129
AT3G54710	191	194	163	103	129	96
AT2G26975	72	54	62	190	194	183
AT3G22450	162	148	157	203	158	144
AT2G38740	47	48	39	46	44	44
AT1G02180	112	98	110	72	101	80
AT2G39445	159	139	125	141	156	132
AT1G08630	52	59	76	71	112	66
AT3G50940	103	99	105	149	173	161
AT2G46650	187	170	240	30	19	17
AT4G14590	134	158	159	226	214	153
AT1G34065	147	86	141	78	88	109
AT5G59530	12	15	14	57	71	37
AT3G59550	68	75	58	67	64	54
AT1G64450	113	125	115	153	145	123
AT3G10405	54	41	44	101	101	110
AT3G26700	133	95	119	93	97	118
AT1G22110	127	107	132	157	147	120
AT2G25300	105	94	102	123	134	99
AT4G22550	185	162	143	165	167	150
AT1G50520	77	50	38	103	71	99
AT3G26740	25	14	20	104	108	81
AT1G23330	112	134	119	75	107	84
AT5G01830	143	126	159	41	51	34
AT3G51720	45	40	35	50	42	32
AT4G33260	16	4	2	11	2	17
AT1G58210	151	130	121	175	149	114
AT3G26510	98	81	78	95	76	65
AT5G40700	89	109	98	108	139	109
AT1G67800	93	68	71	139	129	102
AT4G21600	51	28	47	9	5	12
AT1G78550	85	82	82	113	124	112
AT3G04310	106	116	97	184	172	150
AT1G12244	155	112	138	104	131	104
AT2G05940	116	139	120	91	114	77
AT5G10520	79	57	86	174	137	174
AT2G35260	19	16	10	15	14	19
AT1G60440	146	137	134	116	112	75
AT4G24780	84	73	116	54	76	50
AT5G42650	26	30	32	34	19	19
AT3G17710	63	78	85	146	103	103
AT5G45010	119	115	131	172	158	143
AT1G35780	91	79	85	40	49	36
AT2G40880	72	91	77	333	360	257
AT5G06590	105	108	90	89	111	101
AT1G05630	81	62	61	66	65	65
AT3G20680	110	135	127	77	117	91
AT1G19610	23	36	49	133	153	117
AT3G06780	43	41	62	57	103	69
AT3G03590	53	51	33	62	80	63
AT3G04070	280	245	276	6	2	2
AT4G01030	169	142	130	176	172	154
AT1G71015	218	252	219	145	174	147
AT2G41830	141	114	122	130	120	111
AT4G31440	163	138	152	133	166	163
AT2G46510	131	121	113	136	155	108
AT4G03940	180	160	127	208	161	157
AT5G01445	212	186	187	175	191	159
AT2G46810	111	126	87	110	117	92
AT1G34580	36	29	39	372	417	345
AT2G38460	109	90	79	174	154	183
AT4G10390	180	122	152	122	127	111
AT5G38520	26	26	20	49	47	41
AT3G11620	109	85	70	113	118	101
AT1G06547	224	203	204	227	209	147
AT4G37608	161	147	165	162	139	172
AT1G70550	113	83	96	121	128	107
AT2G23700	134	100	128	157	137	138
AT1G06460	106	63	82	179	218	137
AT1G62670	175	163	146	193	162	163
AT2G28100	68	62	69	55	36	49
AT2G41835	105	130	125	120	136	108
AT5G20480	118	107	98	129	156	142
AT3G51990	104	90	98	98	81	69
AT3G60900	72	75	52	83	85	58
AT4G24730	141	111	111	109	128	97
AT1G16510	8	7	12	12	17	9
AT5G40570	79	52	65	103	83	87
AT3G13020	146	85	104	133	136	132
AT2G15980	161	118	127	174	191	170
AT5G07190	21	17	9	52	57	55
AT1G24290	111	120	102	154	135	156
AT1G69790	17	11	29	36	42	46
AT1G69290	192	163	176	167	179	142
AT3G03460	152	118	149	106	130	97
AT1G52450	357	191	206	187	106	202
AT2G25530	23	12	19	18	22	12
AT2G44210	138	130	158	155	165	128
AT2G05520	35	42	54	98	136	107
AT1G31880	194	162	193	192	149	156
AT4G29560	211	165	199	211	215	162
AT2G04860	275	148	193	228	153	146
AT5G53050	113	100	91	154	113	104
AT1G80290	45	55	40	71	103	69
AT2G31990	55	87	63	176	194	151
AT5G66440	48	34	38	115	123	84
AT4G01950	1	2	1	0	1	0
AT5G25475	102	86	78	107	114	89
AT2G37260	138	141	142	109	136	90
AT4G26160	133	147	122	103	127	120
AT3G09190	55	46	81	92	89	84
AT4G35410	115	89	91	66	115	65
AT4G10550	157	93	107	116	116	126
AT4G27240	107	124	95	103	88	64
10/31/36	205	140	125	114	116	117
AT1G64300	152	120	150	198	201	115
AT4G36050	127	145	141	115	97	104
AT5G64950	151	162	150	108	189	134
AT3G04000	11	9	10	38	36	32
AT1G20610	13	14	16	25	23	20
AT5G59900	146	133	107	136	159	98
AT3G13677	143	145	121	135	171	117
AT2G45210	9	13	14	29	39	36
AT5G43070	49	76	74	50	67	49
AT1G45207	57	13	30	30	30	37
AT5G19670	102	89	105	179	135	150
AT3G12070	201	165	168	193	208	142
AT5G36930	180	122	138	180	168	163
AT5G11510	29	25	41	16	23	24
AT1G48880	164	118	113	132	168	137
AT4G33905	11	23	12	47	48	39
AT1G75020	116	111	120	164	144	117
AT1G71990	69	83	84	82	86	73
AT2G29050	65	61	53	51	67	44
AT1G04030	126	109	86	140	133	122
AT3G14700	108	100	100	180	153	158
AT5G08310	159	175	144	209	180	153
AT1G59980	86	56	77	82	74	85
AT5G67140	85	104	86	118	125	116
AT2G25590	118	41	52	139	96	121
AT1G67970	131	96	148	178	158	113
novel.146	68	80	84	80	115	64
AT5G47140	134	113	132	144	139	88
AT5G48530	96	93	78	117	124	123
AT5G01110	176	174	172	165	183	137
AT5G59820	124	74	145	230	245	193
AT2G24390	109	105	87	111	90	103
AT4G33660	13	17	17	102	118	76
novel.129	175	168	148	122	130	101
AT1G34355	22	13	25	35	37	35
AT3G25400	107	135	111	109	120	89
AT1G09467	163	100	91	116	111	95
AT3G14550	61	44	47	96	75	100
AT5G07140	104	109	95	84	93	71
AT4G27652	53	52	59	68	101	39
AT4G37160	1	3	4	5	4	3
AT2G23093	142	114	125	135	140	111
AT4G25270	190	172	120	178	159	152
AT5G04310	145	119	154	115	110	88
AT1G66500	102	65	82	112	100	62
AT5G18970	74	69	69	91	136	107
AT3G15990	151	120	140	63	57	73
AT3G24515	117	85	83	73	73	52
AT3G49142	227	132	150	219	203	194
AT4G09010	8	8	7	8	6	2
AT3G01200	50	68	77	118	87	96
AT3G51920	17	19	23	46	56	49
AT1G11880	127	104	110	148	140	149
AT5G47360	138	178	143	145	180	118
AT3G04620	133	96	120	157	145	134
AT5G50390	104	94	91	142	137	93
AT3G53830	72	45	49	93	78	102
AT3G58710	78	71	91	83	87	86
AT4G12110	140	120	131	110	101	81
AT1G76390	128	114	97	117	148	119
AT3G57430	127	104	132	155	144	95
AT2G19530	160	135	131	120	136	102
AT1G10280	109	128	120	154	120	111
AT1G62440	59	57	71	53	55	55
AT1G80690	104	104	121	119	114	104
AT4G05190	6	5	2	0	1	2
AT2G37420	76	54	65	89	88	90
AT5G24530	4	12	16	24	29	22
AT3G26480	58	45	31	67	66	78
AT2G04650	103	84	77	92	82	82
AT4G03965	223	200	181	118	130	102
AT1G14310	108	102	95	92	94	70
AT1G30040	84	66	44	199	179	146
AT1G65000	111	112	90	144	158	117
AT1G65310	2	3	4	3	8	5
AT1G70650	124	89	94	148	153	115
AT3G16300	164	187	204	158	173	139
AT1G45249	115	95	104	74	80	58
AT2G38185	132	100	117	174	134	176
AT4G32200	150	146	152	136	161	113
AT4G35540	123	93	100	126	150	89
AT1G17410	113	57	67	121	127	145
AT3G07273	139	129	123	138	152	142
AT1G61400	206	124	178	187	169	175
10/31/83	158	127	116	159	197	132
AT1G31790	155	137	129	202	187	164
AT5G43750	45	63	26	33	34	47
AT1G62250	128	68	97	95	77	104
AT1G07620	378	284	364	7	2	6
AT1G11270	116	91	94	126	169	126
AT5G62340	62	49	79	19	12	11
AT5G14280	93	134	82	143	119	102
AT5G58520	73	85	86	81	104	101
AT3G63240	146	111	112	114	88	89
AT1G18745	210	186	194	124	138	118
AT1G62660	2	0	4	0	0	0
AT1G29840	117	110	106	92	94	105
AT5G08770	103	121	90	118	134	89
AT3G13674	143	136	154	108	127	99
AT4G27030	92	70	67	68	65	53
AT5G44040	89	71	89	53	94	66
AT1G74070	88	88	89	110	109	84
AT2G28305	32	57	39	13	29	25
AT2G38720	58	60	54	60	81	62
AT1G76040	34	20	24	44	47	44
AT5G20410	119	116	109	94	139	116
AT5G45870	1	0	2	22	24	25
AT4G03150	120	104	84	151	155	94
AT1G69490	257	282	255	123	157	140
AT1G19010	137	135	113	124	132	118
AT2G34170	64	50	57	56	53	44
AT1G18040	127	108	113	85	97	95
AT1G35530	136	80	134	100	87	89
AT5G15300	239	237	192	167	242	158
AT2G29060	128	130	116	154	105	107
AT3G06035	11	13	16	9	12	13
AT2G01275	22	9	19	56	70	68
AT1G48270	169	142	120	137	109	123
AT5G02790	51	38	42	38	39	32
AT5G04220	280	133	178	204	132	141
AT1G14890	76	70	65	193	219	145
AT5G59250	74	48	61	45	47	35
AT5G45370	123	96	96	114	123	138
AT5G56270	205	211	185	201	163	148
AT1G53600	205	188	184	197	181	175
AT4G16470	195	142	161	202	177	137
AT4G33970	125	132	119	202	199	189
AT2G26150	105	46	94	51	73	82
AT3G14580	195	207	178	159	168	136
AT4G01840	155	142	141	125	159	132
AT5G06540	175	201	194	194	172	162
AT2G43700	105	86	80	139	136	129
AT5G23060	17	7	13	17	12	21
AT1G77890	127	71	90	116	76	113
AT5G56520	87	89	96	103	111	92
AT4G17350	78	70	67	134	133	117
AT1G64780	0	0	0	0	0	0
AT4G32980	43	38	57	36	29	40
AT4G37540	168	185	162	76	74	81
AT3G16140	13	16	12	9	17	19
AT3G58940	118	106	96	117	94	90
AT2G06925	53	58	74	90	93	73
AT2G47500	9	6	8	7	22	11
AT4G21740	75	79	59	86	100	101
AT5G40640	139	123	133	110	103	111
AT5G01680	5	0	1	14	10	11
AT5G57070	71	58	61	120	127	109
AT2G03450	115	105	118	153	152	129
AT4G16480	53	73	75	155	175	134
AT3G15358	81	72	80	89	122	55
AT4G18580	101	114	90	111	144	90
AT1G75440	94	65	83	171	160	143
AT2G27140	0	0	0	0	0	0
AT1G80060	136	122	117	139	166	171
AT5G42750	140	163	140	80	113	46
AT3G48420	105	85	89	115	111	116
AT2G28250	97	67	61	67	60	54
AT3G49840	147	126	122	138	160	143
AT1G61280	90	104	69	156	218	179
AT2G41010	53	51	35	95	111	64
AT1G50910	180	136	188	185	150	151
AT1G14480	214	158	166	148	154	158
AT3G60520	129	143	145	251	268	224
AT4G00690	198	122	130	170	122	124
AT1G30520	139	103	113	105	99	109
AT4G29890	79	35	46	71	39	52
AT1G56130	224	125	126	197	157	193
AT1G68050	68	83	82	215	158	130
AT3G17717	119	79	97	145	143	106
AT5G15790	210	155	146	95	90	84
AT1G01690	108	129	111	76	94	84
AT1G02900	204	213	266	30	42	31
AT2G27420	2	3	3	0	0	0
AT3G09910	24	25	15	41	41	43
AT2G01180	68	66	68	93	126	112
AT1G09195	125	64	94	108	110	138
AT5G66230	0	1	0	0	0	0
AT5G03140	27	18	29	44	39	28
AT1G19025	197	149	129	133	126	109
AT3G24760	58	31	48	68	70	44
AT1G60700	129	96	132	106	117	109
AT4G10000	110	90	102	93	93	99
AT1G43160	23	25	12	5	1	6
AT3G52110	38	48	47	84	64	52
AT2G46620	99	92	115	83	102	52
AT4G26800	202	170	155	159	190	145
AT5G19850	70	57	29	61	39	55
AT3G60150	38	45	29	52	78	56
AT2G35160	116	84	79	73	92	78
AT4G35380	0	0	0	0	1	0
AT5G45560	71	39	58	63	58	55
AT5G63100	99	106	111	106	136	83
AT4G02425	99	90	86	100	146	114
AT4G12120	145	92	103	174	124	138
AT1G18300	148	135	127	167	182	164
AT3G57230	147	98	95	73	69	74
AT1G24095	155	193	192	77	84	109
AT1G62350	154	169	138	170	185	153
AT1G74390	141	107	98	105	107	68
AT3G14190	36	35	24	42	34	43
AT1G12790	130	91	97	110	122	135
AT1G49520	142	113	110	164	125	114
AT4G12690	222	228	199	121	128	116
AT5G12900	85	81	68	137	115	100
AT2G37678	118	110	134	184	197	143
AT1G75730	111	100	110	161	180	119
AT2G18730	114	88	107	55	55	30
AT1G55260	3	3	9	5	5	8
AT1G55050	146	122	125	170	178	125
AT5G61610	49	51	37	86	79	96
AT3G25020	127	60	96	127	135	101
AT4G26790	299	313	336	30	24	20
AT5G23920	114	112	116	167	148	145
AT5G63020	60	35	45	104	113	82
AT1G72180	28	35	19	29	43	30
novel.136	94	98	84	63	59	56
AT5G02230	1	1	0	2	11	3
AT1G25560	67	72	80	27	39	21
AT5G44210	148	137	132	136	154	106
AT4G31050	183	167	170	165	167	138
AT5G45460	96	108	68	96	92	77
AT3G13050	72	106	88	89	87	80
AT1G12730	135	133	134	141	119	134
AT3G20090	122	93	85	106	113	74
AT5G01660	131	76	101	104	104	109
AT5G43250	65	77	74	89	96	72
AT5G58595	217	225	219	108	120	109
AT4G34800	208	234	174	195	263	165
AT5G52870	68	74	86	100	105	102
AT3G11720	215	154	192	96	89	85
AT1G31835	114	97	102	98	99	89
AT3G16565	130	106	112	119	137	99
AT5G46880	143	96	113	90	75	71
AT5G24318	48	56	52	86	109	62
AT4G22755	1	3	8	3	5	9
AT5G04840	80	101	84	48	54	53
AT1G12220	174	129	103	204	199	164
AT5G62840	55	85	48	94	101	94
AT3G25980	5	9	3	8	10	5
AT3G30460	4	1	0	14	10	10
ATCG00670	58	70	43	51	72	57
AT5G21140	142	126	144	128	141	115
AT2G46160	158	178	150	148	136	137
AT5G48900	11	18	13	8	9	10
AT5G06940	113	76	107	102	99	105
AT4G34138	18	15	20	2	6	1
AT1G03100	206	171	169	173	214	150
AT4G25020	131	146	118	139	164	148
AT4G20350	88	67	75	68	75	82
AT1G63730	139	123	150	158	141	134
AT1G76020	5	10	9	39	38	25
AT5G51670	77	86	73	85	80	78
AT4G26990	147	146	146	117	114	109
AT5G49280	14	16	24	10	12	14
AT1G66130	72	93	88	107	102	93
AT2G13820	29	23	26	49	47	46
AT1G14760	45	52	51	234	305	243
AT1G31470	89	81	82	135	103	92
AT1G75170	31	23	37	10	13	11
AT5G07610	166	173	145	138	150	115
AT1G62680	122	127	111	134	157	113
AT2G27610	201	157	171	149	199	127
AT5G13200	57	67	57	165	182	125
AT3G03680	18	14	18	19	21	13
AT5G58940	90	76	74	139	123	141
AT2G30505	212	210	189	109	104	94
AT3G25030	85	83	68	78	80	93
AT3G62570	35	36	42	16	32	26
AT1G24600	67	34	34	58	70	31
AT2G25095	43	38	50	186	135	147
AT5G46700	34	33	30	68	79	63
AT3G61630	140	143	156	114	137	101
AT2G25605	69	54	61	89	93	97
AT1G07090	174	167	203	117	123	75
AT3G51480	91	69	64	108	93	87
AT2G30720	130	120	98	95	111	83
AT2G43375	96	75	41	79	104	95
AT4G18220	26	26	37	86	92	78
AT5G17540	41	34	24	32	62	31
AT2G36145	42	35	25	50	39	33
AT5G05600	95	105	105	74	64	57
AT4G34340	140	122	119	162	184	117
AT1G28680	234	213	199	117	138	110
AT1G09533	179	129	160	143	153	138
AT5G57320	185	104	81	111	103	135
AT5G66900	55	49	69	82	94	72
AT3G43270	7	11	10	59	72	37
AT4G22280	147	136	132	154	111	89
AT3G60660	99	96	101	56	71	79
AT1G04650	103	83	87	104	84	64
AT1G29960	92	91	109	115	133	104
AT5G21482	101	122	119	264	275	236
AT5G60970	126	129	135	155	165	106
AT4G03070	114	83	98	116	99	103
AT5G40600	106	118	96	115	107	83
AT2G05260	84	89	67	96	87	92
AT2G18600	142	130	172	140	123	114
AT1G20190	0	2	0	1	1	0
AT4G02410	15	8	21	24	44	23
AT1G15125	84	88	69	166	152	126
AT1G28715	161	124	108	182	143	160
AT2G40810	89	93	129	139	149	100
AT2G39120	132	178	147	162	161	127
AT5G23410	119	84	102	146	105	111
AT1G68810	97	52	62	131	155	118
AT5G19630	81	80	101	98	98	93
AT2G27310	18	18	27	46	56	34
AT1G11125	88	93	120	72	145	110
AT5G08330	151	131	146	111	143	89
AT1G53170	46	31	37	104	196	118
AT1G13330	176	181	199	127	79	104
AT1G58520	80	80	51	82	78	55
AT2G36420	70	53	50	63	63	57
AT5G50990	101	122	150	152	143	104
AT1G23120	23	12	23	57	54	46
AT4G13040	126	105	112	148	102	104
AT1G26840	75	79	94	65	76	56
AT3G50700	125	150	115	151	118	134
AT1G59720	127	95	123	196	199	114
AT2G37320	158	153	149	144	175	141
AT1G10210	100	68	89	194	165	118
AT3G05830	71	63	65	56	61	56
AT1G56345	158	152	170	95	120	92
AT2G33550	159	128	141	159	172	128
AT1G14370	124	114	120	75	96	89
AT5G64060	252	251	250	121	117	96
AT5G15530	63	64	70	46	43	52
AT1G33102	22	16	23	82	88	65
AT1G05470	143	122	143	151	152	126
AT5G38590	81	60	77	97	122	91
AT3G14470	146	82	110	129	94	129
AT1G62950	120	104	117	118	112	98
AT1G73310	212	108	122	133	102	145
ATMG00660	91	88	60	144	175	126
AT5G58790	169	100	94	131	120	136
AT2G22590	0	0	0	0	0	0
ATMG00070	22	16	15	128	141	100
AT1G23460	136	81	110	102	75	124
AT4G02900	168	80	94	104	55	136
AT1G56680	15	29	6	12	24	12
AT2G17975	116	95	84	90	76	94
AT4G00080	0	3	5	2	0	2
AT5G13220	116	148	144	124	122	116
AT1G14750	184	158	121	128	131	114
AT5G17820	0	0	0	0	0	0
AT2G37585	75	68	75	53	39	54
AT4G39970	101	62	66	68	60	60
AT1G79900	100	123	121	140	111	91
AT1G26410	19	31	34	227	217	152
AT1G05260	0	0	0	0	0	0
AT4G23690	11	18	13	32	28	29
AT5G13230	207	151	219	195	159	170
AT2G32940	158	145	159	106	113	100
AT1G62305	88	56	83	80	95	57
AT5G47440	254	182	192	122	124	116
AT4G18840	141	133	147	173	137	123
10/31/50	149	61	61	138	83	156
AT1G12845	69	73	71	97	121	101
AT1G47760	28	16	24	32	24	25
AT5G03570	218	171	207	60	58	64
AT1G16750	47	30	38	55	40	63
AT1G01010	124	118	118	132	122	125
AT4G32340	89	96	70	119	155	99
AT5G64040	46	33	38	10	8	16
AT1G07290	70	38	38	48	57	55
AT1G70360	120	107	106	120	157	107
AT1G60690	130	78	72	100	117	88
AT4G13400	126	88	98	137	125	125
AT1G50790	122	81	93	119	112	91
AT5G59240	208	237	179	79	79	62
AT2G15320	16	19	21	36	35	18
AT1G78210	77	98	91	45	57	55
AT3G15820	92	94	108	56	59	43
AT3G18320	103	127	118	128	137	148
AT3G60140	61	20	51	237	237	225
AT5G02350	22	7	21	10	15	17
AT5G06310	102	85	103	103	101	102
AT3G20570	0	0	0	1	1	0
AT4G34900	24	10	11	14	9	17
AT5G03406	125	86	99	120	101	143
AT5G65420	95	81	90	90	117	97
AT4G13880	199	116	124	159	154	118
AT1G73010	50	45	54	34	37	31
AT2G22070	221	170	174	165	165	156
AT3G01510	55	54	59	11	27	19
AT3G22470	140	130	120	124	147	108
AT5G18850	45	36	54	124	161	104
AT5G21100	20	24	21	12	17	20
AT5G50580	30	237	50	47	288	48
AT2G33735	111	154	140	147	188	163
AT1G69587	71	76	66	120	123	106
AT2G22500	34	29	42	43	50	44
AT3G16530	23	26	21	288	374	266
AT3G44450	3	0	0	0	0	2
AT5G44560	115	82	101	95	89	90
AT4G21300	182	140	157	158	157	126
AT5G64980	167	131	102	117	127	106
AT5G07105	183	158	152	170	163	165
AT2G28605	79	55	71	65	63	54
AT4G09030	115	117	81	149	161	101
AT2G23430	222	171	191	62	61	60
AT5G19220	62	46	58	61	59	61
AT3G54270	186	142	140	99	121	113
AT2G42395	218	221	213	165	161	136
AT3G61898	90	47	58	69	85	49
AT2G42870	87	99	97	115	115	99
AT2G37810	1	1	7	17	14	10
AT2G25290	157	115	104	148	141	115
AT1G14350	47	31	58	67	64	68
AT1G33480	55	38	34	37	48	37
AT1G49050	68	54	65	95	62	77
AT3G19280	79	71	80	99	83	91
AT5G05830	82	93	104	87	118	89
AT1G16500	205	221	199	74	71	75
AT5G42450	144	171	164	192	164	129
AT5G43580	3	1	6	10	19	15
AT4G39780	186	162	185	113	148	99
AT5G08565	142	170	144	88	73	64
AT5G24750	102	43	58	121	109	123
AT3G05490	37	44	34	39	72	63
AT4G14330	17	19	19	16	22	8
AT1G71490	222	173	175	185	172	157
AT4G28890	169	188	227	100	108	116
AT5G01940	147	126	136	137	158	136
AT5G14410	96	103	79	87	81	77
AT1G03290	195	136	161	39	38	50
AT4G18400	85	79	71	113	148	106
AT3G61460	56	58	62	61	57	42
AT4G18640	12	19	19	70	65	44
AT3G04860	103	111	114	100	147	101
AT4G03292	175	177	144	118	203	180
AT4G08210	215	141	159	144	159	152
AT5G48890	20	28	11	2	7	5
AT1G18680	151	124	127	115	141	103
AT3G03990	32	33	36	18	23	16
AT3G23760	35	32	29	69	61	49
AT3G44220	112	84	91	160	188	153
AT2G27480	112	79	79	84	103	108
AT5G10770	36	23	22	64	89	81
AT5G20810	105	105	112	119	118	100
AT1G09040	86	86	81	107	106	101
AT2G22000	119	105	100	152	187	112
AT5G03770	120	74	86	109	74	99
AT5G56320	47	64	75	46	69	54
AT5G44680	59	84	63	78	113	96
AT2G39230	182	186	163	181	182	153
AT1G68360	121	153	123	150	148	159
AT3G16610	172	159	151	166	210	130
AT5G44490	160	107	95	103	92	100
AT4G34420	84	80	65	91	117	114
AT2G03380	179	135	135	172	156	127
AT3G22810	84	68	80	104	98	66
AT2G31880	37	43	38	152	147	112
AT5G12920	62	34	64	62	44	57
AT4G11640	61	83	93	76	69	66
AT5G18290	132	131	116	211	217	196
AT5G24290	8	7	6	3	4	10
AT2G38940	111	110	129	33	50	32
AT1G11350	182	81	92	119	68	104
AT1G15885	106	94	121	137	173	176
AT3G58820	154	103	102	121	123	110
AT5G22140	29	23	33	27	32	23
AT5G58660	5	4	8	35	44	37
AT5G02540	139	84	89	78	96	84
AT1G03510	171	145	143	122	159	111
AT1G62260	200	104	119	191	102	152
AT2G20835	21	22	37	16	37	40
AT1G53920	14	11	8	10	5	4
AT3G19010	1	3	5	20	18	11
AT1G19950	113	69	78	86	69	61
AT1G79120	240	166	181	173	144	149
AT2G37195	112	125	152	109	137	132
AT2G39650	127	100	140	125	110	92
AT3G05340	182	132	140	172	137	176
AT5G16350	54	38	54	56	52	59
AT2G21850	14	15	27	14	12	12
AT5G36110	149	141	141	43	41	36
AT3G62060	81	74	63	69	45	66
AT4G40010	0	0	1	1	0	2
AT5G02940	124	58	45	91	80	102
AT1G34120	116	110	92	95	119	128
AT1G13710	34	34	48	85	110	76
AT3G53160	101	92	93	120	88	84
AT5G56450	121	96	114	113	111	103
AT2G02980	163	107	96	141	126	121
AT3G28660	203	155	137	169	136	134
AT2G35340	213	103	117	195	146	168
AT1G26330	87	68	70	79	69	81
AT3G51290	70	57	69	36	42	38
AT2G01210	103	91	99	83	83	78
AT3G05470	44	43	29	49	44	38
AT1G51190	140	141	180	92	105	72
AT5G48820	106	114	118	96	102	66
AT4G05631	168	79	98	149	101	119
AT5G62940	129	157	179	231	233	168
AT5G64880	84	66	72	111	110	104
AT2G46110	102	119	101	120	106	103
AT3G61060	118	127	125	108	84	92
AT5G10930	86	85	87	43	51	28
AT5G42720	18	14	19	52	62	58
AT4G23493	6	1	3	15	14	14
11/21/01	124	66	91	131	96	100
AT5G48790	49	36	45	64	61	61
AT3G25882	61	62	72	81	83	79
AT3G63140	7	3	11	13	11	24
AT5G53990	1	6	0	18	26	20
AT5G49190	189	122	125	197	92	173
AT1G08380	28	26	27	30	32	31
AT1G71000	31	30	49	33	40	31
AT5G45630	15	18	20	61	42	30
AT1G07473	2	1	1	12	19	19
AT4G23530	131	116	106	121	118	84
AT4G32870	6	12	12	3	13	6
AT5G35410	98	75	78	115	114	117
AT3G05480	141	117	120	122	81	82
AT4G12870	6	10	16	1	5	2
AT3G53170	190	115	148	146	144	113
AT3G58875	113	123	107	73	80	78
AT1G25390	73	54	60	86	89	77
AT5G05965	14	8	5	95	92	68
AT5G36220	8	14	23	17	34	33
AT3G05740	53	47	41	69	66	59
AT1G60870	50	60	60	13	16	11
AT1G62360	121	113	120	176	170	149
AT5G37400	101	98	138	133	154	127
AT3G49160	224	208	209	42	28	37
novel.103	38	36	36	20	9	10
AT1G34340	125	76	72	68	62	79
AT3G57380	44	43	53	80	79	62
AT4G27270	41	25	20	23	27	26
AT1G22740	151	101	111	48	63	74
AT2G45750	9	4	1	2	4	3
AT1G13245	161	160	150	85	121	74
AT3G18850	96	81	89	104	89	77
AT3G47750	96	65	57	34	24	36
AT2G47260	74	72	82	92	108	72
AT5G47800	17	13	11	44	35	42
AT1G04940	98	104	113	79	89	86
AT1G07897	173	222	187	132	133	125
AT5G07860	47	45	37	56	62	61
AT1G27020	4	5	5	7	11	9
AT5G01970	22	20	20	24	29	20
AT5G03553	1	2	1	3	7	4
AT3G27460	99	74	78	104	111	76
AT2G27360	54	37	39	43	32	24
AT1G49880	133	139	144	113	132	109
AT4G03490	104	112	114	113	119	126
AT1G53330	145	160	162	156	167	127
AT2G33390	121	105	107	139	134	118
AT4G37110	35	21	16	15	18	10
AT3G61350	101	104	85	119	110	102
AT5G67160	93	91	85	64	72	85
AT1G62930	144	110	150	151	118	98
AT3G10440	131	69	83	92	88	110
AT3G14020	200	160	161	195	193	143
AT4G21720	90	98	98	107	84	90
AT3G59320	142	44	47	74	31	77
AT2G01950	24	8	7	54	59	35
AT1G10140	64	77	79	130	136	112
AT3G06770	41	51	31	42	39	37
AT3G05170	79	72	86	96	92	84
AT3G17626	101	72	92	138	143	149
ATMG00080	22	18	8	81	70	71
AT2G34150	33	25	26	30	36	29
novel.153	130	87	86	126	119	141
AT1G08920	168	176	175	88	116	108
AT5G53090	69	34	33	38	46	69
AT3G45443	79	50	66	75	66	63
AT5G55760	107	97	133	92	104	96
AT1G54200	154	124	94	147	163	143
AT2G39180	59	69	48	56	56	41
AT1G01715	102	92	74	122	127	107
AT5G47380	174	137	139	144	106	123
AT1G06180	19	14	8	6	13	16
AT2G22610	5	4	12	16	33	19
AT3G51280	0	0	0	0	0	0
AT2G29680	74	32	48	43	38	39
AT4G14147	96	56	65	82	73	82
AT4G24320	148	162	126	134	164	107
AT3G23805	14	23	16	18	29	15
AT4G26180	126	112	96	130	111	141
AT1G16825	66	63	65	95	76	83
AT5G13790	141	92	121	111	103	115
AT1G28130	70	64	71	19	38	24
AT5G47610	23	17	29	10	20	11
AT2G15570	139	171	141	79	75	61
AT5G10320	146	97	97	120	146	130
AT1G04050	93	83	82	116	125	124
AT5G54470	87	85	88	52	89	73
AT4G18460	108	83	105	86	62	61
AT5G36120	91	94	100	99	100	95
AT1G04840	161	134	155	132	171	115
AT5G46680	190	150	179	171	166	149
AT2G19620	84	61	84	67	57	84
AT5G09950	202	97	115	174	119	144
AT4G03440	122	88	82	140	130	93
AT4G17240	22	35	25	14	16	13
AT3G63280	95	103	89	121	119	110
AT1G48960	119	138	121	111	111	108
AT3G48160	78	60	68	66	61	44
AT1G14345	29	31	28	35	46	32
AT4G34230	10	12	12	62	48	25
AT5G20450	145	75	89	78	126	74
AT5G25090	0	0	0	4	0	0
AT5G26010	3	8	2	26	35	34
AT5G59540	15	11	14	38	33	28
AT1G51520	138	106	115	139	118	138
AT5G27100	139	115	109	98	125	126
AT2G20260	18	18	16	7	15	14
AT1G48770	145	124	129	128	111	91
AT5G05400	85	54	55	165	146	147
AT1G12775	84	72	98	107	117	87
AT1G56612	120	84	81	119	87	165
AT1G17285	53	61	54	70	54	65
AT5G18490	105	82	96	103	104	84
AT3G56930	33	31	56	53	57	44
AT1G09850	7	5	3	2	8	1
AT1G73690	80	93	101	117	105	85
AT5G05590	39	56	58	26	29	40
AT3G27400	16	14	17	31	38	7
AT1G68510	459	361	394	5	3	4
AT2G46660	15	15	26	21	13	10
AT4G26540	14	16	8	15	8	13
AT1G56260	116	98	119	110	125	103
AT5G57140	105	91	100	107	85	99
AT5G51600	5	7	11	3	3	5
AT3G15390	134	82	92	115	106	119
ATMG00650	32	22	26	138	194	118
AT4G01897	89	84	107	108	105	89
AT1G53430	42	49	59	80	79	78
AT4G38180	116	119	112	118	151	96
AT5G28400	132	65	74	156	72	115
AT5G24570	27	33	53	52	58	44
AT3G08505	88	59	81	124	100	104
AT5G51370	106	80	70	118	87	93
AT5G67270	28	31	20	15	25	18
AT4G33770	111	117	92	95	76	63
AT1G63150	152	125	118	150	121	94
AT4G31060	180	119	107	109	103	111
AT5G56310	161	138	144	131	151	99
AT4G16850	71	59	68	77	68	56
AT3G27540	85	66	65	95	110	78
AT1G53830	7	8	2	127	93	85
AT4G12010	54	48	77	90	93	82
AT4G34990	116	109	111	64	56	35
AT5G43980	104	129	118	139	147	112
AT2G29640	88	73	60	69	87	78
AT2G30960	139	129	189	104	141	104
AT5G47510	139	97	98	177	183	159
AT3G21670	21	30	22	33	22	11
AT2G26760	0	1	0	0	0	1
AT2G46630	34	26	33	18	16	27
AT4G25910	137	115	109	106	96	109
AT1G60750	17	5	16	35	14	19
AT3G58790	106	94	95	49	54	52
AT1G08300	98	82	97	104	111	89
AT5G48780	75	68	43	75	112	87
AT2G27800	131	114	116	124	139	112
AT2G31380	12	10	13	11	22	16
AT4G23930	77	76	84	86	110	99
AT5G48540	27	38	40	135	169	126
AT5G65820	143	79	86	117	126	105
AT3G25100	27	35	58	42	61	56
AT4G03100	72	74	65	34	16	22
AT5G08490	199	146	144	160	192	139
AT5G38730	143	121	122	134	133	131
AT3G06880	0	3	6	0	0	1
AT5G19830	154	94	112	125	106	121
AT1G06265	161	81	88	133	76	133
AT1G22050	112	107	87	115	142	114
AT1G29550	120	98	96	103	86	96
AT1G60010	21	23	26	43	54	40
AT1G69580	152	121	124	183	206	214
AT1G12740	6	16	10	6	4	13
AT1G15970	39	43	54	49	35	43
AT1G65960	33	17	34	1	7	0
AT4G20820	4	2	1	33	25	30
AT3G30720	11	3	2	98	71	95
AT5G14500	62	79	68	74	54	58
AT4G37750	117	75	88	87	104	91
AT5G19340	32	35	34	13	19	20
AT4G27560	22	28	27	8	6	4
AT3G24890	112	78	96	118	132	101
AT3G53650	12	10	15	22	36	19
AT2G33110	110	66	61	104	83	109
AT1G76080	25	22	22	37	34	53
AT1G07483	59	75	53	134	237	146
AT3G61170	203	100	160	167	179	173
11/20/01	11	15	5	34	72	33
AT1G78730	126	108	95	82	107	107
AT1G78790	115	90	93	75	55	82
AT3G44730	72	46	37	111	98	108
AT1G68872	131	63	69	79	83	91
AT1G08070	140	99	140	126	146	130
AT1G75125	145	121	140	164	112	136
AT5G27300	90	72	75	115	117	123
AT2G01400	82	66	61	99	136	88
AT5G35670	37	43	46	62	66	60
AT2G42220	20	19	23	29	41	24
AT1G01380	93	104	137	15	7	10
AT1G74090	75	74	83	125	148	99
AT5G22250	124	113	123	146	148	112
AT5G49290	137	70	97	133	128	103
AT5G61940	234	118	152	140	127	142
AT3G48590	99	76	57	44	59	40
10/31/69	149	135	132	161	153	139
AT1G16445	102	109	82	81	99	87
AT5G17600	45	50	45	71	97	68
AT1G12160	79	60	72	64	100	58
AT1G50950	100	79	101	127	144	137
AT3G61590	95	102	87	104	94	76
AT1G17455	113	123	108	70	95	83
AT1G15165	126	89	87	112	96	106
AT5G13990	15	10	12	0	0	5
AT3G62890	155	119	120	122	138	118
AT3G20015	78	60	73	82	65	53
AT4G19191	164	112	118	152	168	114
AT1G09415	106	62	60	93	71	81
AT1G24530	11	19	26	32	12	13
AT2G39470	23	25	14	35	23	44
AT1G49620	113	140	123	117	117	105
AT5G40150	78	83	91	79	106	65
AT3G09730	81	72	48	71	91	66
AT4G36260	112	112	94	123	134	127
AT4G39010	220	228	224	72	95	75
AT5G17760	65	58	61	41	42	46
AT5G60150	12	24	20	25	27	18
AT4G23000	87	64	62	35	46	54
AT1G19980	110	96	85	137	109	113
AT1G04110	68	49	71	106	145	159
AT1G51110	28	13	29	24	22	29
AT2G24250	111	75	82	106	122	96
AT1G29465	134	126	102	88	160	79
AT5G10620	97	87	106	84	87	81
AT1G77420	66	54	50	78	83	87
AT2G02060	49	52	78	97	58	74
AT5G18210	77	70	68	99	100	97
AT1G75110	70	71	88	103	137	95
AT2G29525	88	44	42	82	67	103
AT1G09794	74	64	61	103	116	88
AT2G16630	14	11	30	90	145	88
AT1G69780	0	0	2	0	4	0
AT2G20100	108	81	85	127	131	104
AT5G19100	46	39	45	49	51	44
AT2G35736	114	83	128	159	144	136
AT2G14050	41	29	31	48	15	33
AT3G61270	2	2	1	2	1	1
AT4G19550	175	114	155	96	119	105
AT3G58980	112	97	83	136	117	97
AT4G01270	65	45	58	84	110	78
AT5G06930	16	21	14	89	64	82
AT3G09060	177	118	132	163	104	111
AT1G25510	23	15	30	14	26	13
AT5G25130	19	37	25	248	302	217
AT3G23090	1	5	5	9	11	8
AT4G39955	27	15	21	12	11	14
AT5G61400	121	126	136	115	148	136
AT1G63310	10	7	4	5	7	4
AT2G38920	199	149	146	84	84	85
AT4G10280	98	80	79	86	109	63
AT5G63690	140	153	117	151	161	124
AT5G03490	32	41	53	75	75	51
AT5G66270	173	138	119	101	99	98
AT1G64572	132	114	107	108	100	115
AT5G09240	69	78	102	82	84	61
AT1G79450	14	22	11	10	20	10
AT4G22830	102	98	98	91	113	88
AT4G05330	75	44	52	45	58	55
AT1G27700	108	93	74	47	45	78
AT5G06850	48	44	49	105	106	106
AT1G73570	71	55	45	58	59	77
AT1G03780	2	2	0	2	1	4
AT1G60630	89	68	79	111	99	80
AT1G58848	71	116	84	200	161	272
AT5G42030	69	54	52	52	44	52
AT1G62590	151	99	139	121	119	86
AT2G35480	139	104	83	67	76	58
AT5G50440	74	70	68	109	83	76
AT3G01580	193	143	154	131	142	118
AT1G26680	58	53	31	64	68	42
AT2G04885	11	9	17	149	169	130
AT5G51810	131	122	137	96	83	71
AT2G33760	158	144	148	138	169	118
AT2G41905	33	40	53	90	132	96
AT4G12990	112	70	89	119	118	90
AT5G03090	79	81	80	124	155	125
AT5G47180	47	58	58	32	21	33
AT3G11230	97	74	86	80	78	95
AT3G13403	134	83	76	111	108	115
AT2G24395	92	79	96	73	106	49
AT4G21270	32	25	20	8	15	11
AT1G26810	68	70	82	64	60	72
AT4G29920	161	133	199	187	164	146
AT1G77290	73	79	58	101	78	86
AT3G22900	78	83	82	117	105	104
AT3G45638	47	64	51	176	189	147
AT5G09820	69	44	52	60	78	74
AT4G23030	243	164	202	14	11	5
AT2G02540	116	100	130	75	132	60
AT5G63990	82	75	71	45	50	59
AT3G01450	62	41	61	51	85	49
AT3G06095	11	8	12	112	123	110
AT2G37560	59	69	53	56	72	48
AT1G02310	2	3	3	12	16	6
AT3G25110	28	29	27	29	32	34
AT2G29750	1	2	7	2	1	1
AT2G08100	56	50	52	107	124	124
AT4G13370	32	35	46	11	13	24
AT2G46590	84	84	79	69	77	69
AT1G74880	17	20	18	40	38	28
AT5G47460	131	157	155	136	144	120
AT3G29035	57	73	74	118	116	86
AT5G11870	121	94	96	145	124	108
AT5G64990	83	81	70	146	91	145
AT3G18295	63	72	72	85	85	96
AT1G75166	131	135	100	160	163	133
AT4G33985	73	59	68	123	136	123
AT5G13840	14	8	2	11	5	9
AT3G05890	0	0	0	3	0	3
AT3G02120	7	5	5	17	4	3
AT2G34920	44	46	40	22	20	17
AT2G47485	29	27	23	34	61	44
AT2G36500	25	19	16	29	14	21
AT5G02520	109	93	102	96	101	95
AT5G21900	85	45	81	92	81	80
AT4G17100	53	46	52	49	49	67
AT1G75100	77	57	46	147	97	93
AT3G17712	137	93	75	112	104	102
AT2G22140	116	89	81	84	86	69
AT3G15200	132	81	106	161	166	137
AT1G02390	84	96	83	92	169	116
AT4G06598	80	39	47	34	62	58
AT1G29390	13	20	28	35	58	42
AT3G21710	133	113	128	20	29	25
AT2G19660	19	21	20	27	20	21
AT1G57990	25	32	36	68	73	65
AT5G02200	40	28	22	66	65	58
AT3G57400	97	76	92	98	108	75
AT5G25980	0	0	0	3	0	0
AT3G23440	79	85	76	117	113	93
AT1G52347	110	142	116	97	84	78
AT1G70460	32	31	30	25	42	25
AT1G79410	7	4	5	7	6	10
AT5G18370	65	54	58	106	87	66
AT5G47330	19	25	20	6	6	13
AT5G10800	57	29	38	69	63	69
AT5G55900	83	64	68	78	70	63
AT3G45060	45	31	36	34	35	25
10/31/93	153	94	101	140	137	150
AT4G13495	149	88	73	78	58	93
AT1G04360	26	37	23	45	65	37
AT5G55340	22	20	24	10	12	20
AT5G48880	40	23	19	17	24	20
AT1G13950	20	6	20	7	8	7
AT1G18590	91	92	101	23	24	16
AT5G03440	139	120	152	113	103	73
AT5G59680	159	121	133	96	97	89
AT3G16320	62	65	64	77	53	49
AT4G03635	110	96	92	112	144	82
AT1G72280	201	174	200	40	72	75
AT1G33615	124	33	37	104	61	84
AT5G24170	88	56	81	65	101	73
AT2G21530	19	17	16	65	44	33
AT3G57160	86	76	80	115	124	86
AT1G59940	1	5	1	5	4	6
AT1G31460	65	58	87	108	97	82
AT1G61310	57	36	47	38	39	20
AT5G57840	89	69	68	131	117	98
AT3G17420	93	73	84	68	106	91
AT1G30720	0	0	0	3	3	2
AT5G59350	101	70	90	73	127	87
AT3G56810	97	115	73	96	131	110
AT1G69400	77	98	89	96	69	93
AT5G14350	123	113	83	127	119	110
AT4G33130	42	41	39	47	35	24
AT1G16220	69	100	90	140	103	92
AT5G20420	106	59	67	177	184	143
AT2G45720	110	77	91	121	135	87
AT1G33415	131	55	80	113	109	120
AT5G65170	132	129	141	96	108	86
AT4G02485	115	60	87	83	109	78
AT1G71697	25	17	24	59	63	83
AT3G16030	144	56	82	91	79	104
AT2G04850	176	99	106	100	120	89
AT2G33640	110	91	104	121	109	112
AT1G45248	114	75	95	121	121	104
AT5G04230	59	49	59	104	92	111
AT1G02620	251	152	153	1	3	2
AT1G52855	74	97	86	119	186	112
AT1G72250	6	1	3	2	4	4
AT2G40420	79	70	107	85	92	75
AT4G30450	19	17	32	38	56	26
AT3G18690	62	74	67	90	122	75
AT3G29260	0	0	1	8	6	11
AT5G16540	39	28	45	9	21	23
AT2G12190	28	31	27	87	83	61
AT2G17830	120	101	82	137	118	99
AT1G05690	33	25	19	25	40	13
AT5G41830	75	78	73	213	220	196
AT4G13840	49	51	39	20	35	40
AT4G09950	0	0	0	0	0	0
AT3G24750	0	0	0	0	0	0
AT3G21270	95	109	107	81	111	86
AT2G32430	81	65	52	99	94	87
AT5G64520	109	83	92	68	85	74
AT1G12080	5	1	1	0	0	2
AT5G57785	11	15	7	5	9	0
AT5G03050	75	89	48	125	112	85
AT1G76620	5	12	10	8	20	9
AT5G15340	161	147	144	159	130	114
AT3G52561	31	60	56	46	47	40
AT5G24800	29	15	8	91	87	68
AT4G05715	84	98	62	60	39	32
AT1G09220	166	140	152	125	139	131
AT1G14180	90	98	81	73	60	74
AT3G06110	110	84	91	62	75	56
AT3G25610	21	21	23	66	57	67
AT3G44630	50	25	38	74	61	70
AT5G47960	83	112	81	48	50	41
AT3G56220	40	27	36	28	30	26
AT4G39380	57	53	57	77	70	61
AT5G65575	87	55	62	101	99	91
AT1G67190	104	75	89	62	85	58
AT3G08570	137	96	124	126	138	123
AT3G20935	87	94	81	93	73	87
AT2G38070	59	67	49	98	94	78
AT1G22550	26	21	16	8	19	7
AT5G18810	96	114	78	111	92	75
AT2G43465	104	57	61	99	93	109
AT2G41170	55	24	25	31	20	21
AT1G12700	108	78	77	97	113	119
AT1G70640	23	37	41	129	143	72
AT5G05350	103	81	103	135	155	111
AT1G66060	122	129	100	176	157	139
AT5G21150	184	132	154	115	113	128
AT4G22758	95	95	103	45	42	36
AT5G66260	199	221	191	36	51	41
AT2G38480	173	139	164	96	100	83
AT1G13800	166	97	127	137	130	85
AT5G45580	11	15	28	59	78	63
AT1G19340	152	105	113	135	95	105
AT3G15356	0	5	6	2	3	2
AT1G77490	89	55	73	45	58	48
AT5G49015	107	74	97	98	93	87
AT4G16680	122	43	79	137	79	157
11/9/01	121	101	67	144	106	125
AT4G09500	35	47	40	42	24	33
AT1G05950	55	48	43	28	34	41
AT3G05655	156	148	145	133	161	105
AT2G41150	25	26	35	17	14	16
AT2G04560	108	97	106	109	111	105
AT2G37450	39	39	21	25	16	21
AT1G18750	100	69	52	143	102	124
AT4G10560	49	47	41	55	47	40
AT3G15400	100	60	50	75	53	75
AT2G14115	62	73	46	124	120	108
AT3G04380	97	84	98	60	64	57
AT5G45940	39	33	33	28	44	22
AT2G14900	3	1	1	8	5	4
AT4G32350	68	79	76	59	60	66
AT1G73360	57	63	79	61	79	63
AT5G07730	140	125	126	66	85	83
AT2G18950	107	99	110	59	69	86
AT2G15400	89	68	100	66	113	75
AT2G40970	92	66	65	21	23	21
AT1G52825	96	98	94	82	109	70
AT1G63400	96	104	73	84	89	108
AT5G01260	21	22	16	38	30	30
AT5G41130	108	67	66	79	83	86
AT5G45730	36	26	30	34	31	33
AT2G20240	48	29	26	35	52	49
AT2G43930	54	43	39	84	105	85
AT4G15236	26	38	38	94	100	100
AT5G62820	153	146	119	92	115	88
AT2G01021	78	153	111	92	83	64
AT2G46100	73	60	73	79	85	72
AT4G13710	173	146	171	101	84	79
AT4G39070	30	17	19	10	14	6
AT1G12280	62	35	45	78	73	56
AT1G14120	3	2	0	1	0	0
AT5G24310	100	88	75	109	98	90
AT3G59050	104	64	70	26	24	21
AT1G01370	44	36	43	49	56	36
AT4G13690	69	66	65	60	80	62
AT5G22580	53	66	67	57	62	47
AT4G25225	77	75	72	92	106	92
AT4G01026	22	25	38	54	55	25
AT4G10420	55	77	73	61	59	46
ATMG01090	11	5	16	38	34	23
AT3G09680	211	240	231	75	72	67
AT2G45490	49	31	49	28	64	24
AT1G03180	86	69	65	51	55	62
AT4G14750	0	1	0	1	0	1
AT4G25290	66	34	46	52	32	54
AT5G42090	88	90	81	132	138	109
AT3G20200	144	65	78	101	88	116
AT4G21820	76	36	70	49	50	37
AT3G26115	53	45	51	84	56	74
AT3G48187	75	62	78	92	117	80
AT1G01810	91	115	127	117	129	100
AT1G05010	8	31	14	63	78	56
AT4G38770	3	5	5	25	34	20
AT1G23150	188	208	185	5	6	4
AT5G19170	70	60	51	53	69	67
AT5G24470	88	68	77	107	123	76
AT1G79640	77	67	81	131	121	110
AT4G21940	92	54	70	75	62	56
AT3G07200	71	65	75	61	57	57
AT3G12170	71	53	42	47	57	55
AT4G16566	126	131	122	130	103	100
AT5G62180	20	7	15	18	21	11
AT3G10310	2	7	1	0	3	1
AT2G27000	59	42	47	39	56	47
AT4G28750	29	46	40	15	19	7
AT5G57480	13	6	13	17	9	13
AT3G27640	37	56	23	43	40	39
AT1G11440	66	92	65	49	48	47
AT1G60930	87	66	85	87	95	63
AT1G69450	48	35	43	38	21	20
AT5G63060	129	111	86	90	79	92
AT5G55520	2	1	0	1	2	0
AT1G52340	69	68	80	63	55	60
AT1G56080	102	54	71	77	83	56
AT5G43210	90	86	91	122	124	103
AT5G54370	0	0	0	0	0	0
AT5G07095	133	113	105	134	127	110
AT2G45870	86	55	66	46	50	34
AT1G31350	27	14	19	13	15	13
AT5G47220	11	28	26	50	59	42
AT3G19380	47	41	55	76	75	52
AT3G47840	126	109	115	116	162	106
AT1G53345	113	110	95	81	99	64
AT5G51060	0	0	0	2	0	0
AT2G35744	158	105	85	72	106	84
AT4G33280	59	39	45	79	80	61
AT3G02150	107	103	74	79	102	84
AT2G44630	135	119	89	113	104	88
AT1G18550	56	40	54	54	39	40
AT3G47690	101	82	67	49	60	34
AT1G06520	84	82	71	109	112	135
AT1G22403	122	94	89	78	69	89
AT1G69170	103	67	61	139	120	106
AT3G23610	112	95	95	68	66	73
AT1G62910	121	125	111	115	124	114
AT5G54850	55	74	57	56	69	58
AT1G06140	125	147	135	144	132	126
AT1G57800	130	108	104	156	167	140
AT5G04330	43	60	70	88	87	82
AT4G26930	48	74	59	251	249	231
AT4G02290	22	11	26	14	18	17
AT1G14490	78	86	97	69	108	78
AT1G14470	151	103	107	128	108	107
AT5G61980	61	50	68	56	66	78
AT4G15830	3	3	3	3	7	0
AT5G24600	18	13	16	34	31	26
AT5G40510	0	0	0	0	0	0
AT1G74350	134	101	111	108	94	82
AT4G16940	74	41	52	97	112	86
AT5G20740	13	13	24	18	11	16
AT5G57080	130	156	137	118	133	97
AT5G24330	60	36	48	52	67	41
AT5G35732	152	134	197	19	27	14
AT5G17680	50	54	63	87	118	117
AT1G16390	5	8	8	1	1	1
AT5G62470	16	26	20	54	63	40
AT3G05345	113	53	64	109	81	100
AT2G22990	12	16	14	34	30	43
AT5G17780	7	16	14	10	19	16
AT3G14060	12	7	14	104	102	78
AT2G44700	31	49	50	82	47	46
AT2G45245	82	61	90	80	101	102
AT5G49960	44	44	38	24	42	28
AT5G59470	106	96	86	117	121	94
AT3G44400	27	18	20	10	7	15
AT3G20480	81	67	62	111	80	90
AT1G09787	115	123	125	80	142	105
AT3G28455	113	81	88	124	127	115
AT1G51420	2	1	0	3	1	0
AT3G30350	113	70	93	82	83	84
AT5G62140	40	34	40	44	48	41
AT3G05715	141	150	113	112	136	133
AT1G67040	45	25	34	33	41	32
AT1G68238	71	93	82	93	78	93
AT1G79360	38	61	57	30	26	13
AT2G17970	100	68	61	57	53	56
AT1G08160	3	3	3	1	3	4
AT1G21150	98	112	90	43	42	33
AT2G34650	72	92	74	71	75	67
AT5G06610	175	171	175	61	36	47
AT3G09430	111	91	86	130	135	87
AT3G58070	80	71	79	43	55	32
AT5G26749	100	100	100	97	98	76
AT4G33490	33	31	37	52	39	53
AT3G24340	119	100	103	148	125	79
AT2G27080	44	58	54	85	120	79
AT4G37240	1	0	3	1	3	3
AT2G32930	63	55	64	27	36	34
AT1G31258	96	78	90	102	122	88
AT3G13640	165	161	156	99	114	99
AT3G58100	50	47	39	50	43	35
AT5G25010	79	89	70	44	65	41
AT2G10931	78	58	62	72	84	67
AT5G23830	1	3	7	5	5	1
AT2G01505	63	37	62	89	91	62
AT1G62914	107	65	84	108	90	91
AT1G07410	59	42	41	27	38	50
AT1G63080	92	96	84	102	67	96
AT5G63300	95	111	103	102	106	65
AT1G26930	32	19	25	46	51	46
AT3G57670	86	118	93	137	142	101
AT2G19910	95	83	52	83	78	101
AT4G27510	45	57	54	44	55	40
AT1G52570	120	88	79	83	113	98
AT3G45880	129	98	113	102	119	111
AT1G48605	35	34	41	44	50	53
AT1G49720	110	69	72	74	65	83
AT1G60390	73	68	62	119	148	93
AT1G15380	35	28	41	271	224	168
AT2G39560	83	72	60	32	56	40
AT1G64200	12	14	8	2	4	3
AT5G38430	2	5	1	6	6	8
AT1G02405	50	57	69	116	109	109
AT5G51260	76	60	38	85	87	54
AT1G64320	136	85	103	150	98	104
10/31/33	72	84	83	94	112	85
AT1G72275	86	76	76	93	85	60
AT4G16745	71	55	71	78	70	61
10/31/67	73	51	51	56	50	27
AT1G20850	0	0	0	0	0	0
AT3G53860	88	108	99	81	123	77
AT4G22730	10	5	8	17	24	5
AT4G19830	45	56	34	69	77	74
AT1G65120	189	91	110	115	73	151
AT3G12203	11	11	10	12	13	8
AT4G16957	56	49	39	57	43	40
AT5G43820	139	99	82	119	97	102
AT3G24255	139	105	99	90	85	88
AT4G01200	25	36	24	43	32	46
AT5G28320	85	53	92	97	88	71
AT4G31760	47	51	68	33	51	49
AT1G04700	122	69	75	100	108	68
AT1G61460	190	88	88	98	93	126
AT3G06690	103	75	62	112	68	95
AT2G15050	163	156	152	102	115	111
AT1G60989	28	45	33	33	32	26
AT1G14640	165	97	89	184	113	160
AT3G59570	44	33	21	43	35	26
AT3G02380	65	61	52	80	43	88
AT2G30250	61	44	49	176	144	98
AT1G53887	129	145	134	77	74	79
AT3G08770	42	29	52	18	24	13
AT5G59520	0	0	0	1	0	0
AT3G13682	99	105	113	79	69	75
AT3G22100	141	179	161	96	114	96
AT5G14150	4	0	2	2	1	7
AT3G45420	131	75	66	86	87	92
AT2G26640	43	31	42	41	40	18
AT2G36220	16	35	18	60	66	44
AT3G57062	73	78	57	62	66	60
AT4G28410	18	21	34	25	30	39
AT1G10690	13	22	9	23	34	18
AT5G64780	46	55	42	87	105	69
AT4G28811	31	23	25	162	117	185
AT1G53140	6	7	7	5	5	0
AT5G15510	15	11	12	16	20	20
AT2G34670	68	92	70	87	80	62
AT2G48080	9	6	6	17	13	13
AT1G77100	21	28	43	116	130	111
AT5G12970	15	4	9	5	4	6
AT1G54217	75	78	44	103	85	85
AT2G22330	83	70	95	25	30	11
AT2G31830	178	100	110	132	106	105
AT2G44450	0	0	0	0	2	0
AT5G06400	124	105	129	123	144	79
AT3G46668	103	67	65	66	73	104
10/31/79	81	98	92	107	141	88
AT5G49215	77	61	66	39	42	52
AT5G61010	21	25	21	38	33	28
AT3G10840	20	27	26	17	24	19
AT5G46730	34	35	32	85	81	56
AT5G60310	159	85	63	105	101	106
AT1G68300	41	37	36	41	33	26
AT4G25420	122	120	123	150	131	123
AT3G01600	134	178	129	75	66	70
AT5G59000	77	71	88	77	76	60
AT2G27790	90	59	70	99	75	99
AT5G19025	86	61	79	79	88	84
AT1G17140	7	12	5	19	19	12
AT1G24330	53	37	30	65	61	65
AT1G75640	50	61	35	40	41	40
AT3G62100	67	83	36	33	28	31
AT1G31935	18	18	22	75	92	56
AT5G60520	8	1	8	2	2	5
AT4G13050	74	67	72	51	37	47
AT1G15080	127	97	98	103	127	115
AT3G50900	2	5	3	12	19	22
AT2G22260	67	76	72	80	73	68
AT5G25620	81	83	85	111	167	118
AT5G47500	1	0	0	0	0	1
AT5G57565	123	79	90	98	76	82
AT5G65850	128	127	98	82	105	73
AT4G26960	21	28	26	39	53	34
AT2G33530	14	18	22	59	61	49
AT2G32640	36	37	29	30	33	23
AT4G14760	66	47	56	54	48	50
AT3G57680	54	35	40	70	50	77
AT5G48310	7	3	4	12	16	12
AT3G56970	0	0	0	12	7	9
AT4G11610	1	2	1	2	8	4
10/31/62	100	74	71	93	95	88
AT5G48060	46	17	33	18	31	20
AT5G13210	97	62	88	181	161	163
AT2G37390	37	53	55	119	145	100
AT3G58200	39	38	38	47	28	35
AT3G29010	104	64	103	75	93	77
10/31/42	132	116	106	123	77	85
AT1G61420	130	80	123	107	90	103
novel.112	107	81	58	96	117	60
AT1G03550	131	62	53	71	70	62
AT2G40270	68	58	81	93	82	81
AT3G48540	55	64	64	55	71	41
AT4G23180	26	19	23	47	59	63
AT5G42880	22	21	18	10	22	13
AT5G07280	66	37	54	58	59	79
AT5G08495	113	96	110	103	120	97
AT1G10682	1	0	1	1	1	0
AT1G20930	4	5	11	9	6	4
AT2G35430	86	84	78	101	106	80
AT1G01725	44	34	36	64	70	58
AT2G28780	2	5	3	45	31	30
AT1G64620	140	133	104	122	117	96
AT1G14600	56	77	71	102	96	107
AT3G55660	0	0	0	0	0	1
AT2G44910	138	117	118	68	76	76
AT3G46200	38	40	45	37	47	44
AT2G29940	4	5	8	234	195	154
AT1G19380	31	20	23	46	44	50
AT1G03495	79	74	72	73	118	68
AT4G18470	95	77	79	61	54	53
AT4G13330	113	64	83	85	75	88
AT3G13760	171	133	182	10	15	13
AT1G66840	73	60	57	78	80	61
AT1G69230	78	103	53	85	92	81
AT3G57480	55	66	64	63	81	66
AT1G54120	66	70	61	84	102	86
AT5G62865	56	57	77	69	54	35
AT1G32120	66	76	57	76	66	58
AT1G43980	145	113	129	120	153	85
AT5G10280	80	74	62	109	114	77
AT2G08760	140	94	85	60	69	70
AT1G20030	8	13	21	40	36	24
AT1G69270	71	91	95	69	98	55
AT3G50825	187	123	114	104	104	104
AT3G59310	50	35	34	62	59	58
AT1G73740	40	55	44	76	96	80
AT3G58800	79	70	75	35	40	34
AT5G54590	81	92	80	76	89	64
AT5G45850	25	25	19	26	16	21
AT2G30370	125	149	138	80	103	95
AT3G01330	36	36	35	16	17	17
AT2G03010	128	126	71	105	119	106
AT1G30420	6	7	6	10	6	12
AT5G42630	96	102	115	80	77	69
AT3G08600	50	51	54	35	43	22
AT4G27710	12	18	18	17	25	33
AT1G12290	61	23	40	71	40	71
AT4G14840	52	48	36	73	54	50
AT3G21330	33	37	39	37	30	36
AT1G44740	59	61	63	36	39	18
AT1G74200	115	108	91	92	108	91
AT2G42720	103	88	96	125	108	86
AT2G38220	174	95	107	99	99	100
AT1G14205	106	89	96	66	119	98
AT1G54840	99	104	121	102	99	66
AT5G25570	24	33	28	34	32	47
AT3G49940	44	32	40	19	26	24
AT1G63100	2	0	2	3	0	3
AT5G27490	61	51	45	47	45	40
AT1G17345	175	148	146	51	55	36
AT1G58410	118	78	116	82	73	68
AT3G05625	70	33	47	33	27	29
AT5G17420	78	36	35	60	36	52
AT5G19110	10	2	4	1	3	4
AT3G54930	39	43	47	27	42	13
AT2G42865	141	103	89	104	118	100
AT1G32520	57	40	38	62	63	83
novel.122	3	2	6	86	101	77
AT2G37980	31	31	35	36	51	58
AT2G38570	87	53	71	54	71	61
novel.133	95	111	120	82	119	82
AT1G06283	103	119	92	91	98	95
AT4G35180	19	24	19	108	66	86
AT1G10550	37	57	46	24	48	48
AT1G27060	98	79	78	80	96	93
AT1G55370	41	31	28	33	36	45
AT5G49330	18	27	14	22	19	17
AT5G52810	46	39	47	49	58	45
AT3G14540	1	4	4	4	2	0
AT4G33930	39	16	24	123	114	107
AT4G39364	128	109	95	120	93	132
ATMG00670	31	72	62	133	141	70
AT5G40410	125	131	84	136	120	130
AT1G30100	32	44	37	137	172	95
AT3G45730	47	36	39	72	77	60
AT1G50700	79	75	50	94	55	86
AT2G21510	36	19	29	102	77	65
ATCG00790	38	54	43	52	77	43
AT1G74590	82	55	57	79	68	98
AT3G19300	104	105	73	54	58	48
AT2G23000	0	0	0	0	0	0
AT5G52545	94	59	77	113	89	94
AT2G47520	75	51	71	115	134	102
AT1G19750	120	58	78	126	82	128
AT3G11745	83	72	88	98	93	80
AT5G03250	71	61	76	84	98	62
AT2G20750	157	122	188	27	41	34
AT1G21910	9	14	11	7	10	8
AT2G03260	134	98	94	110	110	100
AT1G48530	85	93	92	179	188	118
AT1G73600	55	43	47	59	50	54
AT1G28690	142	113	93	142	109	105
AT4G04840	11	10	7	28	26	28
AT1G72360	55	70	69	72	73	60
AT3G25740	81	71	89	84	69	54
AT4G10490	17	17	16	129	149	108
AT4G29220	63	49	42	15	11	17
AT2G20721	104	88	79	102	129	122
AT1G71890	53	67	74	37	43	42
AT3G28850	86	89	98	96	114	92
AT5G25790	92	84	97	110	124	81
AT5G38140	116	57	39	59	39	73
AT3G63380	87	61	63	124	123	81
AT1G23340	66	51	51	62	76	47
AT2G11215	96	29	42	63	23	49
AT4G33160	71	69	90	67	78	55
AT3G60160	34	51	35	42	38	24
AT5G49120	8	9	6	23	20	19
AT1G22340	266	213	243	22	25	19
AT3G05400	122	91	145	12	13	15
AT5G02560	58	50	56	102	110	93
AT5G60230	102	107	96	79	93	88
AT1G35140	15	22	39	89	109	73
AT1G74360	123	109	86	153	130	151
AT4G03820	67	52	54	95	79	58
AT5G35940	34	32	39	35	59	39
AT1G80970	84	60	72	101	101	83
AT2G14110	55	65	97	63	67	67
AT3G26280	1	1	1	5	6	7
AT4G21323	44	24	18	35	30	37
AT3G29810	95	66	92	65	60	56
AT2G07727	10	6	3	70	69	40
AT2G46150	43	53	86	57	73	45
AT5G39680	140	126	111	138	96	112
AT4G00980	119	65	84	89	86	82
AT5G08391	26	53	22	30	54	44
AT2G30270	70	80	97	39	75	64
AT3G02030	72	25	39	60	45	72
AT1G09995	57	50	55	52	57	51
AT1G21840	71	54	96	109	91	72
AT4G18375	81	54	69	67	65	74
AT1G01200	105	96	106	75	96	81
AT1G16630	7	4	14	3	6	8
AT1G74630	174	84	100	121	97	126
AT5G23400	26	9	20	38	24	32
AT5G13770	18	20	32	36	33	22
AT2G41940	65	73	65	33	36	21
AT1G31840	94	93	91	102	124	100
AT5G01175	136	101	109	107	118	119
AT5G61520	33	20	43	43	63	61
AT4G32830	5	13	6	9	9	11
AT3G29330	66	46	66	97	109	82
AT4G31070	140	97	122	142	116	115
AT1G76310	0	0	0	0	0	0
AT1G78206	97	117	136	76	132	84
AT1G34750	37	35	42	56	75	55
AT4G33180	69	50	48	79	75	88
AT1G04220	23	42	38	24	17	10
AT1G77660	38	25	33	37	37	24
AT3G17350	59	48	59	45	60	33
AT4G29990	109	76	63	128	117	141
AT4G36945	106	89	123	52	57	61
AT4G16540	57	60	36	94	74	64
AT5G05435	123	89	110	88	96	53
AT4G28380	84	66	60	75	72	68
AT1G21390	73	74	75	94	83	81
AT5G61540	63	56	58	79	72	70
AT5G49740	61	54	52	95	104	123
AT3G26290	6	20	7	49	50	46
AT3G04140	39	37	30	40	28	23
AT5G27400	72	79	73	101	107	90
AT3G52710	83	84	74	56	47	38
AT4G25070	31	18	17	30	15	22
AT4G09490	63	57	45	87	115	71
AT1G78680	6	3	4	1	1	0
AT3G09310	38	44	49	91	79	66
AT3G20420	55	50	42	63	83	65
AT1G26420	9	15	33	124	185	133
AT2G25770	26	34	46	17	21	21
AT4G39720	50	48	53	150	162	162
AT5G38340	73	79	88	49	71	57
AT1G01130	83	75	95	48	48	58
AT5G04770	18	17	11	20	26	27
AT1G19300	74	80	67	47	69	45
AT3G11040	41	35	37	32	38	40
AT1G32610	93	85	106	69	84	84
AT2G37060	41	46	70	42	37	59
AT4G19420	33	47	36	28	30	31
AT3G44720	5	15	14	16	22	11
AT4G21890	44	22	36	30	25	43
AT2G42150	39	30	30	56	63	66
AT5G64490	121	130	113	122	150	95
AT4G18690	121	137	160	122	110	62
AT5G54020	41	41	52	4	6	6
AT2G01422	20	33	22	228	253	206
AT5G07660	42	34	25	52	18	29
AT4G09990	10	1	4	7	0	3
AT4G18620	26	21	30	79	79	44
AT1G16090	86	40	62	84	64	107
AT1G54960	34	42	29	34	23	21
AT4G09840	25	35	21	67	52	46
AT1G63855	83	72	44	75	71	71
AT2G32630	120	115	111	116	101	77
AT4G24370	56	44	41	56	63	42
AT4G28650	1	5	0	3	3	7
AT4G35270	82	102	103	118	103	90
AT4G03115	98	65	87	54	47	56
AT3G51570	136	87	77	183	118	160
AT4G35520	42	43	42	75	48	46
AT3G53190	10	9	10	8	10	17
AT5G20580	80	52	52	51	47	58
AT1G53180	109	121	114	25	38	45
AT3G61850	59	65	74	109	114	91
AT4G04760	128	88	106	112	122	122
AT1G27360	162	81	92	90	91	108
AT3G13970	86	65	74	80	87	56
AT1G06580	73	63	71	91	77	94
AT5G49170	35	38	43	41	39	55
AT1G64540	92	61	62	96	78	81
AT1G66390	14	14	7	0	1	1
AT5G24660	124	115	120	93	130	111
AT1G51700	8	10	9	37	46	24
AT5G25020	73	80	66	61	60	34
AT4G06701	23	11	13	23	26	31
AT1G73760	74	46	60	39	55	58
AT1G80450	74	67	74	125	95	113
AT2G01670	108	124	154	17	21	27
AT5G28460	119	106	124	102	107	78
AT2G29260	80	81	87	89	86	75
AT5G28442	57	73	86	92	63	80
AT3G13100	42	25	38	67	36	45
AT1G68780	4	3	0	2	7	2
AT5G18475	88	67	77	97	81	66
AT1G10530	2	5	5	8	9	6
AT3G03180	89	52	73	67	61	66
AT1G19376	86	133	106	72	84	70
AT3G23260	71	45	45	66	64	87
AT3G59220	37	48	42	32	58	41
10/31/84	77	61	56	73	82	91
AT2G43860	19	32	51	0	0	0
AT1G22890	19	7	18	124	108	95
AT4G11400	79	73	91	110	107	79
AT4G22860	45	26	21	14	23	17
AT1G18940	24	37	31	41	37	31
AT5G63540	42	37	49	33	51	37
AT3G51350	102	62	71	112	114	103
AT1G17060	43	20	50	48	50	45
AT3G15890	123	77	108	97	97	86
AT2G43120	21	24	25	62	83	53
AT2G23100	41	43	42	42	32	36
AT1G26100	49	48	47	42	41	55
AT2G42485	116	93	111	72	88	66
AT5G53590	23	27	29	153	139	73
AT5G66005	62	43	23	43	31	47
AT3G52430	34	35	23	29	22	30
AT4G37560	47	41	36	73	72	66
AT4G38340	43	43	36	96	92	85
AT5G50330	90	63	45	52	39	72
AT3G26170	52	94	88	106	115	84
AT1G53440	31	16	33	17	17	35
AT1G77270	36	18	21	24	25	16
AT4G02800	0	0	0	0	1	1
AT5G02030	96	58	59	78	85	95
AT5G35375	52	32	33	136	135	126
AT5G47160	76	55	61	78	80	58
10/31/48	102	39	39	81	79	84
AT2G38060	111	83	78	77	109	70
AT1G65060	4	3	5	2	1	5
AT5G07580	57	44	51	27	21	26
AT4G11690	99	85	114	128	93	92
AT2G45630	33	25	30	26	37	35
AT1G06800	35	24	44	42	40	19
AT2G36026	91	103	89	71	82	78
AT3G52105	44	40	53	78	104	75
AT1G71970	50	50	56	99	67	66
AT2G47860	56	47	44	86	49	48
AT5G15940	32	34	24	52	36	43
AT2G02950	0	0	0	1	0	2
AT2G26700	77	78	68	119	91	122
AT1G68190	73	54	72	87	78	54
AT3G10960	69	72	53	85	72	77
AT1G07720	15	11	12	1	4	3
AT5G62280	0	1	1	0	0	0
AT4G35420	125	59	50	67	72	68
AT3G02370	100	63	58	84	75	90
AT2G18660	32	49	53	150	169	114
AT5G61865	32	39	31	33	33	35
AT4G00400	3	1	3	0	3	0
AT2G03880	102	119	117	98	111	90
AT5G07240	32	38	39	27	30	12
AT2G22830	16	8	10	17	12	14
AT4G36280	71	38	37	51	44	58
AT1G09410	112	94	96	126	122	70
AT2G46410	91	66	50	61	70	61
AT5G14020	0	0	0	0	2	3
novel.124	27	13	20	28	46	18
AT5G19730	24	19	23	28	28	35
AT5G43910	78	67	56	54	43	59
AT3G06140	74	57	55	52	66	52
AT1G44110	3	4	9	2	5	3
AT4G09970	52	37	36	56	49	43
11/18/01	130	77	87	55	37	50
AT5G25050	55	33	44	52	60	58
AT3G46990	79	76	119	100	87	69
AT5G37660	44	48	50	60	96	70
AT2G28410	37	33	41	64	76	59
AT4G27820	75	51	49	71	53	77
AT5G18245	112	57	48	103	55	91
AT4G36270	104	36	52	39	30	64
AT1G03540	109	74	93	115	86	64
AT5G41620	57	54	67	95	110	95
AT5G45150	104	54	65	133	104	111
AT5G09670	87	55	68	38	47	29
AT3G56550	98	73	91	117	110	88
AT1G76930	0	2	8	9	8	5
AT1G08340	61	71	54	101	84	65
AT5G23930	94	105	95	94	95	97
AT5G47920	68	85	58	69	94	57
AT2G18620	2	7	8	8	4	1
AT2G40960	25	21	18	23	25	37
AT1G72670	3	5	2	2	1	1
AT5G14930	30	32	28	40	26	34
AT4G04745	13	17	12	61	64	52
AT3G45650	52	27	23	44	35	44
AT4G30130	99	82	77	80	69	90
AT3G07580	59	55	61	39	52	49
AT4G06744	17	15	11	18	12	23
AT1G63820	18	20	27	23	22	17
AT5G03170	5	13	3	19	26	21
AT1G19830	26	31	32	27	22	22
AT4G20362	50	40	35	43	43	37
AT1G52245	41	39	75	69	94	71
AT1G07000	41	32	25	40	38	25
AT1G76600	31	40	66	51	66	41
AT3G05800	23	22	11	6	17	9
AT3G47560	86	68	82	43	58	60
AT3G02900	27	29	23	12	14	9
AT2G20540	120	89	96	82	125	77
AT2G44880	122	89	93	99	76	41
AT4G09012	85	75	67	70	98	68
AT1G45010	3	5	0	4	1	6
AT5G09690	78	45	52	63	26	59
AT3G19553	30	39	39	37	37	26
AT1G11100	49	44	28	74	96	60
AT1G50890	47	48	44	52	41	48
AT1G52550	90	96	93	78	70	75
AT4G19220	106	76	87	94	91	76
AT4G31870	19	10	16	34	35	26
AT1G18265	58	40	33	97	96	86
AT2G33980	88	43	78	74	51	72
AT3G61680	13	9	9	15	15	10
AT3G62150	148	141	145	15	16	19
AT2G24580	40	40	30	66	72	56
AT4G40070	6	8	9	14	15	21
AT2G24550	57	59	77	53	69	50
AT2G30550	28	27	29	46	31	41
AT4G20770	106	91	90	133	119	114
AT3G03776	37	48	38	124	135	108
AT1G13970	55	41	55	82	70	58
AT5G43080	42	48	39	32	39	36
AT3G05820	131	70	77	132	74	107
AT4G13540	7	3	4	19	8	7
AT3G03350	94	63	79	78	47	63
AT3G62500	95	58	75	86	64	122
AT1G15520	95	55	66	92	76	62
AT1G80100	133	127	100	112	114	126
AT4G16960	43	26	33	46	37	36
AT2G37530	118	118	100	103	159	78
AT4G01510	66	44	45	34	44	47
AT1G23880	58	84	65	51	61	57
AT5G02760	46	31	35	24	22	27
AT2G45900	30	29	31	34	34	24
AT2G24220	80	72	91	113	99	83
AT2G35742	145	105	105	56	65	54
AT1G77960	59	49	34	58	46	58
AT1G80370	16	18	17	29	29	20
AT5G26170	99	36	83	65	66	89
AT5G57420	42	35	46	186	185	155
AT5G65925	39	36	38	40	41	33
AT3G63480	59	38	42	40	26	33
AT5G48950	30	36	45	42	45	40
AT5G55810	72	51	48	79	63	59
AT5G08360	115	105	88	72	82	77
AT3G45210	79	72	68	59	66	53
AT4G20260	14	26	21	58	53	40
ATMG00516	6	2	6	83	109	90
AT3G49780	11	21	16	189	220	170
AT1G77010	93	96	109	99	118	92
AT3G24210	16	14	9	12	8	3
AT2G43990	74	80	66	69	74	66
11/27/01	35	31	31	22	24	35
AT1G76740	18	29	31	32	28	15
AT5G41850	69	31	36	47	48	59
AT5G11780	88	50	52	60	65	46
AT3G21351	9	5	8	5	12	10
AT4G25707	73	52	32	43	50	59
AT4G25390	39	30	50	32	50	39
AT3G07120	74	101	86	81	71	50
AT3G16710	82	75	62	82	84	75
AT1G21010	15	16	28	35	57	34
AT1G74400	92	116	94	98	103	108
AT3G02832	103	98	82	88	76	90
AT3G58650	0	1	0	6	4	3
AT4G12430	30	20	22	113	107	108
AT4G39790	82	61	85	66	71	63
AT5G09750	77	101	96	3	10	16
AT3G56060	25	28	36	2	1	9
AT1G22160	30	20	30	18	22	16
AT5G51490	17	10	16	0	0	0
AT3G28640	114	79	65	117	84	95
AT4G17360	72	55	61	82	72	69
AT3G60970	1	3	3	11	8	2
AT2G16720	22	12	19	48	42	14
AT5G12360	60	70	63	83	50	52
AT1G67650	76	43	77	91	93	73
AT1G20060	54	44	45	32	26	19
AT2G18193	49	55	43	18	26	30
AT3G04175	109	73	55	83	113	91
AT5G01840	39	55	36	34	47	14
AT4G28230	2	1	2	8	3	4
AT2G21430	118	77	72	86	77	80
AT3G53950	33	30	25	89	86	51
AT4G21590	50	45	55	34	27	34
AT3G14370	88	85	72	58	67	74
AT1G53520	16	19	17	9	20	8
AT5G60335	130	91	108	85	101	78
AT5G03870	34	39	34	19	14	9
AT5G50300	34	26	27	72	63	46
AT4G01730	0	2	0	2	0	0
AT1G52640	120	86	102	107	76	79
AT2G17260	88	62	64	105	86	93
AT2G24350	60	67	50	66	82	74
AT5G07720	33	21	40	33	60	37
AT2G03750	55	53	53	109	122	70
AT1G06050	99	82	86	70	75	67
AT1G05400	61	26	52	77	63	78
AT2G24762	55	56	59	12	40	17
AT1G24793	131	5	71	155	3	114
AT1G52650	55	49	48	62	41	49
AT3G13090	27	25	37	41	42	28
AT3G60690	20	25	27	31	32	24
AT4G23890	27	18	13	49	32	40
AT3G08000	101	84	85	100	65	78
AT2G21350	86	80	80	97	128	86
AT4G00390	68	89	89	78	75	74
AT1G26960	0	0	1	2	0	0
AT1G30845	65	67	65	61	57	44
AT1G75000	50	52	37	69	46	62
AT2G47670	37	42	41	73	85	63
AT4G30670	1	4	8	0	0	5
AT1G25425	27	16	35	21	30	20
AT3G27440	15	2	11	82	53	58
AT3G44940	53	72	59	67	66	53
AT1G06250	65	35	37	80	57	73
AT1G69430	66	75	78	69	79	63
AT2G31751	19	24	15	23	10	9
AT5G46090	124	102	93	92	117	81
AT5G37500	25	21	16	34	20	49
AT3G11520	6	1	0	0	0	4
AT1G04490	51	64	57	62	62	47
AT1G67070	7	2	3	16	14	14
AT1G74088	69	102	97	108	91	91
AT3G59200	109	104	105	62	50	54
AT1G04610	38	50	36	36	59	40
AT1G24575	31	23	23	78	104	72
AT3G18010	33	27	31	31	31	40
AT1G27420	98	48	47	78	47	68
AT5G14230	62	59	62	77	59	59
AT1G01760	70	53	45	72	73	60
AT5G09125	106	92	119	84	96	75
AT1G29660	0	0	1	0	0	0
AT4G24230	16	20	17	49	71	50
ATMG00690	2	11	19	35	59	50
AT3G55390	47	53	51	41	71	40
AT3G24420	2	3	4	5	1	1
AT3G50040	92	75	81	70	78	57
AT2G04430	82	53	44	62	48	40
AT1G52230	4	6	12	14	7	5
AT1G54450	18	12	8	14	9	15
AT3G48185	69	59	60	81	97	71
AT2G43000	22	23	17	97	137	77
ATCG01020	25	20	17	31	44	25
AT5G16790	78	78	55	92	102	69
AT2G32235	47	50	36	72	65	64
AT3G13405	50	48	47	58	83	64
AT1G29357	80	29	34	53	36	57
AT3G08700	19	14	20	60	47	35
AT5G43620	38	31	39	59	64	57
AT2G45023	49	45	31	48	70	77
AT3G05360	57	35	56	56	76	62
AT5G14090	87	29	52	70	46	85
AT3G02610	46	39	31	72	108	73
AT2G05760	113	102	85	70	62	46
AT4G20040	115	145	134	55	85	57
AT5G50750	26	27	36	131	146	128
AT4G26470	4	4	1	6	16	9
AT5G57570	93	109	101	70	79	80
AT5G59650	97	52	33	24	30	33
AT3G03230	2	1	3	39	70	44
AT4G04700	53	54	53	61	69	39
AT1G22220	38	50	38	52	57	69
AT5G60430	72	28	51	50	55	61
AT3G28930	31	28	25	21	22	23
AT4G04695	48	55	50	75	39	62
AT1G04540	26	30	23	20	15	24
AT3G56300	67	49	52	43	30	52
AT3G52040	98	106	121	87	81	71
AT4G11810	94	85	76	78	60	69
AT1G33260	58	52	37	55	55	50
AT4G26055	91	101	127	87	102	73
AT4G01540	42	43	48	56	58	50
AT4G01720	130	98	128	32	31	25
AT1G10300	58	26	53	97	88	79
AT1G44414	13	21	20	38	27	21
AT1G15980	24	24	20	22	23	28
AT4G24130	75	50	45	31	36	40
AT4G26680	86	91	79	75	88	66
AT1G08590	160	151	159	52	33	38
AT2G36660	145	103	107	65	75	48
AT1G73750	71	41	62	76	83	76
AT4G02005	75	50	42	83	72	68
AT1G09470	34	37	20	43	26	29
AT1G75960	25	35	26	103	76	70
AT4G01895	23	21	15	27	24	23
AT2G28760	9	16	4	11	7	8
AT1G79420	98	95	83	107	83	88
AT3G27210	59	48	40	62	81	61
AT3G24929	69	36	43	56	54	67
AT5G22545	5	4	2	10	11	10
AT5G40100	28	16	25	50	36	46
AT5G56120	0	0	0	0	0	0
AT4G37483	45	39	26	67	73	65
AT1G69280	108	66	82	95	58	75
AT1G70895	76	65	77	66	48	31
AT5G50550	22	161	12	16	15	16
AT1G01640	30	37	36	75	74	58
AT5G44010	47	31	36	24	32	26
AT3G44610	45	60	43	31	32	27
AT5G48460	6	2	7	3	2	2
AT3G18890	22	19	28	35	19	22
AT1G22260	43	27	17	27	23	27
AT1G76650	83	54	99	54	67	57
AT5G37000	52	49	45	48	48	45
AT5G42830	21	33	42	78	124	77
AT5G59920	80	62	61	20	21	15
AT2G40085	57	59	67	78	68	57
AT4G16447	61	54	63	73	101	74
AT5G65350	47	46	54	43	46	38
AT1G07690	0	1	1	13	8	7
AT2G20480	57	42	45	50	55	20
AT1G22030	90	42	70	82	73	68
AT5G02460	96	67	76	95	127	57
AT4G21215	39	33	40	33	42	40
AT3G19030	15	12	11	4	8	0
AT4G26770	8	8	17	18	25	16
AT2G36750	14	9	16	19	20	19
AT2G32795	43	32	39	64	84	62
AT2G35035	50	29	44	51	31	53
AT1G31430	83	79	94	98	88	85
AT3G20470	0	0	3	3	3	3
AT1G47560	50	36	38	67	34	41
AT1G80740	4	4	1	26	10	22
AT1G05330	221	226	235	5	11	4
AT3G13400	52	42	61	97	80	85
AT2G32540	9	2	2	48	37	58
AT1G48390	88	51	38	99	76	105
AT1G80850	77	80	71	44	53	28
AT4G10120	126	57	49	69	48	83
AT4G13345	78	53	60	69	47	73
AT2G37590	119	107	115	80	102	72
AT3G49210	11	11	11	14	15	5
AT2G29730	0	0	2	0	0	0
AT1G02610	38	20	30	37	29	29
AT1G73850	81	47	66	93	99	82
AT5G67400	0	0	1	1	0	0
AT1G05805	243	182	191	20	29	27
AT5G06690	64	45	52	82	70	79
AT3G50200	197	191	165	62	63	39
AT2G20110	90	90	81	42	63	49
AT3G01220	4	0	3	1	2	0
AT5G42370	39	42	56	87	53	70
AT3G48360	104	83	114	101	99	104
AT1G22460	0	0	0	0	0	0
AT1G52430	164	100	85	105	98	105
AT1G20490	11	4	7	23	38	26
AT1G28070	39	56	35	67	58	38
AT1G13910	81	56	64	73	56	83
AT5G43950	60	51	32	58	58	60
AT3G16250	3	5	2	7	9	9
AT4G08770	31	16	7	11	9	6
AT5G03085	111	84	78	80	82	67
AT2G32280	35	30	46	45	42	35
AT1G09450	37	17	27	12	21	21
AT2G28950	6	13	14	21	19	16
AT1G19970	3	6	5	1	15	5
AT5G59220	3	0	0	1	11	4
AT1G09600	11	4	11	25	21	12
AT5G52220	43	22	39	49	34	48
AT2G35170	49	40	43	61	61	74
AT1G16515	37	37	38	84	82	58
AT5G52250	0	0	0	0	0	0
AT4G01550	41	44	35	55	48	37
AT4G09080	44	36	58	61	87	68
AT4G30250	14	16	14	31	32	25
AT4G30500	115	86	130	29	25	35
AT1G08430	0	1	0	7	6	1
AT4G16840	84	70	62	58	64	50
AT5G46870	56	61	50	60	72	48
AT2G43010	22	23	16	37	35	40
AT4G13395	13	20	8	36	40	20
AT4G01740	37	19	24	18	22	18
AT3G18960	23	25	35	78	88	51
AT4G21063	113	49	81	76	64	71
AT5G40090	24	21	9	35	34	25
AT3G13065	106	42	64	95	60	90
AT2G16870	95	63	79	72	79	66
AT3G47820	45	37	39	55	25	40
AT1G48560	100	45	81	75	82	62
AT5G53200	123	122	165	45	64	51
AT1G10330	84	107	68	71	78	54
AT3G54390	18	13	9	31	31	26
AT4G01400	77	73	78	85	83	74
AT4G14305	16	18	32	45	69	36
AT1G72510	28	28	25	9	8	11
AT3G22760	48	41	36	52	49	53
AT1G67760	7	5	9	6	4	6
AT5G66330	48	38	40	39	47	32
AT2G18680	79	61	70	102	118	89
AT2G30150	3	2	1	2	2	2
AT3G19660	11	8	13	62	49	49
AT5G23770	63	31	38	71	57	74
AT3G11020	35	25	50	134	116	81
AT1G78110	36	46	40	104	113	80
AT5G44030	14	15	11	6	6	5
AT3G29100	45	38	36	43	48	57
AT1G73160	36	41	30	15	13	20
AT4G13500	8	12	12	37	44	33
AT5G22310	7	9	4	21	23	14
AT3G29370	18	14	21	17	24	17
AT4G34810	118	78	137	16	17	16
AT1G20823	34	19	40	32	50	36
AT1G51355	67	95	81	123	134	83
AT3G06710	93	90	82	81	79	88
ATCG00180	89	38	30	55	50	43
AT1G18390	44	40	53	94	115	88
AT5G02080	81	48	66	76	41	63
AT5G37750	43	43	43	75	58	38
AT1G03457	102	74	77	46	43	35
AT3G07870	9	20	15	12	17	11
AT1G12070	83	103	81	69	106	71
AT3G23510	0	0	0	0	0	0
AT3G54320	54	34	34	32	20	18
AT1G05280	19	6	12	4	14	10
AT2G39620	109	86	111	75	101	67
AT3G09085	67	57	89	63	102	67
AT1G12450	43	65	46	54	65	50
AT1G09000	81	45	62	47	46	41
AT2G33847	118	97	101	63	65	63
AT5G02430	22	13	16	8	13	4
AT4G33800	56	41	65	76	72	93
AT4G34950	57	60	46	56	89	64
AT1G06660	4	1	3	2	1	3
AT1G47395	7	0	2	132	148	113
AT5G57450	114	101	96	55	82	63
AT4G31470	0	0	0	0	0	0
novel.115	60	30	36	54	60	60
AT1G61840	112	71	99	8	7	9
AT3G29173	69	66	53	87	71	66
AT5G35740	16	16	7	10	20	23
AT3G11165	48	45	40	112	85	90
AT5G47600	10	9	9	5	5	4
AT5G63820	162	98	83	78	59	64
AT4G24970	43	32	39	22	24	16
AT4G28730	42	30	38	17	17	10
AT3G12870	0	0	0	0	0	0
AT3G27290	64	56	55	62	59	41
AT5G52100	18	20	19	18	28	23
AT1G05210	28	27	20	20	13	22
AT1G15010	38	21	18	84	76	70
AT1G73550	106	87	112	69	84	70
AT4G24415	69	28	42	18	24	21
AT1G09050	45	35	69	58	44	39
AT1G71280	86	32	66	68	82	89
AT3G50100	77	91	87	35	51	32
AT1G29770	46	32	21	43	39	36
AT1G29380	32	23	28	25	36	28
AT1G71420	79	47	71	70	61	53
AT4G02700	2	12	6	9	6	7
AT2G42980	14	15	19	19	28	33
AT1G23450	130	49	63	72	43	90
AT3G52450	4	5	0	0	5	2
AT1G48780	108	49	55	40	40	51
AT4G14560	11	13	19	34	36	32
AT5G18840	23	26	37	12	9	7
AT4G20920	123	101	98	103	77	98
10/31/59	4	2	1	4	9	6
AT2G07662	6	6	13	62	74	62
AT1G09950	75	88	102	88	95	58
AT1G77690	2	3	6	0	4	0
AT3G08990	87	41	52	71	44	58
AT3G56250	66	44	49	76	60	64
AT5G40140	71	81	75	56	72	55
AT3G53350	32	45	22	37	38	49
AT4G29230	80	55	50	70	88	75
AT1G56120	113	68	52	77	58	81
AT1G77400	46	50	41	59	31	58
AT2G35470	69	89	71	20	40	18
AT5G35960	9	12	23	38	48	50
AT5G49520	34	33	46	81	66	70
AT3G60510	80	66	61	29	44	35
AT3G59080	39	41	41	64	48	42
AT2G21540	12	18	17	18	14	14
AT2G02680	11	8	7	12	13	14
AT2G02750	84	69	74	108	92	77
AT2G26530	23	23	21	53	72	39
AT4G01130	6	3	16	30	34	35
AT4G27660	57	60	59	43	48	39
AT3G45320	151	151	162	5	1	4
AT1G21830	57	54	59	60	69	40
AT1G53035	58	35	56	34	48	36
AT3G07040	26	32	25	60	71	78
AT5G56160	61	31	39	68	57	65
AT5G66610	26	22	33	29	29	38
AT5G67340	39	33	55	88	78	72
AT3G52748	41	35	31	50	75	55
AT5G50090	45	38	26	50	65	57
AT4G39600	83	75	63	65	53	47
AT1G48330	1	1	1	1	6	1
AT1G66725	0	1	0	0	0	0
AT1G69520	21	13	9	8	16	14
AT5G41170	75	39	62	93	67	78
AT2G39830	29	13	14	26	33	31
AT5G44980	70	82	59	77	100	84
AT2G05100	0	0	3	0	0	0
AT5G59510	58	53	64	41	58	47
AT2G20815	79	46	42	47	52	66
AT5G07110	10	15	20	13	15	5
AT2G24970	40	30	30	16	23	25
AT2G34190	29	10	18	20	14	38
AT4G37410	5	10	4	11	12	13
AT1G68650	130	118	105	7	1	3
AT2G35940	14	16	18	14	24	10
AT4G10630	62	23	48	35	45	39
AT1G55475	56	57	51	69	79	80
AT2G46735	30	52	44	43	79	48
AT4G31408	41	28	41	40	41	61
AT1G15760	84	75	78	70	91	61
AT4G00330	57	44	38	68	52	59
AT2G36470	28	46	26	49	63	26
AT3G10820	67	72	62	58	56	56
AT1G02970	30	23	24	20	22	19
AT5G58260	32	31	33	53	72	46
AT5G53700	58	49	50	39	34	34
AT5G62770	40	26	49	97	97	78
AT1G66480	52	73	58	83	93	75
AT3G26539	116	73	78	86	54	54
AT1G23980	53	73	81	86	68	44
AT1G19397	56	28	25	103	58	86
AT1G01340	76	51	80	87	50	48
AT1G14390	33	9	20	20	25	17
AT4G36150	19	15	11	61	59	48
AT5G02170	12	9	9	5	1	3
AT3G15570	10	7	3	5	10	6
AT3G27170	34	18	19	15	13	19
AT1G58602	69	50	66	68	92	70
AT1G63860	83	76	89	43	66	54
AT3G11750	48	67	44	35	44	40
AT1G54680	58	65	58	78	97	74
AT1G69550	58	42	36	56	55	43
AT4G25830	1	0	0	4	3	2
AT4G28330	76	47	62	63	69	67
AT4G01240	4	5	10	15	9	10
novel.125	55	39	62	59	65	51
AT4G24380	47	44	38	46	52	34
AT3G05390	33	39	33	7	4	7
AT3G22060	67	70	76	17	28	29
AT3G61970	36	48	38	52	63	44
AT4G38620	27	33	36	9	1	3
AT1G32928	79	72	92	97	135	86
AT5G26230	21	23	22	23	27	17
AT5G26790	5	18	9	5	10	5
AT2G02350	55	50	32	70	31	48
AT1G30380	0	0	0	2	0	0
AT1G32690	31	30	27	20	21	20
AT2G33560	8	12	8	11	8	11
AT5G27000	27	26	24	30	39	18
AT2G39360	42	43	44	50	62	44
AT5G05365	26	29	27	25	27	23
AT3G25060	77	61	84	102	92	52
AT5G09730	42	40	57	114	177	153
AT5G24390	45	41	53	45	31	38
AT3G15620	52	36	39	47	41	36
AT3G05685	36	19	20	42	39	33
AT3G60840	12	9	20	2	8	3
AT5G19151	38	44	40	63	55	77
AT5G16640	67	67	71	67	77	69
AT4G22570	29	23	32	8	13	7
AT1G63210	59	47	48	117	109	73
AT2G36050	65	52	42	43	29	36
ATMG01370	14	16	7	76	115	70
AT5G50450	30	26	23	41	44	35
AT3G03965	94	55	49	70	55	59
AT5G41690	61	55	46	54	64	75
AT5G46350	13	9	8	30	32	33
AT3G13175	5	4	4	7	12	8
AT2G33400	5	10	12	5	3	5
AT1G32540	32	23	38	10	8	7
AT1G62560	2	3	5	6	2	0
AT4G19865	58	68	51	43	71	35
AT4G23420	57	41	54	72	90	65
AT1G69480	11	15	24	4	11	12
AT1G71330	62	27	37	41	27	48
AT4G11280	32	31	44	39	46	26
AT5G25120	6	2	12	8	17	18
AT5G19250	1	2	3	2	1	0
AT4G12830	126	89	87	76	59	74
AT4G18350	11	8	11	95	74	61
AT1G32583	28	6	20	51	34	44
AT5G24352	54	65	34	50	48	51
AT4G14096	38	53	39	62	79	64
AT1G49910	55	49	69	21	23	17
AT1G68840	0	6	1	13	9	12
AT1G68862	91	50	42	50	31	48
AT5G59200	91	61	83	57	93	76
AT2G22730	56	29	38	84	48	75
AT4G05210	84	76	76	69	74	73
novel.150	16	35	39	140	133	137
AT1G02220	15	15	22	5	7	4
AT2G05215	23	25	38	50	68	46
AT1G26540	107	66	93	19	26	20
AT1G59560	69	39	47	62	35	35
AT5G52471	94	85	79	53	64	93
AT3G54770	0	0	0	0	0	0
AT2G25260	4	3	2	18	9	6
11/23/01	71	51	72	49	55	69
AT1G14687	51	52	52	72	67	56
AT3G09540	45	40	29	39	24	20
AT3G46700	13	4	2	19	9	9
AT2G16700	48	56	48	80	101	64
AT4G17460	65	60	62	25	34	29
AT1G13920	7	0	6	4	8	17
AT3G48480	90	90	70	59	61	56
AT4G25810	15	12	13	7	11	22
AT2G38090	24	28	24	10	23	16
AT5G10150	34	51	50	58	90	40
AT2G32530	4	2	1	3	9	3
AT2G44300	2	2	1	0	2	2
AT3G61750	3	0	3	2	6	1
AT4G30060	5	7	7	11	0	1
AT4G38540	17	16	7	59	54	44
AT1G34245	66	64	64	50	59	81
AT5G07620	93	55	63	64	79	55
AT3G27270	62	96	67	35	80	45
AT1G17970	28	32	37	28	20	16
AT3G15550	0	0	0	0	0	0
ATMG00510	9	10	7	76	56	42
AT1G58280	4	13	5	11	8	2
AT3G12090	8	7	6	22	43	21
AT1G12210	70	81	83	90	87	71
AT1G34844	60	40	36	59	67	65
AT5G14370	25	27	21	25	16	20
AT1G52155	56	44	68	57	60	47
AT2G18000	114	86	82	61	60	66
AT2G37290	13	8	10	60	28	40
AT5G18180	116	109	105	68	66	59
AT3G09940	0	0	0	0	0	0
AT4G22390	56	50	59	91	74	77
AT2G39220	19	25	28	32	29	14
AT5G44530	0	0	0	0	0	0
AT5G63500	70	71	76	53	56	50
AT1G30545	82	48	40	38	51	65
AT3G05936	83	111	116	17	39	29
AT3G18870	34	34	26	78	69	45
AT5G61200	58	46	41	62	63	70
AT5G42460	65	55	57	66	73	43
AT3G57760	38	34	38	58	82	64
AT4G16410	30	46	37	68	74	55
AT1G14790	51	52	53	67	59	55
AT1G68230	0	0	1	1	0	0
AT5G28390	66	36	44	55	59	42
AT3G15750	91	80	52	66	67	85
AT5G61920	62	57	56	56	62	56
AT1G47580	56	45	42	49	58	31
AT3G10080	39	45	44	81	78	37
AT4G17490	7	8	7	35	31	31
AT1G16260	12	9	10	21	22	15
AT5G24240	58	57	53	85	93	92
AT3G14440	60	72	59	57	53	35
AT3G56100	0	0	0	1	0	2
AT2G03530	12	6	20	73	64	60
AT2G41380	13	0	3	12	8	6
AT4G34970	45	34	37	21	12	30
AT5G16160	61	58	76	78	71	69
AT3G46780	2	2	0	2	1	1
AT1G22230	7	5	9	2	4	2
AT2G44940	54	73	54	40	69	49
AT4G30940	62	52	55	47	63	45
AT4G31020	30	52	44	59	51	51
AT3G08275	64	67	65	52	64	79
AT2G44850	44	35	38	65	53	39
AT5G07500	19	31	18	38	54	34
AT5G46080	42	42	53	74	69	53
AT4G22840	29	14	21	17	39	25
AT5G65160	22	22	22	48	41	35
AT4G25835	11	12	14	13	10	11
AT5G18780	24	26	28	58	38	36
AT2G33793	39	39	51	28	65	22
AT1G49490	60	55	67	89	70	56
AT5G54140	40	34	44	23	28	26
AT3G05330	1	2	2	2	0	1
AT3G45610	106	98	89	93	113	60
AT1G65985	14	15	7	8	8	18
AT2G24980	0	0	0	0	0	0
AT1G12890	161	113	134	39	38	12
AT1G66160	30	29	42	55	40	31
AT1G77200	60	68	67	59	61	31
AT5G67245	53	71	69	56	30	51
AT5G02600	16	10	16	46	51	46
AT5G52030	52	35	34	37	31	31
AT1G32630	47	45	40	58	78	66
AT2G35600	113	75	69	88	72	66
AT4G35620	0	0	0	0	0	0
AT3G63060	5	9	5	4	7	8
AT4G20840	49	40	45	71	61	47
AT1G16330	22	18	20	15	7	11
AT5G23790	8	14	12	51	51	49
AT2G27770	48	55	42	51	50	30
AT2G29720	6	10	10	32	16	20
AT4G06980	126	68	65	55	50	62
AT1G76065	41	34	40	62	61	50
AT3G62680	0	0	0	0	0	0
AT2G22890	36	30	29	43	60	42
AT1G71400	32	30	41	11	13	7
AT5G16720	48	43	50	58	63	46
AT2G37330	7	12	3	26	29	29
AT2G45450	1	6	3	55	45	39
AT5G39240	0	5	5	3	11	8
AT2G40110	11	6	6	3	4	7
AT1G04570	39	37	34	87	91	66
AT3G47830	64	45	65	43	47	39
AT3G55470	39	40	58	26	33	24
AT3G03020	36	21	22	35	32	33
AT4G19840	0	0	0	0	0	0
AT3G02980	47	30	35	23	25	25
AT4G35350	0	1	4	3	1	0
AT3G10010	31	26	35	22	17	23
AT3G08065	100	43	41	36	30	44
AT4G35720	46	45	56	52	43	40
AT4G30170	0	0	0	0	0	0
AT5G05850	9	22	19	18	13	8
AT1G18730	7	2	1	10	7	8
AT1G51550	48	53	69	75	86	50
AT1G53560	8	3	9	39	33	31
AT2G34240	116	61	76	96	48	96
AT1G17147	18	21	25	56	42	44
AT1G23800	2	2	3	4	1	3
AT1G30870	0	0	0	0	1	0
AT1G77390	86	90	84	66	43	41
AT5G66562	72	74	69	62	59	41
AT2G11035	48	37	28	60	64	45
AT1G68540	42	52	41	28	22	22
AT5G43403	32	18	50	30	29	23
AT3G26350	60	38	33	42	57	49
AT1G34315	17	9	2	26	18	42
AT3G50770	19	24	30	5	2	2
AT1G20570	64	41	43	45	43	51
AT4G29240	19	12	23	14	29	18
AT1G03070	5	1	3	9	11	8
AT5G07070	22	27	27	35	40	23
AT3G18840	86	87	88	88	81	56
AT5G13720	19	29	11	36	42	21
AT5G24275	78	51	64	82	81	98
AT2G18650	34	38	49	39	41	40
AT5G43870	61	45	53	63	86	55
AT3G02930	5	9	13	10	16	5
AT2G20635	38	32	31	6	15	14
AT4G09200	263	7	10	16	151	18
AT2G18450	0	0	0	0	1	1
AT4G01070	3	1	5	11	2	5
AT3G04184	60	25	26	47	39	65
AT3G20300	11	13	12	47	59	38
AT2G32340	40	34	19	56	39	53
AT4G18740	23	19	10	37	32	37
AT4G22230	12	13	30	4	12	4
AT1G12880	219	110	111	17	12	34
AT1G74010	19	32	46	29	28	18
AT3G49960	0	0	0	0	0	0
AT4G04360	96	61	55	57	81	63
AT1G30220	47	39	63	101	90	89
AT3G19850	72	54	86	81	80	54
AT4G14746	28	33	21	45	44	38
AT5G39220	13	13	15	13	6	7
AT1G55450	9	12	2	36	33	29
AT1G59620	34	41	28	69	72	67
AT1G72900	19	20	40	15	19	15
AT3G15420	77	35	41	61	32	62
AT1G77210	104	60	88	104	110	78
AT4G16790	9	3	6	34	34	20
AT1G20530	63	42	46	117	88	105
AT5G12330	37	41	47	22	17	30
AT1G24625	33	26	18	18	29	13
AT3G23290	27	18	24	59	50	65
AT1G60525	67	44	32	45	41	38
AT1G73890	80	31	40	63	55	52
AT2G17210	86	49	45	95	68	94
AT2G21080	79	60	49	53	64	53
AT4G01593	65	31	42	50	33	62
AT1G55865	111	100	78	66	91	73
AT5G28770	139	87	80	31	33	19
AT5G61360	66	81	74	72	86	56
AT2G15130	54	71	65	44	50	41
AT3G14460	67	29	49	93	51	80
AT5G01850	92	65	83	47	38	42
AT5G67450	14	13	10	1	0	1
AT1G13230	70	65	72	71	93	66
AT3G47400	5	6	8	11	18	13
AT2G32500	56	25	32	27	21	24
AT4G20690	93	81	66	75	82	52
AT3G59330	65	14	20	44	26	40
AT2G18350	31	21	33	24	25	18
AT3G08660	9	16	13	19	22	21
AT1G21770	26	30	42	39	57	23
AT1G54890	0	0	0	1	0	0
AT1G08270	55	26	29	40	41	42
AT1G61190	44	24	33	55	43	42
AT3G44713	75	76	71	51	63	51
AT2G11891	56	58	69	76	83	55
AT4G28040	41	36	31	5	5	4
AT5G49390	49	39	36	38	26	52
AT3G55566	112	138	151	56	68	44
AT3G16510	22	20	28	28	48	25
AT5G53740	49	37	44	126	138	105
AT3G59765	12	3	3	6	2	6
AT4G39110	26	13	8	56	23	36
AT5G40010	49	63	84	71	70	77
AT1G65230	28	14	19	43	43	36
AT1G69310	13	15	15	6	2	5
AT3G25560	31	16	22	67	49	54
AT4G29700	25	18	20	2	5	2
ATMG01170	13	20	18	59	79	41
AT1G26233	59	53	68	73	76	77
AT2G28050	36	54	37	35	35	27
AT4G35320	10	3	10	6	13	9
AT4G39670	3	2	7	34	46	32
AT5G43660	34	16	19	26	37	30
AT5G48670	38	45	41	62	45	40
AT3G25013	87	43	60	60	52	65
AT2G05330	53	47	56	100	117	87
AT5G42780	39	34	38	30	37	25
AT5G51270	38	36	27	50	44	45
AT2G25130	9	2	11	1	1	5
AT3G50930	3	7	2	16	10	3
AT2G21950	39	68	40	65	67	41
AT3G20340	15	22	14	52	52	52
AT1G12950	0	2	0	4	0	0
AT1G43765	77	49	80	76	42	55
AT5G39610	30	27	25	85	88	62
AT4G30410	0	4	2	0	0	1
AT1G76110	72	62	70	68	65	52
AT5G18220	67	75	93	54	35	39
AT5G45115	45	54	75	55	67	73
AT3G06435	45	34	23	38	31	41
AT3G53690	86	85	98	74	70	72
AT5G19190	11	13	5	36	25	15
AT2G22790	37	29	23	58	40	56
AT2G46850	42	47	62	54	76	38
AT1G01880	45	45	32	48	47	17
AT3G21470	80	92	69	57	72	60
AT3G22910	23	9	34	116	90	66
AT1G09083	76	62	57	46	50	32
AT1G23850	3	3	5	3	8	7
AT1G33080	49	38	47	67	57	65
AT1G49160	73	73	99	85	84	85
AT3G60730	44	49	38	28	34	33
AT1G70700	27	25	25	21	19	22
AT3G15630	3	4	8	9	11	17
AT4G39630	11	5	6	11	15	6
10/31/47	50	36	43	49	49	40
AT1G67400	65	47	45	45	41	35
AT4G38300	40	39	28	69	72	52
AT1G28260	17	20	27	18	29	22
10/31/46	39	36	36	37	51	44
AT1G22275	47	19	26	38	28	41
AT5G49660	14	10	14	34	42	44
AT1G07393	88	105	79	70	72	57
AT1G65845	0	2	1	14	20	8
AT5G46530	22	19	12	23	29	16
AT5G42330	11	11	11	11	14	20
AT5G43170	56	62	48	18	17	20
AT5G45040	23	22	31	65	51	65
AT3G50760	3	5	4	10	13	8
AT1G77405	63	92	71	61	86	50
AT3G07510	44	30	43	39	39	31
AT4G19560	57	52	39	60	61	55
AT1G32080	18	5	7	47	31	46
AT1G67910	0	0	0	1	0	1
AT2G27010	10	20	6	13	11	13
AT1G01030	62	74	76	75	76	68
AT1G52827	46	27	32	36	40	43
AT4G15720	115	81	79	79	73	81
AT1G24800	57	52	44	54	93	40
AT2G06200	11	11	3	7	11	6
AT2G34010	176	130	131	2	2	5
AT2G40850	73	36	50	61	62	46
AT3G07350	51	35	60	31	37	33
AT2G31730	58	52	66	9	19	9
AT4G03010	37	36	41	42	55	42
AT1G05087	49	45	57	39	48	38
AT5G07380	34	19	13	20	14	30
AT5G22540	7	5	5	20	18	12
AT4G16807	25	22	25	13	25	22
AT1G29025	0	0	0	0	0	0
AT2G30230	0	0	3	2	8	6
AT1G66400	34	44	44	14	41	27
AT3G13420	66	37	53	34	37	27
10/31/34	47	36	51	57	65	55
AT4G20460	55	41	44	27	28	36
AT1G22980	74	83	58	51	56	68
AT2G15830	6	3	3	32	43	24
AT4G27480	6	6	4	7	17	14
AT1G04100	30	21	14	41	42	36
AT1G08390	53	55	44	38	38	34
AT2G34910	0	0	0	0	0	0
AT1G72645	44	22	26	42	49	43
AT5G59080	47	49	43	126	126	141
AT5G08070	93	69	67	70	86	61
AT5G57810	8	3	7	6	3	4
AT1G13790	55	33	45	51	63	36
AT1G30700	17	11	1	44	34	37
AT5G03552	0	2	7	0	1	1
AT3G15270	20	13	13	46	32	44
AT5G53950	55	68	57	80	64	50
AT4G03340	51	40	35	51	67	68
AT5G02060	44	37	46	59	57	40
AT2G44735	31	34	36	68	42	50
AT3G25590	52	52	54	67	53	42
AT5G62998	43	62	55	126	139	116
AT3G12830	16	29	22	14	12	13
AT5G62310	67	39	52	33	49	50
AT2G35345	67	55	37	78	61	72
AT2G41505	52	28	38	67	44	69
AT2G16230	14	22	30	9	14	14
AT5G16960	7	3	11	35	12	30
AT5G12050	49	62	68	53	73	49
AT5G24155	11	13	18	17	10	19
AT5G27420	12	12	16	54	63	39
AT3G53100	42	34	35	36	24	30
AT2G36870	0	0	0	0	0	1
AT3G48600	43	31	40	37	53	51
AT4G15430	24	24	13	29	21	31
AT1G74490	30	32	34	19	15	21
AT3G59680	39	26	31	52	44	37
AT5G29560	0	0	0	1	0	0
AT4G16950	34	38	26	39	58	32
AT5G10170	2	2	4	2	1	2
AT2G06002	29	51	33	77	92	84
AT4G01935	51	49	44	47	71	64
AT5G48090	29	20	22	31	27	46
AT4G14780	92	74	73	85	73	88
AT4G19080	58	43	48	80	56	42
AT1G45229	70	36	28	47	35	51
AT1G55670	3	1	1	7	0	4
AT1G65510	15	22	30	57	68	61
AT2G44190	26	26	37	23	18	18
AT4G35685	55	60	43	78	63	47
AT4G38062	0	0	0	0	0	0
AT3G17950	35	33	25	36	33	39
AT1G09087	67	60	49	45	42	48
AT1G53350	40	48	31	52	33	30
AT3G50640	0	0	0	0	0	1
AT2G43100	32	35	49	41	41	40
AT5G16030	0	0	0	0	0	1
AT4G25150	39	41	46	34	39	27
AT4G12850	33	45	53	53	70	41
AT1G62045	42	30	40	17	25	27
AT5G48560	27	18	9	19	14	22
AT2G06255	43	52	46	55	100	46
AT1G02300	12	6	3	13	18	22
AT5G47230	22	13	26	49	55	19
AT2G03830	72	76	70	60	82	72
AT1G50040	14	19	19	15	41	37
AT4G11230	61	68	71	62	92	74
AT1G02670	5	5	4	11	13	12
AT1G04290	43	40	54	49	31	40
AT1G67780	19	14	25	11	13	9
AT4G33120	0	1	5	1	1	2
AT3G15340	17	11	19	25	21	21
AT3G54880	7	12	16	9	7	6
AT3G16340	8	9	4	8	20	15
AT5G54130	48	31	28	34	35	24
AT2G30080	51	35	24	53	51	43
AT2G43480	20	22	19	42	54	25
AT1G80960	40	31	43	62	78	51
AT1G68120	48	49	39	31	65	38
AT1G69810	4	4	4	5	5	5
AT1G06450	67	71	44	73	75	52
AT1G33612	40	27	28	51	34	39
AT1G77700	0	0	0	0	0	0
AT1G23201	9	12	12	22	33	19
AT1G69160	62	63	64	42	40	30
AT3G25597	6	13	7	10	13	12
AT3G11080	30	15	21	35	42	47
AT5G07130	34	41	30	59	45	44
AT5G08855	78	67	53	71	75	60
AT4G39361	53	32	40	52	38	48
AT3G18170	16	12	15	22	18	16
AT1G49940	49	22	22	29	18	51
novel.109	71	57	53	57	50	50
AT4G37070	1	0	1	23	20	21
AT1G68030	50	36	37	42	27	36
AT2G21930	31	28	30	44	52	43
AT1G19630	128	105	113	23	18	12
AT1G74660	49	49	41	43	52	35
AT1G51405	43	35	38	47	25	30
AT5G60800	22	17	19	21	46	23
AT5G67230	42	54	48	51	45	40
AT5G17880	36	31	35	26	22	16
AT3G27630	146	147	140	45	53	36
AT1G78940	41	40	41	39	45	53
AT2G38620	8	14	12	3	5	2
AT2G43840	30	19	28	33	37	27
AT5G03790	51	49	58	44	54	57
AT3G26150	0	4	0	10	4	10
AT3G13770	58	40	59	93	63	56
AT4G35970	3	4	4	8	0	12
AT1G01250	5	2	10	28	44	22
AT1G28010	3	2	4	0	2	0
AT4G24972	34	54	28	48	54	52
AT2G23600	47	41	47	14	21	4
AT2G35910	21	14	23	84	94	67
AT1G12550	52	54	45	60	58	50
AT1G15175	16	11	16	28	25	29
AT1G01700	26	16	18	35	24	32
AT1G30260	10	5	10	49	54	34
AT5G56780	38	29	42	21	23	30
AT1G29230	13	13	14	26	15	25
AT1G65180	26	29	23	10	30	17
AT1G25230	12	17	12	14	18	24
AT3G20940	18	12	10	9	5	2
AT2G36090	39	31	25	42	40	43
AT3G51470	6	10	2	12	13	15
AT1G15790	37	38	45	72	55	62
AT2G41100	6	1	1	2	9	7
novel.175	12	9	11	88	91	44
AT5G05190	35	27	49	69	61	51
AT2G31141	14	18	9	89	88	90
AT5G07480	62	45	46	131	96	94
AT2G17080	1	0	0	0	2	4
ATCG00170	79	33	36	53	23	27
AT5G61800	58	66	67	70	65	42
AT5G67460	60	29	36	20	27	23
AT4G17695	50	46	39	54	70	66
AT1G70080	40	29	18	39	61	52
AT5G41120	23	10	9	22	20	22
AT2G02450	64	42	67	67	75	56
AT3G46280	0	1	2	1	0	1
AT4G18780	0	1	0	3	6	3
AT5G49270	0	0	0	0	0	0
AT5G63750	46	51	46	54	63	71
AT3G56080	19	22	10	4	2	6
AT5G06870	10	8	11	29	29	37
AT5G62960	23	28	32	31	38	26
AT3G50850	43	37	24	29	48	42
AT2G30930	1	1	1	9	12	5
AT1G07300	69	26	29	39	28	46
AT5G42760	57	37	34	42	31	37
AT1G20015	67	61	80	61	85	80
AT1G34460	64	24	29	82	41	56
AT1G48745	11	12	20	36	43	27
AT5G09385	57	59	62	82	93	71
AT3G26760	45	61	33	38	48	30
AT4G36640	3	3	0	2	0	2
AT2G29310	0	4	0	45	26	46
AT1G59860	28	18	35	44	56	48
AT5G50930	14	13	12	18	19	12
AT3G49920	39	34	26	38	29	23
AT5G12170	20	14	24	32	16	25
AT1G66890	20	25	15	25	39	19
AT3G17580	1	0	0	0	0	0
AT5G45440	7	9	10	5	14	9
AT5G67390	92	87	68	46	48	37
AT4G17760	26	25	11	25	20	22
AT4G35985	22	33	48	76	42	46
AT1G53230	46	32	30	30	23	25
AT1G61390	60	43	46	60	79	43
AT1G01355	27	10	5	25	26	25
AT5G09540	27	37	40	34	45	52
AT4G00525	40	44	41	41	63	33
AT4G28180	62	47	70	36	56	36
AT1G52680	2	0	9	70	59	60
AT1G76780	63	56	56	63	70	55
AT1G14080	4	3	7	1	1	2
AT5G25930	8	3	18	5	19	12
AT3G50845	17	19	23	48	36	28
AT1G55610	42	62	73	76	73	54
AT3G59710	27	25	24	7	16	9
AT2G42260	20	16	24	19	14	28
AT3G16700	25	11	7	11	7	18
AT3G29770	28	33	38	33	41	31
AT5G03985	74	53	76	86	76	71
AT4G01750	0	0	2	0	0	0
AT4G14490	38	22	33	21	21	22
AT3G06120	28	17	29	59	80	71
AT3G07715	74	40	34	48	52	38
AT4G28250	20	19	32	19	20	20
AT5G54660	37	33	39	59	40	49
AT1G29590	49	42	41	44	51	32
AT1G56550	0	1	0	0	0	2
AT3G49370	20	17	29	25	24	29
AT3G59900	8	6	7	4	2	9
AT4G34880	10	8	2	4	3	6
ATCG00490	32	28	20	27	31	12
AT1G72530	52	27	41	41	54	30
AT1G77880	33	39	39	32	32	50
AT1G30515	25	23	33	22	27	22
AT3G28100	18	18	25	43	43	40
AT5G09295	32	19	37	52	57	55
AT2G05895	49	59	54	61	46	40
AT1G52910	7	10	9	19	12	19
AT1G70340	32	21	27	33	46	36
AT3G49950	50	53	32	20	20	12
AT5G23510	4	16	10	39	54	27
AT2G39710	1	6	2	4	5	2
novel.110	52	34	33	44	35	28
AT1G38131	20	22	13	35	36	38
AT3G21620	13	19	16	30	16	19
AT2G33710	1	9	7	5	3	1
AT4G37900	33	26	26	65	81	58
AT1G70440	90	79	92	62	47	23
AT5G56850	14	8	8	22	3	7
AT2G32660	95	74	103	44	58	35
AT5G20550	7	5	4	0	2	4
AT3G59190	48	52	41	38	46	33
AT3G59530	83	36	30	70	41	52
AT2G41450	11	17	24	31	18	30
AT3G28340	21	30	26	22	19	24
AT5G23480	78	45	59	45	45	37
AT3G56200	32	22	21	31	25	19
ATMG01330	61	64	32	59	84	57
AT3G21150	1	1	4	6	4	6
AT2G18100	48	7	18	28	28	35
AT3G14510	10	12	5	14	5	7
AT4G15393	63	65	59	114	115	78
AT5G65970	0	0	1	1	0	1
AT4G21865	24	28	28	38	32	28
AT1G70250	17	13	15	30	16	20
AT5G07040	36	27	26	23	32	18
AT5G43030	3	1	5	1	4	2
AT3G21240	1	0	0	1	5	2
AT2G21770	23	20	30	34	22	36
11/5/01	28	22	18	23	26	21
AT3G26590	0	0	0	0	1	0
AT2G47540	0	0	0	2	0	0
AT5G06300	23	16	19	23	19	14
AT5G24950	4	7	3	3	4	4
AT3G12685	27	35	21	51	30	19
AT2G39880	46	35	40	25	22	16
AT1G61255	27	30	21	17	15	14
AT4G12740	57	47	52	30	53	34
AT5G04680	7	5	5	5	12	4
AT4G17000	1	0	1	0	4	2
AT4G23410	30	29	21	113	129	70
AT3G14620	20	14	17	67	76	33
AT3G21420	21	13	17	25	29	24
AT2G16270	2	0	1	0	1	0
AT2G01610	20	17	21	20	38	31
AT2G39250	23	18	22	18	31	13
AT4G01883	54	34	51	8	17	23
AT1G74456	60	35	48	39	36	43
AT3G14570	33	7	12	54	51	51
AT4G01080	28	44	35	34	46	36
AT2G32765	20	16	20	9	8	10
AT2G03110	70	45	65	51	50	56
ATCG01130	44	74	91	30	48	23
AT1G30160	99	87	109	23	24	24
AT1G49870	3	0	0	1	0	3
AT3G57770	16	14	13	31	32	19
AT1G09090	93	77	119	46	49	39
AT1G16310	0	2	0	0	1	1
AT4G38290	51	23	38	44	58	57
AT1G14430	41	28	34	22	25	30
AT1G31040	64	55	64	82	60	63
AT1G77380	5	2	6	8	7	7
AT3G20040	40	27	24	23	27	18
AT3G62050	62	56	37	30	35	39
AT2G26180	9	11	8	6	6	14
ATCG00800	27	35	26	31	31	27
AT5G41590	15	11	12	35	33	29
AT5G62210	9	14	10	14	18	14
AT3G51180	43	47	36	44	40	38
AT5G40030	25	25	29	28	30	20
AT4G04465	88	75	79	60	70	60
AT5G03640	3	2	3	12	5	11
AT2G36890	37	24	37	22	26	21
AT3G20730	55	62	50	48	70	65
AT3G26220	1	2	5	43	42	40
AT3G56170	9	19	12	12	8	11
AT2G20710	72	61	54	45	64	54
AT2G28590	45	50	42	43	63	46
AT4G32800	57	66	75	60	54	43
AT1G71480	76	50	69	44	53	48
AT4G03925	61	57	53	45	59	53
AT1G22650	17	22	17	13	20	7
AT5G38865	64	26	22	38	43	60
AT3G12700	23	26	38	26	19	21
AT3G44020	20	31	31	39	29	29
AT2G39110	9	11	10	13	19	13
AT5G15190	32	27	23	5	4	3
AT4G12540	23	25	24	11	15	8
AT5G05510	19	23	21	3	8	5
AT3G57965	34	40	56	20	32	20
AT5G56610	14	15	7	21	24	25
AT3G52480	14	14	19	50	54	32
AT1G65390	10	16	24	1	0	2
AT4G32950	0	2	0	0	0	0
AT4G18010	6	8	18	32	33	27
AT5G38565	50	55	38	61	23	41
ATCG00480	34	45	37	31	33	18
AT3G20140	2	4	7	5	9	1
AT3G62760	5	7	15	3	8	2
10/31/82	41	41	49	34	42	30
AT3G14362	53	65	69	55	72	41
AT3G60780	28	14	18	40	56	39
AT1G53680	12	7	11	11	28	20
AT1G66050	9	12	12	18	23	26
AT5G03110	53	56	51	63	47	43
AT4G22214	0	0	0	0	3	0
AT2G34700	41	42	60	34	45	30
AT4G01930	72	50	40	28	20	26
AT1G78430	10	3	2	10	15	10
AT5G18270	31	19	38	40	30	20
AT2G21780	11	15	13	24	19	21
AT5G00755	65	73	63	37	48	45
AT5G37485	6	8	6	19	22	15
AT5G54190	0	1	1	0	2	2
AT2G38830	29	33	21	36	39	30
AT3G52020	1	2	1	5	0	5
AT3G24220	93	70	75	16	19	15
novel.149	43	43	38	39	51	53
AT1G64583	45	43	37	42	51	35
AT1G80200	18	16	18	10	18	23
AT5G23800	46	26	34	19	36	34
AT2G43530	19	21	15	37	64	45
AT1G08507	28	15	21	27	25	40
AT3G55890	118	76	86	22	41	16
AT1G11850	10	12	5	5	20	16
AT5G03510	45	51	31	3	1	3
AT2G31865	37	29	20	84	66	65
AT5G07060	36	28	42	51	60	51
AT5G20045	2	0	1	4	5	5
AT5G60860	45	36	29	17	29	23
AT1G67180	25	5	10	20	10	21
AT2G46050	65	64	56	89	86	53
AT3G05430	45	42	42	61	55	35
AT1G19396	42	15	27	52	35	58
AT2G40150	40	26	28	17	21	14
AT5G58010	0	0	0	0	0	3
AT2G40120	23	20	31	39	36	34
AT5G06640	0	0	0	0	0	0
AT2G31020	11	5	7	34	35	24
AT1G30900	0	0	0	0	1	0
AT1G62915	52	34	30	49	28	46
AT3G48490	8	9	5	12	9	10
AT3G10525	37	40	35	19	27	19
AT4G38410	8	10	10	9	4	13
AT1G64625	60	46	54	55	44	33
AT5G66940	84	102	84	25	35	21
AT1G65710	9	11	9	9	14	13
AT4G38910	62	55	48	36	45	43
AT3G27620	64	64	56	37	36	36
AT1G08940	14	13	10	18	33	31
AT3G19400	10	19	20	10	16	11
AT5G46040	4	0	0	3	1	5
AT3G13277	15	8	20	18	13	19
AT4G06835	21	19	24	43	24	38
AT3G53450	88	82	75	50	66	50
AT1G70510	34	29	29	39	41	44
AT5G15600	14	17	21	5	4	8
AT3G63470	27	18	13	8	9	7
AT3G14710	19	26	31	47	51	50
AT3G26440	28	19	20	22	27	13
AT1G09180	108	110	125	12	18	28
AT5G44870	24	20	26	38	39	35
AT2G24440	16	19	19	13	4	6
AT1G26530	82	40	52	40	24	56
AT1G63230	55	38	39	27	25	20
AT5G07725	56	51	35	66	88	63
AT1G58180	41	24	17	11	7	9
AT2G02990	26	48	28	13	28	24
AT1G09480	28	23	27	41	28	28
AT3G24140	8	18	19	20	24	17
AT3G61250	32	57	40	26	50	30
AT2G25330	41	48	27	51	42	51
AT3G16240	2	2	5	15	4	9
AT2G04680	32	15	22	6	11	8
AT2G42860	55	51	43	47	48	51
AT1G68825	28	42	47	33	35	22
AT4G00940	59	69	48	56	49	32
AT5G52830	26	23	26	13	20	10
AT1G79915	72	55	46	52	37	53
AT1G03980	68	67	82	39	42	27
AT5G58320	44	50	36	35	20	13
AT1G62720	72	61	51	61	78	51
AT3G20475	45	31	27	24	14	26
AT5G27350	3	1	1	16	5	9
AT3G57950	43	36	37	42	58	46
AT3G59700	50	50	26	27	33	30
AT3G24450	10	4	7	18	15	10
AT5G35525	0	0	1	2	1	2
AT3G01860	15	6	1	11	8	13
AT1G49500	43	25	30	62	69	64
AT5G15537	31	16	24	34	22	25
AT4G23190	16	8	10	33	28	24
AT1G09863	105	28	61	45	37	49
ATCG00780	18	21	27	22	29	24
AT5G44306	41	50	88	45	56	37
AT5G37180	0	0	0	0	0	0
AT2G08435	34	26	18	36	40	23
AT1G31310	24	16	16	32	32	26
AT5G11320	17	17	12	21	35	22
AT3G32980	0	3	0	2	0	0
AT3G47965	50	51	68	33	35	28
AT5G41400	9	7	6	6	15	6
AT5G52390	0	1	0	0	0	0
AT5G54840	31	21	35	38	27	27
AT4G04077	2	0	3	76	84	68
AT4G14548	48	45	49	48	49	55
AT5G23115	47	24	36	57	50	50
AT5G43160	30	32	20	16	24	15
AT4G25780	43	68	51	47	59	49
AT4G35660	0	1	0	0	6	1
10/31/68	84	72	57	56	48	47
AT4G18050	28	7	17	46	46	37
AT1G70505	21	23	19	25	22	24
AT5G58750	31	37	31	13	12	16
AT2G41870	25	40	32	43	43	33
AT4G02630	15	30	14	20	31	23
AT2G44600	15	15	22	29	28	21
AT4G00680	2	0	1	3	4	3
AT4G28720	5	7	16	11	7	2
novel.174	14	7	12	80	58	33
11/16/01	63	55	48	52	49	49
AT4G30975	13	7	9	15	25	7
AT1G18570	28	31	38	41	42	28
AT1G07902	45	38	40	64	46	58
AT2G24190	13	4	21	14	9	14
AT4G31100	4	3	2	23	11	11
AT2G22600	32	37	33	32	38	28
AT3G01425	44	25	17	37	31	33
AT1G07270	18	10	16	20	15	13
AT1G73965	67	46	66	40	50	29
AT1G65910	54	59	84	66	77	61
AT4G37095	41	46	50	58	37	52
AT5G43450	8	1	6	8	17	6
AT1G02400	2	2	1	13	10	5
AT3G13240	45	34	37	61	44	33
AT4G14120	25	22	24	23	33	28
AT4G36240	48	44	50	24	31	33
AT3G16220	7	13	7	26	37	23
AT1G61170	21	13	20	20	20	12
AT2G35660	9	2	5	7	10	13
AT3G26550	18	13	12	28	27	13
AT1G09650	23	52	37	35	35	26
AT1G52618	39	44	48	39	79	47
AT3G55820	49	59	53	41	44	26
AT2G05185	38	29	22	22	36	52
AT5G45700	0	0	0	0	0	0
AT3G57540	3	8	3	11	6	8
AT2G06995	36	29	30	59	49	46
AT2G41850	34	25	52	0	0	0
AT1G26870	49	60	67	40	46	58
AT1G56430	1	0	0	8	10	8
AT3G63445	44	29	28	17	24	35
AT4G13870	46	32	28	29	27	31
AT1G62620	15	7	12	7	4	10
AT2G04570	0	0	0	1	1	0
AT5G59720	7	7	13	59	55	49
AT2G38823	29	23	16	46	38	36
AT1G55910	28	22	32	42	43	38
AT1G79620	23	10	13	21	33	28
AT5G18360	23	13	24	28	34	35
AT5G08515	42	30	46	41	52	53
AT4G16610	24	41	17	33	30	20
AT1G62370	8	14	16	25	21	31
AT2G03500	34	38	48	55	87	38
AT2G19690	21	11	30	26	8	17
AT1G69920	12	24	19	64	67	44
AT4G18205	31	29	20	56	47	55
AT1G29670	1	0	0	0	0	0
AT2G07629	9	4	12	64	66	59
AT5G26720	26	48	49	41	58	36
AT1G53860	33	24	24	32	27	18
AT1G72450	47	33	38	47	73	43
10/31/01	45	34	34	87	67	54
AT2G31560	0	0	2	0	2	0
AT3G17280	20	24	25	31	44	20
AT1G06310	37	35	31	32	23	10
AT5G27889	36	22	14	18	18	31
AT1G24210	41	36	34	57	55	33
AT1G25098	7	1	3	47	45	40
AT2G17880	13	21	42	25	21	21
AT3G55500	0	0	0	0	0	0
AT3G50300	4	2	4	2	0	3
AT3G61190	49	66	45	52	47	33
11/26/01	69	52	67	17	23	17
AT1G33610	3	4	4	9	3	2
AT2G46990	47	56	49	42	44	41
AT1G71050	15	13	10	38	44	42
AT2G03020	17	16	21	40	50	34
AT2G20340	35	33	29	43	49	39
AT3G17660	48	19	25	37	39	34
AT4G37050	2	7	7	7	16	8
AT2G37380	15	20	14	35	25	16
AT2G46380	8	6	5	12	9	11
AT5G61430	11	10	11	0	0	0
AT2G07042	29	32	35	56	49	45
AT2G21140	0	0	0	0	0	0
AT2G30680	29	21	16	68	58	64
AT5G47640	25	29	27	32	55	26
AT3G10570	22	30	14	39	35	24
AT4G38330	29	12	32	20	11	16
AT1G70430	19	7	6	12	9	8
AT3G18670	59	44	52	52	60	49
AT3G44790	57	47	62	48	66	37
AT3G55630	14	2	3	21	21	27
AT1G03620	51	29	41	71	62	62
AT1G80540	124	115	128	1	3	4
AT5G05430	92	48	36	21	18	27
AT2G04450	38	18	25	17	18	15
AT2G34220	72	58	58	78	58	59
AT1G05090	41	19	39	23	33	20
AT5G44580	1	0	0	2	2	4
AT2G20670	24	36	25	56	48	48
AT4G25631	56	66	42	50	52	53
AT3G54160	38	24	37	56	41	37
AT3G01190	0	0	0	0	0	0
AT1G56010	45	21	32	17	25	30
AT5G52547	41	57	52	60	60	43
AT3G50890	2	0	2	3	6	2
AT2G27990	40	50	33	65	37	56
AT4G01580	46	64	49	36	25	24
AT1G15002	43	32	47	33	64	31
AT2G01280	48	38	30	66	30	61
AT1G06090	0	1	4	0	0	0
AT5G22788	54	54	51	46	77	47
AT1G18075	8	1	5	11	6	6
AT1G07710	30	29	24	23	33	41
AT5G19500	44	41	35	48	32	58
AT3G53365	59	74	52	60	43	58
AT2G24070	28	15	25	33	37	22
AT1G62920	39	25	34	58	24	45
AT2G39690	3	6	8	4	10	7
AT2G42800	32	21	39	45	83	30
AT1G02360	0	2	0	1	2	1
AT1G65110	117	35	46	44	50	55
AT5G35770	58	45	44	61	45	39
AT3G05790	86	38	45	47	31	35
ATMG00060	18	13	4	82	78	42
AT1G32170	4	8	8	25	20	9
AT1G70660	52	30	30	39	50	31
AT4G21550	56	27	41	39	49	39
AT3G01350	19	19	10	43	38	31
AT4G35710	0	0	1	0	0	0
AT2G23200	48	41	53	34	29	44
AT2G17550	8	6	3	7	8	4
AT5G42440	62	35	47	47	51	37
AT2G03505	28	14	13	24	29	12
AT2G37960	38	13	23	18	19	23
AT1G73066	45	27	28	42	18	31
AT4G31400	44	10	31	34	35	40
AT4G29180	7	10	9	10	5	5
AT1G65900	0	3	0	1	3	0
AT4G06305	48	70	52	37	43	44
AT4G29905	3	3	4	3	1	4
AT5G64816	55	30	31	43	44	40
AT5G13920	31	29	44	20	22	23
AT3G49360	23	22	19	20	32	22
AT4G14700	5	10	7	10	6	5
AT1G06420	3	3	6	10	12	6
AT3G20830	23	11	27	42	32	36
AT3G50130	0	0	0	0	0	0
AT2G34325	49	32	44	30	28	25
AT2G26420	0	0	0	0	0	1
AT2G38640	12	12	17	28	41	39
AT3G18880	48	30	41	40	28	24
10/31/58	124	58	74	84	83	77
AT3G51330	62	44	32	50	35	55
AT1G64310	45	25	39	52	58	45
AT4G17800	26	26	37	4	12	9
AT5G63160	3	1	3	4	7	2
AT3G48280	15	21	12	19	20	12
AT2G26360	20	26	15	15	22	22
AT2G40520	60	56	48	48	41	40
AT5G16940	14	4	13	7	9	2
AT3G01660	20	33	23	55	61	45
AT3G26180	19	29	29	68	106	90
AT3G63010	40	38	34	16	11	3
AT1G29730	42	27	28	37	40	43
AT3G17640	19	8	11	38	21	28
AT3G24715	23	17	17	18	13	13
AT5G01490	9	5	6	13	12	6
AT5G09505	51	46	61	36	48	42
AT3G60130	3	0	4	6	6	6
AT1G24030	32	28	26	28	36	32
AT4G29530	32	31	32	21	22	14
AT3G26612	47	19	28	33	24	30
AT2G42820	0	0	0	0	0	0
AT4G05180	2	0	1	4	6	6
AT4G19590	32	27	32	31	20	29
AT1G30080	26	25	24	2	9	9
AT1G63930	8	15	7	10	9	8
AT1G72800	59	41	40	26	47	18
AT2G34317	0	0	0	72	81	62
AT3G54870	30	15	27	37	23	24
AT5G52170	44	34	30	22	26	17
AT3G21680	4	8	2	9	7	7
AT3G23200	36	26	29	41	41	29
AT1G03840	25	17	17	23	31	29
AT2G16586	26	40	58	48	53	22
AT2G38250	44	33	50	66	39	27
AT1G58070	12	9	15	6	4	3
AT5G17350	28	33	25	63	72	39
AT2G41082	45	38	42	45	78	52
AT4G09589	0	1	0	12	10	7
AT5G06530	0	0	1	0	1	1
AT5G20030	50	39	41	37	44	44
AT5G43155	36	20	17	25	17	23
AT5G51795	44	38	41	30	46	33
AT3G51340	32	30	26	38	52	49
AT3G59750	19	8	12	14	13	12
AT5G17800	40	44	47	29	23	23
AT3G01070	43	47	70	30	26	29
AT3G01960	2	0	2	4	6	1
AT5G35580	1	4	17	5	13	8
AT3G46680	24	13	15	25	33	13
AT1G58420	46	43	56	53	27	45
AT5G20935	25	18	29	35	50	41
AT5G44160	24	13	21	37	25	18
AT5G03680	43	47	43	48	49	38
AT3G24460	18	13	7	6	8	12
AT1G02420	47	47	38	43	38	30
AT5G35760	42	22	44	46	55	41
AT2G02820	24	27	13	19	14	12
AT2G42350	3	4	4	9	12	4
ATCG00810	37	33	21	20	31	15
novel.151	98	66	77	30	35	40
AT4G13885	56	22	26	60	56	46
AT1G53542	59	53	57	32	50	48
AT5G05420	89	33	51	16	13	26
AT2G39200	14	7	9	16	23	11
AT2G03850	5	6	4	0	0	0
AT2G19240	43	23	25	52	60	43
AT4G26200	0	0	0	1	0	0
AT1G54160	40	48	53	59	54	44
AT1G69930	3	7	4	62	80	71
AT4G22305	42	29	30	41	36	39
AT1G27720	49	14	25	27	33	17
AT1G67900	11	5	6	22	19	15
AT3G06070	5	3	4	5	11	4
AT3G15540	9	9	18	12	7	7
AT4G31805	12	14	9	13	13	16
AT1G13670	0	0	0	0	0	0
AT5G08150	47	42	45	22	37	37
AT3G20960	3	10	9	19	5	7
AT5G18930	33	21	27	28	35	23
AT5G22794	41	9	9	16	15	22
AT3G15170	31	31	41	57	48	35
AT1G06227	51	41	32	44	45	38
AT1G08733	50	28	27	32	42	31
AT1G67030	3	2	1	3	3	2
AT3G22886	19	31	32	46	64	46
AT4G31441	32	57	36	28	42	21
AT5G06630	0	0	0	0	0	0
AT5G18430	1	2	3	8	24	18
AT2G43850	33	18	13	18	20	18
AT4G31110	12	7	6	12	25	20
AT5G22930	54	59	47	37	61	26
AT3G61380	28	19	26	25	27	16
AT1G54330	73	63	73	52	55	34
AT4G07070	31	45	43	36	35	34
AT3G43790	23	24	21	44	40	32
AT5G00750	62	61	48	37	44	31
AT4G35290	34	26	23	42	40	22
AT3G01700	25	21	29	24	18	17
AT2G39435	22	30	20	20	21	18
AT4G39190	12	18	13	43	59	40
AT1G04880	49	37	64	30	29	37
AT5G67385	42	41	22	38	26	28
AT1G21695	25	44	51	46	47	23
AT1G49010	3	1	2	2	0	1
AT2G14775	39	39	26	55	51	47
AT1G16360	29	31	52	32	19	23
AT1G59124	34	13	19	30	42	50
AT1G61230	2	6	5	5	4	3
AT4G16990	3	4	6	5	3	5
AT4G39180	32	13	20	30	35	22
AT1G78530	3	0	2	0	0	0
AT2G18500	26	28	25	19	36	20
AT4G31355	9	0	9	9	7	5
AT2G35343	39	31	21	38	42	32
AT2G19400	63	32	33	25	32	39
AT1G05894	9	11	14	19	21	41
AT3G17380	1	0	0	2	2	5
AT2G43445	26	36	31	40	32	26
AT1G61440	95	49	31	43	39	52
AT4G15480	7	3	3	1	4	6
AT1G05200	32	24	19	27	18	27
AT2G07687	1	3	0	87	73	42
AT3G59850	33	29	45	11	10	10
AT4G15070	8	3	5	11	2	5
AT4G25300	24	22	30	26	17	19
AT4G09350	39	35	31	40	64	34
AT3G12040	48	34	31	52	60	34
AT1G04425	0	0	0	0	0	0
AT5G39820	47	48	69	58	62	61
AT5G64687	18	12	12	59	57	54
AT4G26590	47	30	52	31	30	24
ATCG00280	12	6	8	9	9	6
AT5G41810	0	0	3	4	8	4
AT3G19200	31	30	28	63	90	65
AT4G25850	33	38	24	18	14	23
AT3G06778	45	25	33	33	32	20
AT2G42955	61	48	44	36	40	42
AT4G39710	2	1	3	12	1	6
AT5G05160	8	18	15	13	18	23
AT5G55620	7	5	8	6	2	3
AT3G54260	14	3	9	18	11	17
10/31/76	7	6	7	14	29	10
AT5G12280	27	11	14	37	26	50
AT1G08937	45	34	29	44	30	28
AT5G23155	20	19	13	42	29	64
AT5G16850	41	22	20	34	20	29
AT3G59480	6	5	4	11	14	10
AT2G01760	19	14	17	11	21	11
AT5G17650	19	26	17	47	58	53
AT5G38280	12	9	16	33	23	13
AT4G01360	32	23	39	23	35	27
AT5G48650	22	15	23	16	11	5
AT4G24860	44	31	20	37	20	32
AT1G15900	20	45	29	46	42	18
AT1G70670	4	19	9	18	11	18
AT5G11300	24	16	13	14	7	20
AT5G20220	32	25	15	35	31	23
AT2G28105	47	51	29	45	28	33
AT4G16690	11	8	12	16	12	16
AT1G76878	31	26	44	40	37	27
AT1G77138	16	14	8	21	21	16
AT3G51380	0	0	0	1	0	0
AT4G25160	6	8	12	9	16	10
AT4G39363	33	31	25	41	36	41
AT4G10260	30	20	36	54	51	68
AT1G10990	6	9	12	5	14	5
AT1G51470	0	0	0	0	0	0
AT5G45840	7	8	3	17	18	11
AT2G16790	9	6	14	17	20	19
AT3G54040	44	36	33	27	36	25
AT4G16220	22	16	25	14	10	7
AT3G17730	64	62	47	49	58	67
AT2G37700	0	0	0	0	0	0
AT5G59370	84	73	103	17	8	21
AT1G80120	6	4	3	4	8	1
AT1G17240	19	19	10	36	43	25
AT5G14890	35	37	47	48	40	41
AT5G22860	15	16	19	9	15	15
AT3G48131	70	78	91	14	14	11
AT4G15450	24	8	32	30	29	14
AT5G04970	0	2	0	1	3	3
AT5G03720	34	30	36	38	41	27
AT1G78860	20	21	48	6	6	2
AT3G19500	25	24	23	32	35	30
AT2G30766	2	4	3	49	48	36
AT1G31820	18	14	12	59	45	28
AT5G60880	5	17	17	9	11	7
AT2G27430	1	2	7	1	0	0
ATCG00740	32	15	22	39	23	24
novel.111	42	38	25	35	40	27
AT1G44830	11	16	5	3	0	2
AT1G61450	7	5	1	2	3	3
AT5G37540	12	10	11	25	31	41
AT1G64405	33	25	36	52	71	56
AT5G42010	15	20	34	46	46	52
AT3G56440	14	13	28	20	30	26
AT4G31405	14	2	12	18	14	16
AT4G03130	8	3	3	6	0	11
AT4G22105	1	2	4	17	16	8
AT1G06837	37	33	23	38	32	23
AT1G74650	6	0	2	4	4	9
AT3G29140	46	40	37	27	38	35
AT3G25730	3	5	5	7	2	2
AT3G62430	42	50	41	23	46	35
AT1G23480	0	0	0	0	0	0
AT3G04485	19	14	20	26	31	33
AT5G63450	0	1	0	1	3	2
AT2G42510	26	24	22	32	19	25
AT4G16750	14	17	26	17	22	13
AT5G05940	6	13	16	18	26	12
AT5G23950	50	70	51	54	45	50
AT5G52290	38	23	46	24	14	23
AT1G72070	34	9	23	25	29	27
AT5G20870	1	4	2	5	6	9
AT5G46330	23	11	13	19	25	21
AT3G10910	1	0	0	2	1	0
AT2G21100	4	5	1	90	97	73
AT1G66950	1	0	7	2	2	7
AT3G22400	0	0	0	0	0	0
AT3G26135	26	9	14	14	20	27
AT3G50840	5	13	7	6	9	15
AT4G09460	31	12	25	17	21	13
AT4G30460	0	0	0	0	1	0
ATCG01180	14	17	14	30	13	7
AT1G49920	63	44	53	50	28	40
AT5G38060	16	11	12	13	12	11
AT5G46720	37	37	40	29	41	28
AT1G31335	1	0	1	2	2	2
AT4G20935	37	16	58	57	41	22
AT4G26010	7	5	7	2	2	2
AT3G47675	43	21	18	16	11	23
AT3G61198	18	29	20	51	71	57
AT2G13680	32	27	26	38	32	39
AT4G23560	0	0	0	0	0	0
AT5G50890	6	9	4	11	7	3
AT4G24450	11	4	5	10	7	16
AT4G22270	38	35	31	43	39	33
AT5G42840	18	9	14	18	22	17
AT3G04060	51	34	36	10	6	3
AT3G13210	45	36	34	38	14	37
AT2G38490	10	3	4	7	6	10
AT4G38210	41	28	36	33	37	26
AT3G10745	12	13	13	47	57	35
AT1G31540	5	2	5	3	1	3
AT4G05685	27	30	18	22	32	35
AT1G27695	18	42	19	23	33	20
AT5G01910	0	0	0	0	0	0
AT4G09170	48	53	51	35	51	53
AT4G37030	27	27	27	36	37	40
novel.144	161	71	74	28	21	29
AT1G19150	5	2	6	6	5	5
AT5G01180	9	7	7	11	18	19
AT5G56870	82	59	78	14	13	23
AT2G07739	8	8	6	48	56	25
AT4G04485	44	38	43	30	44	56
AT1G01750	13	8	3	7	6	8
AT3G49900	18	15	16	20	40	17
AT2G30770	0	1	0	29	32	21
AT2G41730	5	5	5	42	63	45
AT4G15165	25	50	25	13	16	12
AT1G14680	32	25	26	51	59	39
AT1G26730	11	6	13	13	2	7
AT1G61470	31	13	24	24	36	33
AT5G00980	22	18	24	21	31	29
AT3G49510	29	31	15	35	51	29
AT1G33600	2	6	10	33	37	30
AT5G22890	6	10	6	29	37	24
AT5G06710	35	32	33	37	43	32
AT5G08525	40	44	48	35	52	36
AT5G25370	0	0	0	0	0	0
AT3G07150	15	20	17	42	43	30
AT4G00240	9	6	16	15	8	14
AT4G24410	35	10	16	26	15	13
AT1G56670	7	4	6	11	8	5
AT1G58160	25	20	24	18	20	13
AT1G06883	10	13	23	18	19	10
AT5G06165	39	35	24	48	55	44
AT5G11060	13	8	12	4	7	11
AT2G41990	9	3	12	13	7	11
AT4G17970	0	1	0	0	0	0
ATCG00220	18	10	9	17	20	10
AT1G14540	0	0	0	1	1	2
AT4G11845	52	25	30	32	20	20
AT4G40065	9	19	16	22	31	29
AT5G60950	27	9	0	12	21	22
AT2G23180	2	0	1	2	5	4
AT5G67410	37	23	30	30	27	33
AT4G23550	2	1	0	1	2	0
AT1G10400	9	2	7	0	2	3
AT3G51030	5	10	13	34	41	35
AT2G20250	18	12	8	24	11	14
AT1G61275	27	23	19	79	74	70
AT4G35060	3	0	4	3	0	0
AT5G61560	21	14	22	44	26	35
AT5G66658	37	33	30	46	51	39
AT3G15650	10	25	16	23	29	21
AT5G10440	19	24	18	30	25	21
AT2G29440	0	0	1	1	1	1
AT5G22608	50	24	35	32	17	25
AT3G06600	40	33	24	16	16	24
AT3G54780	15	10	17	35	34	25
AT4G31351	18	14	25	27	22	20
AT1G60270	0	0	0	0	0	0
AT2G17036	27	11	12	37	24	24
AT5G55380	10	6	10	16	7	15
AT2G20875	10	8	12	26	31	28
AT3G05600	1	0	2	0	0	0
AT5G58690	39	22	17	24	22	17
AT2G41090	10	12	10	5	4	5
AT1G17255	33	19	25	41	42	29
AT1G52820	53	24	31	24	24	36
AT2G08865	55	18	22	49	22	35
AT4G29150	9	15	9	12	15	5
AT1G02350	15	9	8	18	8	15
AT5G23170	17	32	37	46	60	40
AT5G40500	20	4	15	12	15	12
AT1G06033	52	35	21	44	24	28
AT1G06087	42	34	35	35	52	29
AT3G12770	74	36	42	57	36	38
AT5G13080	9	10	13	67	54	37
AT2G41240	0	0	1	39	42	25
AT1G17260	24	17	13	35	31	40
AT3G13170	29	18	27	12	12	22
AT1G62520	16	19	14	14	29	17
AT4G23770	22	18	13	12	7	17
AT3G06360	29	43	45	53	55	42
AT3G09162	27	25	34	24	38	32
AT4G13280	0	3	1	2	8	7
AT1G16070	1	0	0	0	0	0
AT5G51500	0	0	0	0	0	0
AT5G56795	57	84	74	34	20	24
AT4G28490	29	28	17	34	25	36
AT4G38650	10	7	10	20	22	20
AT1G08860	30	32	32	38	37	36
AT5G12420	0	2	1	3	4	5
AT3G50870	34	33	35	29	44	39
ATMG00513	6	5	7	66	76	54
AT1G76360	5	3	6	16	0	14
AT3G21230	13	9	10	10	15	11
AT2G19780	22	17	25	14	23	19
AT5G52900	44	39	50	53	52	24
AT3G15510	31	23	34	7	8	5
AT5G42120	22	22	15	27	33	31
AT4G21480	19	16	9	21	38	22
AT5G14380	10	11	6	15	12	10
AT1G07160	19	19	17	20	23	28
AT2G04025	10	2	3	3	0	3
AT1G77990	10	6	15	4	6	7
AT3G51970	21	12	16	17	12	17
novel.147	25	12	17	53	48	51
AT5G18690	28	36	30	15	42	17
AT3G07725	38	18	24	23	27	46
AT1G04247	8	15	8	4	6	2
AT5G43040	2	1	5	1	7	0
AT3G27900	68	40	35	38	23	35
AT2G42365	33	15	22	22	21	31
AT4G26070	21	14	14	25	24	23
AT4G02810	37	52	45	21	39	19
AT4G18340	31	24	25	40	35	32
AT1G07135	12	10	10	21	21	15
AT1G16820	16	13	25	28	15	15
AT5G01370	6	10	10	13	6	6
AT4G14550	8	4	5	5	5	7
AT4G17340	13	20	19	4	9	8
AT5G12890	5	5	4	9	5	4
AT5G18470	10	14	14	23	19	8
AT3G46490	0	0	0	0	0	0
AT2G26450	31	27	26	62	56	47
AT5G48980	29	26	32	72	58	47
AT5G15265	1	0	0	0	0	0
AT3G61760	4	3	5	5	8	4
AT2G18380	39	51	40	27	39	26
AT1G21326	46	67	58	28	24	35
AT5G04080	5	2	4	14	5	6
AT5G26220	27	37	30	15	22	25
AT3G22560	5	4	6	14	14	12
novel.130	3	5	7	41	54	42
AT2G40470	10	13	15	23	6	11
AT1G30190	0	0	0	0	0	2
AT4G39404	45	37	49	32	29	26
10/31/87	51	41	43	40	37	59
AT1G19115	26	11	24	23	27	23
AT1G54575	0	3	0	0	0	3
AT2G17300	10	8	9	4	5	7
AT2G30380	31	29	30	45	47	35
AT4G27970	5	2	6	27	34	25
AT5G01700	8	3	12	20	14	18
AT3G51060	31	20	31	37	28	25
10/31/77	4	5	7	14	27	13
AT1G19670	19	15	19	17	17	10
AT3G22510	2	0	0	6	9	3
AT3G10930	24	30	43	46	68	43
AT4G14103	16	10	11	34	26	14
AT1G20480	25	19	17	12	16	11
AT3G29030	11	12	15	14	17	16
11/28/01	17	14	19	21	24	13
AT1G52750	0	0	0	2	0	0
AT2G33260	42	38	33	21	25	29
AT5G44910	9	3	2	9	9	11
AT5G50565	13	9	37	10	10	10
AT5G51174	38	32	29	43	59	34
AT3G06755	21	28	25	28	40	22
AT2G45530	24	25	19	32	45	34
AT3G10290	28	26	27	15	15	12
AT2G17620	0	1	0	0	0	2
AT1G11740	36	67	50	16	16	17
AT3G02435	43	39	50	38	49	49
AT1G10810	43	25	28	16	9	17
AT3G26790	21	16	6	33	25	18
10/31/53	35	19	25	22	27	30
AT1G13250	6	1	3	1	2	4
AT4G08555	4	4	5	8	10	8
AT1G09575	22	17	31	29	7	10
AT5G38005	22	11	18	33	30	28
AT1G70750	5	9	5	18	11	6
AT2G28560	7	19	16	16	17	18
AT5G20670	38	38	38	29	23	25
AT2G17442	27	17	27	22	35	28
AT4G24890	16	10	16	42	44	32
AT1G23790	1	1	1	0	2	0
AT4G11330	3	4	5	4	12	2
AT5G14700	46	43	39	4	14	6
AT3G11325	3	5	2	35	36	26
AT4G11550	2	1	4	3	4	8
AT4G07170	31	21	26	19	18	28
AT1G33700	35	23	36	19	8	12
AT5G26865	30	9	15	42	32	29
AT5G47170	42	59	46	24	30	17
AT2G04790	9	6	8	11	21	22
AT4G17483	23	26	16	31	29	40
AT5G54095	17	21	32	64	80	49
AT3G51490	34	27	22	16	24	30
AT5G66620	4	2	3	1	1	1
AT4G12310	2	2	3	6	0	6
AT4G19460	0	2	0	4	3	3
AT2G25680	15	12	20	16	17	11
AT5G22920	31	37	36	13	19	15
AT4G11050	4	3	5	2	1	3
AT3G16980	29	43	36	32	48	33
AT3G44120	33	37	37	29	43	28
AT3G48020	9	11	7	14	15	26
AT1G33340	39	21	20	37	29	54
AT4G29200	37	28	14	60	52	70
AT1G73340	4	12	3	3	3	0
AT3G26050	2	8	1	13	16	11
AT2G37180	12	9	7	4	9	11
AT5G15310	1	0	0	4	9	1
AT3G11402	22	19	17	13	21	18
ATCG00350	15	30	9	19	9	17
AT2G01870	20	7	9	16	18	8
AT3G15800	0	0	0	0	0	0
AT1G33090	0	0	0	0	0	0
AT1G68460	10	6	11	14	12	10
AT1G72125	0	3	4	4	3	1
AT1G12040	0	0	0	11	9	12
AT1G23390	16	10	15	14	28	18
AT5G02680	5	5	6	13	6	7
AT5G04700	14	19	13	23	18	19
AT5G61570	0	0	0	0	0	1
AT2G22800	39	34	32	53	40	40
AT4G38730	3	8	5	11	7	7
AT1G52530	20	33	27	31	46	19
AT5G17360	24	19	16	23	30	20
AT5G25440	3	4	3	13	22	11
10/31/89	71	44	32	16	3	10
AT1G01570	6	18	23	7	24	25
AT1G09240	17	17	6	0	0	0
AT5G66070	15	20	15	25	25	21
AT2G38160	0	3	0	2	1	0
AT1G28190	16	24	14	24	35	19
AT3G13275	29	21	11	24	18	11
AT3G51930	0	0	0	0	0	0
AT2G21045	0	0	0	0	0	0
AT5G24030	4	1	5	4	2	3
AT5G59865	23	31	31	33	56	34
AT2G18690	5	3	6	42	60	23
AT1G32385	45	32	43	41	46	39
AT3G25905	16	22	14	22	27	14
AT5G14650	38	25	28	39	31	39
AT2G37300	5	0	3	7	3	0
AT4G00460	0	0	0	1	0	0
AT1G63380	9	7	23	32	25	20
AT3G21180	0	0	0	1	0	0
AT4G33870	2	3	1	1	0	0
AT2G24600	7	6	10	16	21	12
AT2G28500	16	16	14	16	24	13
ATCG00950	5	10	9	25	15	4
10/31/56	21	17	25	26	37	22
AT1G68870	17	9	15	17	2	11
AT1G78020	29	12	17	4	8	3
AT5G10260	4	0	2	1	6	4
AT3G61660	16	22	25	20	13	13
10/31/97	4	1	1	5	9	11
AT2G43620	0	2	3	30	42	31
AT4G28005	5	4	8	13	13	14
AT4G39925	22	23	22	26	27	20
AT5G52800	15	9	23	30	14	21
AT3G05980	1	0	1	4	2	3
AT5G33390	48	24	18	16	12	13
AT3G13650	1	0	0	0	1	1
AT3G49580	22	12	19	26	50	34
AT2G19920	8	1	6	13	7	19
ATCG00770	26	32	13	16	28	11
AT1G74150	26	24	40	26	25	27
AT1G80330	10	6	6	11	10	15
AT3G56470	25	18	19	31	34	34
AT2G23530	12	10	2	8	7	7
AT4G10950	3	6	4	9	9	5
AT1G04277	31	31	33	45	32	23
AT1G64940	5	4	2	0	0	0
AT2G12170	36	16	10	32	21	23
AT1G49530	32	16	14	13	18	23
AT1G72416	30	17	16	13	14	14
AT1G26208	29	16	16	23	24	41
AT1G67370	7	1	6	17	12	11
AT1G61860	22	20	7	33	23	27
AT3G45870	26	38	32	24	42	30
AT3G48835	52	34	32	38	52	54
AT2G05230	93	19	27	37	34	32
AT1G01070	0	3	2	0	0	0
AT1G78865	0	0	0	0	0	0
AT5G56720	3	5	5	5	6	9
AT1G13140	40	15	11	43	17	36
AT1G69690	10	9	10	11	11	10
AT5G40230	11	13	8	12	8	17
AT3G55950	10	5	9	5	11	16
AT5G15890	1	4	4	7	4	3
AT3G24542	46	36	39	41	66	34
AT2G22540	24	25	21	3	10	11
AT2G23348	29	23	18	25	32	21
AT4G28430	0	0	1	0	1	3
AT1G23060	7	9	5	17	31	14
AT1G74900	37	15	30	28	42	21
AT2G01590	38	23	16	37	40	24
AT3G52400	7	7	16	12	14	16
AT2G01660	19	23	19	33	41	31
AT4G14180	21	15	21	23	29	15
AT5G42700	13	3	16	5	3	5
AT1G27740	0	0	0	0	0	0
AT2G33240	20	6	8	28	17	19
AT2G42990	3	3	2	2	3	0
AT4G14723	37	38	38	30	35	27
AT5G61270	2	7	5	13	1	10
AT4G21830	1	1	0	0	1	0
AT4G31520	42	18	27	41	31	41
AT1G76100	0	1	1	1	1	0
AT5G23350	6	9	8	23	22	22
AT3G55580	26	12	20	8	15	11
AT2G04500	3	3	1	4	2	2
AT4G03270	29	16	28	22	32	25
AT2G31920	27	20	39	10	12	10
AT1G02340	2	0	0	1	0	1
AT2G42110	3	0	2	0	0	0
AT1G49750	5	4	2	13	7	2
AT3G26040	23	32	24	36	33	21
AT3G61450	10	4	10	5	16	13
AT2G35750	45	18	16	25	24	30
AT5G02220	16	22	22	4	3	4
AT5G67050	0	0	0	0	0	0
AT4G13390	0	0	0	0	0	1
AT4G36770	59	55	38	20	25	11
AT5G10946	10	2	7	15	18	18
AT4G28420	0	4	1	0	4	0
AT1G06930	0	0	0	0	0	0
AT3G14320	53	85	61	11	24	21
AT3G14630	26	27	19	58	66	62
AT3G57600	26	11	10	38	30	18
AT5G60060	33	31	39	0	14	6
AT2G46070	16	10	14	18	25	19
AT1G29535	39	36	43	28	23	23
AT1G31240	28	18	37	24	38	25
AT3G25250	8	9	5	3	3	7
AT3G43110	13	7	15	5	10	11
AT5G01570	44	20	30	18	6	25
AT2G23170	14	5	14	5	6	1
AT2G45080	6	2	8	9	11	6
AT3G22930	0	0	3	1	0	0
AT1G17480	16	15	19	4	2	5
AT2G20723	31	17	12	30	19	24
AT4G24000	0	1	1	1	3	8
AT5G10278	17	7	13	15	14	12
AT4G18170	8	13	7	36	31	21
AT1G07119	32	31	19	13	48	26
AT1G47603	25	18	19	0	0	0
AT5G37410	19	16	16	25	23	15
AT1G04600	17	11	9	46	32	31
AT1G08165	4	0	5	3	3	5
AT5G40460	25	20	23	27	36	17
AT5G66790	5	6	7	27	31	21
AT1G03820	10	7	16	22	11	5
AT1G26760	5	0	0	7	0	2
AT4G38420	0	0	1	0	0	0
AT3G09922	2	0	1	0	0	0
AT3G10680	0	0	0	1	0	0
AT4G13950	16	21	20	4	8	10
AT5G65609	14	15	22	25	26	31
AT3G15300	12	15	15	8	15	10
AT2G01918	0	0	0	1	1	0
AT1G30135	2	3	2	3	11	3
AT2G28660	10	20	18	17	28	25
AT1G07493	3	9	0	0	3	1
AT3G42180	26	25	30	15	23	21
AT4G08250	28	17	20	13	26	15
AT3G21730	6	8	5	4	1	4
AT3G01420	0	0	0	0	0	0
AT2G14620	0	0	0	0	0	0
AT1G64920	0	7	0	2	5	0
AT1G77020	11	1	2	8	5	3
AT2G04852	58	36	34	35	30	31
AT2G22496	17	26	10	22	22	25
AT1G05937	17	25	32	30	42	40
AT2G07000	40	27	41	56	38	39
AT1G12560	0	0	0	0	0	0
AT1G61760	0	0	0	0	0	0
AT1G03400	1	5	7	24	15	18
AT5G66630	23	20	22	21	17	23
AT3G32920	40	15	20	33	29	50
AT4G04565	12	7	17	60	56	56
AT1G54970	0	1	0	0	0	0
AT1G75290	33	24	19	30	23	25
AT5G58670	4	6	4	13	8	11
AT3G05550	33	28	25	29	30	34
AT4G33925	18	13	16	43	29	20
AT5G44480	10	6	10	14	13	15
AT1G04240	8	0	8	4	8	5
AT1G73910	25	33	23	23	28	34
AT2G34980	28	31	34	23	23	16
AT4G15140	0	0	0	0	1	0
AT1G48930	7	0	1	1	4	3
AT2G22200	23	18	20	13	16	11
AT3G46530	21	9	28	1	0	3
AT1G53060	6	4	3	3	4	7
AT5G27893	37	22	15	42	30	26
AT1G51340	3	3	0	7	10	11
ATMG00560	17	11	5	38	50	32
AT5G38300	10	4	5	25	12	14
AT3G56260	21	12	20	12	15	11
AT5G14820	61	32	22	31	33	27
AT5G57830	9	5	14	11	12	8
AT3G51230	0	0	0	0	0	0
AT3G60286	27	29	22	30	13	31
AT3G61410	23	13	5	15	19	29
AT4G04605	22	23	11	43	52	41
AT1G01225	32	27	34	14	21	12
AT5G03120	3	2	1	0	0	0
AT2G04805	8	9	5	6	5	6
AT2G08755	44	27	15	27	26	23
AT1G14150	5	4	6	7	6	7
AT5G66300	19	16	8	17	25	19
AT4G14540	6	4	10	4	7	9
novel.132	26	14	16	29	24	32
AT5G47990	0	0	0	0	0	0
AT3G09080	13	11	9	20	17	10
AT2G01430	39	50	44	27	28	14
AT2G04050	14	18	15	42	38	39
AT2G33480	5	13	13	17	7	13
AT2G47360	0	0	0	0	0	0
AT2G01913	16	24	20	31	28	30
AT2G15960	0	0	1	1	0	3
AT2G32179	37	23	28	25	27	39
AT5G07770	5	8	3	18	8	9
AT5G01610	4	6	6	8	7	15
AT5G05500	1	1	0	2	0	0
AT4G05215	23	18	17	43	76	41
AT4G23020	2	5	0	7	12	7
AT2G34790	5	2	16	11	8	7
AT4G09845	41	11	24	28	28	27
AT2G20590	0	3	1	0	3	1
AT2G43880	0	0	0	0	0	0
AT1G17750	17	17	25	10	22	13
AT1G48510	20	15	7	7	4	6
AT5G50160	21	12	7	13	20	15
AT3G62020	4	1	5	9	15	18
AT4G05100	1	1	2	4	5	4
AT4G33000	21	8	9	8	5	9
AT1G75360	20	43	35	22	23	34
AT4G16670	25	2	13	25	11	5
11/19/01	42	25	12	30	25	15
AT2G39010	4	5	9	4	7	6
AT4G17680	6	3	2	12	6	6
AT3G07730	25	14	11	17	7	14
AT4G31354	8	8	6	13	11	9
AT1G79700	18	18	23	28	16	25
AT5G21050	4	4	1	1	1	9
AT5G58680	24	17	21	25	26	19
AT4G13577	43	39	38	33	30	19
AT1G77530	2	0	2	8	7	4
AT1G11220	1	0	0	0	0	0
AT5G37800	7	7	5	3	10	9
AT5G49870	0	0	0	0	0	0
ATMG01200	15	7	1	21	11	15
AT5G06755	5	4	0	8	11	9
AT2G47920	14	11	10	10	9	12
AT1G76705	47	26	17	43	33	32
AT3G22540	24	34	41	8	12	15
AT3G51910	22	14	16	19	16	20
AT3G09855	27	45	32	36	27	29
AT1G45545	26	16	7	21	12	15
AT1G63880	16	6	9	10	5	9
AT5G06990	3	1	4	15	20	15
AT5G57380	33	18	32	45	45	24
AT1G22330	31	29	27	9	0	8
AT1G78955	21	15	12	22	17	25
AT5G04245	8	8	13	29	61	25
AT5G28262	28	23	19	16	26	30
AT3G13782	30	25	25	18	23	30
AT4G11370	6	5	3	13	12	2
AT1G05397	21	20	24	40	50	37
AT5G46520	36	17	9	27	9	25
AT1G78950	12	12	7	21	9	22
AT2G23755	20	26	7	18	24	33
AT2G23770	8	3	1	9	13	3
AT4G21445	1	4	5	15	13	7
AT1G26500	34	39	24	41	44	20
AT1G63750	5	3	5	28	25	22
AT3G07735	28	24	12	21	23	22
AT3G61113	16	9	5	16	16	19
AT4G32000	1	2	1	1	1	0
AT5G10100	3	3	2	4	1	0
AT3G01970	2	2	4	2	7	4
AT1G20400	83	34	40	15	6	13
AT1G12600	19	20	11	30	25	28
AT3G01710	1	0	0	0	0	1
AT4G09920	39	47	36	33	20	25
AT3G47347	34	43	14	20	19	16
AT3G25160	13	11	10	10	12	5
AT4G10060	1	3	1	1	0	4
AT4G13860	6	24	24	22	38	20
AT4G37530	8	3	7	0	1	0
AT1G05065	35	48	38	23	37	23
AT1G64563	33	16	23	38	38	50
AT1G78172	29	26	29	11	16	14
AT3G62820	3	3	4	6	2	4
AT4G03050	69	49	66	11	12	8
AT3G02850	4	2	1	7	3	8
AT3G62090	0	4	10	24	7	12
AT4G15248	0	1	0	1	2	0
AT1G04580	65	43	49	41	24	31
AT1G21130	1	4	4	24	22	12
AT1G35430	6	8	9	12	12	15
AT1G54773	32	21	16	21	22	26
AT5G46710	36	18	25	5	16	21
AT3G06390	13	7	10	42	24	16
AT4G24910	21	20	13	47	30	31
AT1G11370	14	19	6	30	27	29
AT1G62800	6	2	1	0	1	4
AT1G22630	0	3	6	14	20	15
AT5G57880	15	16	18	8	14	9
ATMG01130	14	7	6	37	31	44
AT1G15960	9	5	2	3	7	5
AT3G50190	15	21	16	13	13	9
AT3G22460	10	4	10	29	17	27
AT4G21440	0	0	0	0	1	1
AT4G26320	9	19	19	26	29	19
AT3G02445	38	30	30	38	56	32
ATMG01380	6	4	0	30	16	12
AT5G63710	0	0	0	0	0	0
AT4G03140	40	29	31	10	17	15
AT1G23530	2	0	1	1	1	5
AT5G07735	39	43	39	22	27	16
AT3G19040	37	33	37	30	26	19
AT1G63360	8	6	5	14	18	12
AT5G14200	55	43	65	13	13	11
AT5G24580	0	6	1	2	1	10
novel.167	25	11	9	15	6	11
AT1G13530	2	4	8	25	21	18
AT1G15890	36	20	26	35	29	27
AT5G11412	38	45	51	37	26	24
AT1G75260	3	0	0	0	0	0
AT1G50180	17	12	14	34	22	31
AT5G66564	26	26	21	33	34	9
AT4G19380	0	0	10	3	4	4
ATMG01120	11	8	6	24	22	9
AT3G19430	0	0	0	0	0	0
AT3G04165	36	24	25	21	38	33
AT2G14800	31	32	25	23	28	17
AT1G47578	44	36	25	40	11	16
AT1G64930	0	0	0	1	0	0
AT5G10965	10	12	13	14	9	16
AT3G55090	12	22	11	21	21	18
AT4G36470	2	2	1	6	5	7
AT1G43910	0	0	0	1	0	0
AT3G12500	2	3	0	2	5	1
AT1G04180	0	0	6	2	4	6
AT1G27480	6	6	5	18	18	10
AT4G06880	20	11	9	15	9	9
AT4G06775	34	32	20	23	39	21
AT5G48800	18	10	18	35	26	18
AT5G02425	20	12	13	24	21	24
AT3G18260	0	0	0	0	0	0
AT2G14060	0	0	0	0	0	0
AT1G47600	0	0	0	0	0	0
AT1G68430	16	27	23	19	25	18
AT3G49750	18	30	23	6	11	5
AT2G07638	4	9	2	17	22	14
AT5G19040	0	1	0	0	0	0
AT5G45540	17	14	13	27	39	34
AT3G48900	17	7	7	5	11	11
AT5G67620	14	16	15	19	29	18
AT3G52370	3	1	2	2	2	0
AT1G28370	1	5	4	17	9	5
AT1G55120	20	8	15	4	9	6
AT5G66840	3	2	2	2	5	4
AT3G52460	18	18	16	13	7	10
AT2G42380	3	3	5	6	3	1
AT1G69050	1	0	0	0	4	0
AT1G72850	37	18	20	25	33	31
AT5G45770	21	20	17	6	8	16
AT1G65486	11	4	10	3	8	5
AT1G74300	2	2	1	7	6	7
AT5G08185	11	5	6	13	12	8
AT5G22270	7	5	2	37	23	20
AT1G49832	16	15	22	20	22	11
AT1G69710	12	9	19	19	14	13
AT5G51890	0	0	0	0	0	2
AT3G05660	4	2	1	5	11	6
AT3G43190	0	0	0	5	7	3
AT4G39320	16	18	19	15	18	4
AT1G05773	29	14	28	14	21	20
AT3G23840	1	3	4	5	8	4
AT2G39430	10	14	6	23	37	28
AT3G54150	3	6	12	11	19	15
AT2G27630	54	27	32	33	39	45
AT2G21550	9	2	3	7	11	16
AT4G04460	2	1	5	5	1	2
AT5G18300	21	21	12	18	35	34
AT4G12382	21	24	28	27	30	26
ATCG00340	16	21	12	11	14	14
AT1G08730	22	8	5	20	20	14
AT1G11540	1	1	3	2	1	0
AT5G51160	3	1	2	8	8	6
AT1G12013	25	37	31	29	21	18
AT1G29160	32	31	24	15	14	24
AT5G22355	0	0	0	0	0	0
AT5G58580	26	17	23	14	15	22
AT2G45135	15	33	25	16	30	23
AT4G10600	19	19	28	26	31	21
AT5G35190	0	0	0	0	0	0
AT5G58770	4	3	7	14	10	11
AT2G13960	16	3	9	14	26	22
AT4G35030	27	19	31	26	19	20
AT1G11160	16	17	19	6	3	15
AT5G04380	0	0	0	0	0	0
AT5G44569	21	15	36	26	25	20
AT2G38500	0	0	0	4	4	4
AT4G08910	39	34	49	12	14	15
AT4G18630	2	0	1	2	3	2
AT1G19790	27	18	23	35	41	27
AT3G07960	14	3	4	5	10	0
AT4G23450	12	14	15	41	39	29
AT1G17600	16	4	8	12	8	14
AT5G43380	10	1	5	10	9	9
AT3G27200	0	0	1	0	0	0
AT2G40711	34	21	16	20	26	18
AT1G23465	29	14	18	17	26	22
AT1G55980	14	16	17	19	13	12
AT4G37810	18	9	11	11	12	13
novel.100	6	1	4	17	7	16
AT5G04390	5	17	13	2	4	4
AT4G14090	5	18	6	22	20	24
AT1G72852	19	9	19	46	29	32
AT5G03545	11	11	10	3	3	3
AT3G16020	45	26	22	24	30	15
AT2G30010	11	6	8	11	17	11
AT1G03200	38	20	21	48	25	35
AT1G07901	16	22	25	24	38	26
AT3G59068	36	28	26	38	62	45
AT3G55700	51	47	69	14	12	5
AT3G57200	14	15	15	16	17	8
AT1G20160	5	1	1	10	8	11
AT5G15022	38	42	23	27	33	37
AT2G34850	5	2	3	7	8	12
AT4G00695	27	19	27	24	18	18
AT5G48170	7	6	10	21	37	18
AT5G59670	31	15	21	24	19	27
AT4G22940	22	16	6	16	11	11
AT1G55550	30	14	21	19	9	6
AT3G09790	33	20	13	20	15	13
AT2G35860	9	7	9	6	7	9
AT4G03600	18	33	13	30	30	21
AT4G20780	17	16	22	14	21	15
AT1G30650	5	3	2	6	1	4
AT3G05920	0	0	0	0	0	0
AT2G15020	0	0	0	0	0	0
AT3G17225	33	24	14	24	27	27
AT2G35930	0	0	1	1	0	0
AT1G13110	0	3	0	0	0	0
AT5G07285	36	12	17	20	7	26
AT2G36307	23	24	19	20	29	41
AT5G54250	12	6	7	11	8	7
AT3G22600	15	4	14	15	12	16
AT2G37070	18	10	22	9	11	16
AT5G65030	38	32	26	31	35	25
AT4G22690	1	8	5	16	25	19
ATMG00520	10	17	5	30	30	25
novel.137	42	31	23	20	37	15
AT1G78500	7	2	2	3	4	6
AT5G58840	19	11	15	26	24	26
AT3G58810	16	16	14	25	12	6
AT2G35658	27	20	33	26	35	16
AT1G72600	29	26	30	24	28	22
AT1G10540	16	10	12	1	1	2
AT1G18773	16	12	5	13	11	14
AT4G36120	0	3	3	3	0	1
AT1G74000	1	6	6	23	21	27
AT1G80520	10	12	22	27	38	29
AT5G17450	2	4	3	0	1	3
AT5G65090	5	2	6	0	3	2
AT5G66710	8	8	6	4	13	11
AT4G37690	8	11	15	28	23	16
AT1G65130	32	26	29	23	32	22
AT1G64820	7	6	4	25	10	19
AT5G43740	14	12	14	14	8	19
AT3G26120	16	10	23	15	36	26
AT2G28260	2	2	5	5	9	1
AT2G38240	3	4	5	48	45	20
AT4G09060	0	0	0	0	2	0
AT4G16024	24	30	22	53	54	49
AT1G54280	14	11	7	48	31	29
AT4G01350	0	0	0	0	0	0
AT4G08175	25	19	24	12	26	21
AT1G01420	0	2	0	8	10	7
AT5G11540	27	22	35	16	16	14
AT1G09080	78	44	71	12	19	15
AT1G70690	0	0	0	0	0	0
AT3G48180	18	32	24	33	27	19
AT5G06585	10	8	4	31	18	13
AT1G49610	29	29	31	28	33	24
AT5G38212	25	18	15	19	21	18
AT5G52860	6	9	18	6	8	6
AT3G27150	18	23	15	14	28	19
AT3G48090	1	0	1	1	1	1
AT2G25940	8	7	9	23	31	14
AT1G71200	4	3	5	7	13	14
AT3G12820	9	23	10	19	7	34
AT2G30942	22	31	30	19	30	24
AT1G75590	0	0	0	0	0	0
AT5G50010	3	2	1	4	0	2
AT5G57530	0	0	0	0	0	0
AT3G62280	9	4	7	8	3	7
AT3G58720	5	0	2	6	3	3
AT3G20710	26	33	34	27	21	27
AT3G28635	42	27	21	31	30	30
AT2G28630	7	13	14	26	51	25
AT5G02420	11	6	10	7	6	1
AT5G47250	3	0	2	2	0	1
AT4G35190	1	2	1	0	0	1
AT1G04273	38	24	27	10	16	19
AT1G44608	9	8	10	4	6	1
AT4G14860	20	29	31	21	36	24
AT1G05467	21	18	10	24	8	8
AT1G06977	36	16	15	16	17	22
AT5G49850	1	1	1	1	0	0
AT5G51451	20	7	18	22	20	17
AT3G03650	1	1	6	10	28	16
AT3G04530	15	15	19	29	28	28
AT2G01200	0	2	1	7	3	4
AT5G45210	0	0	0	0	0	0
AT3G09545	0	0	1	7	4	1
AT4G21780	19	21	21	44	38	42
AT1G29740	23	26	14	22	15	19
AT3G28650	31	48	31	10	6	6
AT4G37925	2	1	0	0	1	0
AT4G39360	1	0	1	7	11	5
AT3G21805	18	8	5	21	31	18
AT1G28765	18	16	15	46	16	38
AT4G18197	21	22	14	37	35	39
AT4G36740	1	1	0	0	3	0
AT1G69610	11	8	10	9	9	10
AT1G71040	8	7	30	2	2	5
AT1G75550	0	0	0	5	3	5
AT4G30845	21	12	21	9	8	7
AT1G30660	32	23	17	23	20	16
AT5G07880	12	7	19	31	13	16
AT5G57010	20	20	29	29	21	18
AT3G23190	0	0	0	0	0	0
AT2G21450	54	33	53	16	13	8
AT4G10843	23	12	11	40	17	24
AT4G35900	16	11	26	16	15	26
AT1G56510	30	15	23	22	13	24
AT4G17380	19	12	7	13	9	13
AT1G70270	0	0	0	0	0	0
AT5G41610	27	9	25	31	31	29
AT2G40790	7	8	3	21	18	18
AT5G06825	26	20	12	16	32	18
AT5G57640	31	30	26	33	52	44
AT1G49900	38	27	29	42	49	44
AT1G74420	4	5	8	14	6	14
AT3G07875	2	15	12	20	28	14
AT2G35760	6	3	5	12	6	10
AT1G48315	26	16	14	20	23	25
AT5G43860	12	12	11	29	15	17
AT3G58350	0	0	0	0	0	0
AT4G25820	0	0	0	0	0	0
AT5G23320	15	11	9	19	18	28
11/14/01	19	26	13	24	27	21
AT1G10920	13	10	17	21	32	19
AT5G54145	15	17	17	18	26	19
AT2G01990	28	22	27	34	37	42
AT1G58590	11	10	18	33	36	17
AT1G06123	139	48	48	1	3	0
AT1G65420	31	21	20	13	17	18
AT3G16330	6	18	9	12	15	18
AT1G04380	26	17	23	24	18	21
AT5G44820	0	0	0	0	0	0
AT3G05720	23	20	20	12	10	29
AT2G23550	16	6	13	12	12	11
AT2G41300	7	8	11	20	20	25
AT4G37445	3	0	2	2	10	3
AT3G46690	10	10	9	16	11	14
AT2G16740	0	0	0	0	0	0
AT1G53690	28	32	45	20	17	22
AT4G01910	3	6	2	4	7	2
AT4G17788	38	16	21	42	43	30
AT1G17710	1	0	0	0	0	0
AT1G34440	18	23	25	29	34	29
AT1G62530	34	23	18	29	37	28
AT5G14110	7	8	7	6	5	3
AT3G09925	0	0	0	0	0	0
AT2G29995	2	0	1	2	4	0
AT4G34580	0	0	0	0	0	0
AT1G09665	2	3	0	0	5	0
AT1G63390	16	3	12	17	6	6
AT2G34230	43	13	19	41	28	28
AT4G27435	1	0	2	1	2	5
AT5G07800	15	12	12	10	13	9
AT1G19190	10	11	23	16	16	11
AT5G57920	4	2	3	16	7	10
AT2G34390	12	12	7	14	19	11
AT2G38320	3	6	2	1	1	0
AT1G04267	24	30	15	29	13	18
AT1G05440	0	0	0	0	0	0
AT5G03890	11	15	9	17	20	7
AT3G11000	7	6	1	5	2	6
ATCG00120	10	9	3	16	6	2
AT1G69240	0	0	0	0	0	0
AT4G21310	27	14	12	19	21	14
AT1G64253	13	22	12	19	9	20
AT2G44290	1	1	0	0	1	2
AT5G03175	23	11	12	20	14	24
AT5G54490	1	0	4	1	2	2
AT3G28170	9	14	6	9	5	10
AT5G44610	1	0	2	9	13	9
AT4G39930	16	7	10	18	21	24
AT5G14870	34	15	21	21	29	22
AT3G04755	23	22	21	12	14	18
AT3G43430	34	37	28	14	11	5
AT3G50480	16	22	33	12	22	16
AT2G47560	40	27	42	7	14	11
AT4G26950	1	8	6	12	13	7
AT4G30090	20	9	16	16	17	17
AT1G71370	9	15	15	28	24	15
AT5G42490	23	20	10	15	8	22
AT5G44565	13	6	10	30	25	27
AT3G58770	12	10	5	11	20	14
AT2G12461	6	5	2	3	5	2
AT1G22885	4	5	6	15	24	7
AT1G32950	21	18	12	23	15	19
AT3G27865	24	23	20	19	24	15
AT2G05070	0	0	0	1	0	0
AT4G06935	15	13	17	17	45	29
AT5G06480	10	11	8	9	18	5
AT5G10430	4	6	7	5	3	5
AT5G67090	13	6	15	19	18	22
AT3G01840	21	11	12	22	7	19
AT2G17060	12	13	10	4	7	1
AT2G40205	32	22	20	15	17	24
AT5G06230	9	6	8	11	13	11
AT3G62410	12	19	13	18	26	37
AT2G16760	30	36	28	15	17	11
AT4G16233	12	12	8	6	9	9
AT3G16590	26	11	18	23	26	20
AT2G17070	0	0	0	0	0	0
AT4G08505	3	2	3	9	7	6
AT1G26945	12	14	14	3	2	16
AT5G38700	0	0	1	2	4	2
AT5G41761	4	11	4	33	44	31
AT2G23560	15	5	11	13	16	14
AT4G37022	8	19	9	12	16	17
AT5G44920	16	16	6	19	12	18
AT5G66490	10	6	8	30	24	26
AT3G16800	3	0	4	5	3	0
AT1G65690	1	2	0	2	6	2
AT4G09590	3	2	9	14	8	11
AT4G28162	5	9	15	15	7	5
AT1G55580	34	17	21	17	44	35
AT1G64210	17	16	11	17	16	14
AT2G09190	23	10	12	24	15	20
AT5G15360	19	23	12	18	16	16
AT5G43530	3	13	11	6	3	8
AT3G10150	4	3	6	1	4	3
AT3G54420	1	2	4	2	2	2
AT2G42690	8	9	13	8	8	5
AT1G10417	24	3	18	14	8	8
AT3G45260	14	13	6	10	8	8
AT3G51560	28	20	26	38	30	30
AT1G06573	24	21	23	15	21	22
AT5G11070	20	14	24	8	9	15
AT5G40170	1	6	7	12	21	13
AT2G10930	8	4	5	22	15	12
AT5G43470	10	4	14	18	7	7
AT3G05620	0	0	0	0	0	0
AT1G53880	8	15	6	85	8	5
AT1G71760	6	5	18	13	13	8
AT3G06868	12	10	8	10	15	12
AT2G07774	4	7	5	30	20	15
AT4G14695	10	4	8	4	1	3
AT1G21110	0	1	0	11	4	0
AT1G24320	0	1	0	1	1	0
AT1G51800	0	0	0	0	0	0
AT5G23870	28	13	18	11	18	19
AT5G39030	0	0	0	7	1	0
AT3G28220	34	44	33	31	19	18
AT2G07665	2	3	0	13	17	13
AT5G17150	15	21	19	14	25	23
AT5G50290	27	41	28	12	42	29
AT5G54530	19	16	16	14	10	9
AT3G07340	1	3	0	0	2	1
AT3G28500	17	23	25	22	29	18
AT1G67856	0	0	1	2	0	0
AT1G74675	86	40	53	19	26	17
AT5G45880	1	0	0	3	3	1
AT5G56970	12	10	3	4	4	4
ATCG00750	15	15	14	6	20	15
AT5G28650	28	12	25	33	26	36
AT2G16910	14	17	16	8	11	14
ATCG00150	21	7	7	10	14	17
AT5G02440	13	7	12	8	1	6
AT5G14330	0	0	0	0	0	0
AT3G01295	0	0	0	2	0	2
AT4G36500	3	5	7	11	11	4
AT5G41050	4	1	3	1	1	1
AT5G64530	9	11	14	16	18	20
AT3G04050	3	3	6	12	9	10
AT2G28040	12	14	18	9	23	17
AT4G11460	0	3	6	1	0	0
AT5G11990	17	7	2	14	10	8
AT5G43725	20	13	15	19	17	29
AT4G29310	2	2	2	4	4	5
AT1G33170	0	1	1	1	0	0
11/12/01	0	0	0	0	0	0
AT1G19020	2	8	9	15	26	20
AT1G66540	6	8	0	6	3	4
AT5G39100	69	56	54	4	5	1
AT2G17430	18	2	7	23	9	17
AT2G43310	22	20	20	19	28	24
AT1G58370	22	23	27	3	10	8
AT1G62355	21	13	23	18	38	22
AT5G42965	1	5	4	9	5	2
AT3G18710	1	5	7	6	6	1
AT2G24645	10	14	6	4	5	13
AT4G13560	28	17	13	22	15	10
AT4G21903	5	8	5	19	10	13
AT4G22560	24	23	25	11	6	12
AT3G50140	0	0	1	0	0	1
AT2G04090	0	2	0	1	1	0
AT4G26220	7	2	10	23	12	15
AT4G16400	2	4	4	5	15	16
AT5G23700	3	1	1	17	5	14
AT5G48000	1	0	0	0	1	0
AT2G30890	2	5	2	9	12	7
AT4G32500	16	12	17	26	13	12
AT1G02950	0	0	0	0	0	0
AT3G01290	2	0	3	0	0	0
AT3G04030	0	0	0	2	1	1
AT2G35950	22	25	20	15	24	23
AT4G24015	6	8	8	9	10	9
novel.131	37	45	51	26	22	14
AT5G55250	10	23	20	30	36	25
AT2G41330	5	3	5	4	10	4
AT4G28170	17	29	18	31	19	32
AT4G33550	0	0	0	0	0	0
AT5G36740	19	18	26	16	14	20
AT3G09330	0	0	0	0	0	0
AT3G06520	18	11	26	16	23	6
AT3G28750	19	22	9	11	12	17
AT2G07835	6	4	5	16	24	15
AT1G02460	2	0	2	6	3	4
AT5G18510	48	35	23	32	34	17
AT3G19480	12	9	15	7	11	12
AT4G13210	1	0	0	2	1	1
ATCG00040	17	16	10	8	22	8
novel.169	16	18	15	5	9	6
AT1G17420	1	13	8	6	15	12
AT1G53130	0	0	0	1	0	0
AT2G15390	0	0	0	0	0	0
AT4G01920	11	11	7	7	4	3
AT1G54820	11	7	5	6	4	7
AT1G60590	0	0	1	0	3	0
AT5G50130	8	3	5	5	5	4
AT2G32020	9	6	18	19	24	4
AT2G43870	0	0	1	3	2	1
AT2G47150	2	0	0	0	1	0
novel.165	18	13	17	35	29	27
AT5G00875	22	14	18	13	10	11
AT5G25230	21	18	32	25	15	21
AT1G77860	6	4	3	6	11	11
AT5G22600	30	11	17	16	16	18
AT5G45520	4	6	7	15	12	15
AT5G53810	13	8	13	13	11	12
AT3G47110	17	8	7	9	17	26
AT4G36830	9	12	18	23	26	12
AT5G27690	0	0	0	1	2	7
AT5G28910	19	14	15	9	8	15
AT2G44740	10	8	11	0	0	0
AT1G49320	2	4	5	9	14	12
AT1G73040	2	3	3	11	5	6
AT3G46720	7	14	10	2	1	0
10/31/92	21	25	27	19	16	12
AT1G05820	32	17	18	9	11	9
AT1G05213	15	13	13	15	5	12
AT1G70185	18	22	46	24	23	31
AT1G76420	9	10	6	6	4	13
AT4G24250	0	1	0	0	0	0
ATCG00140	13	17	8	11	10	8
AT1G56630	0	0	0	0	0	0
AT5G05840	8	12	10	17	35	31
AT2G42900	1	1	4	5	4	5
AT4G07625	18	37	22	29	24	29
ATCG01210	4	7	4	14	5	8
AT5G04490	34	26	25	9	8	15
AT3G27473	10	13	7	15	16	18
AT4G21010	2	3	1	13	11	7
AT5G00765	17	14	18	13	10	21
AT2G01818	4	3	1	0	2	3
AT5G19060	3	5	5	2	1	3
AT3G48770	29	25	22	31	23	12
AT1G59590	4	2	3	31	35	25
AT1G80840	7	3	11	23	7	12
AT5G13150	0	0	1	2	0	0
AT1G48000	0	0	2	12	11	5
AT5G40320	6	10	8	5	5	7
AT2G05250	25	8	15	28	14	18
AT1G16370	1	0	2	5	6	4
AT3G52900	2	2	0	1	0	1
AT2G37000	32	26	24	15	11	9
AT1G18830	31	21	48	10	11	3
AT5G05330	14	15	10	8	16	17
AT5G17390	0	1	1	10	7	2
AT3G42725	0	0	0	0	0	0
AT2G37750	18	18	13	12	14	6
AT4G24420	18	6	13	24	17	22
AT1G14780	8	15	12	9	7	7
AT1G60460	14	12	3	12	17	12
AT3G16712	26	22	22	16	15	13
AT1G07607	20	11	11	7	9	4
AT1G67770	20	18	11	34	28	21
AT5G13910	0	0	0	0	0	0
AT4G10640	22	18	16	12	13	14
AT4G18490	11	13	11	10	10	7
AT4G25530	38	32	33	12	14	14
AT1G11900	16	28	16	22	13	11
AT5G16190	2	0	0	0	0	0
AT1G62030	19	23	6	7	13	7
AT5G06800	20	23	17	21	27	26
AT5G55680	0	5	1	0	0	1
AT2G35710	15	13	10	13	5	7
AT4G04435	27	14	31	15	21	21
AT1G22470	2	0	0	2	3	0
AT1G79480	1	0	7	2	0	1
AT5G05490	47	23	19	27	12	26
AT5G48410	3	4	2	7	5	7
AT5G57620	11	18	6	8	16	12
AT3G23250	4	8	4	5	5	12
AT4G28560	3	9	10	10	15	6
AT5G01515	15	24	24	27	37	24
AT3G21510	0	0	0	1	0	1
AT2G33790	0	0	0	0	0	0
AT4G25980	10	10	11	6	9	17
AT1G01590	6	1	3	6	8	2
AT1G33500	21	9	16	6	10	9
AT5G44563	14	23	25	22	32	29
AT2G24735	26	46	25	29	27	35
AT1G67050	11	13	12	9	11	15
AT3G04975	29	26	13	24	21	24
AT1G03103	5	11	4	17	15	15
AT1G09367	28	17	24	35	10	23
AT3G55840	4	2	8	35	40	22
AT1G22250	6	9	9	16	5	7
AT2G07875	27	19	10	22	16	15
AT1G72890	20	22	19	13	20	22
AT1G79780	28	23	11	15	12	17
AT2G18120	0	0	1	3	2	5
AT2G34530	1	0	0	0	0	0
AT1G21540	0	3	0	1	0	0
AT1G79529	16	16	8	51	34	25
AT5G60290	27	21	11	32	32	25
AT2G07798	2	2	4	16	30	10
AT4G05110	0	1	2	5	0	1
AT1G73280	0	0	0	0	0	3
AT5G50940	4	3	1	2	4	6
AT1G05420	0	0	0	0	0	0
AT1G25440	0	3	2	0	0	0
AT3G55110	0	3	2	0	0	0
AT1G78520	10	13	13	18	30	20
AT5G38747	16	15	7	25	22	18
AT2G42247	27	13	8	15	10	12
AT2G47275	9	7	7	30	28	8
AT4G17905	14	26	35	29	33	23
AT4G24080	9	4	8	5	7	5
AT3G14640	41	26	28	14	14	22
AT1G13620	7	6	2	6	9	0
AT3G62540	26	8	20	26	44	18
AT2G07725	2	6	3	27	26	21
AT2G41470	13	6	10	14	23	14
AT2G20362	0	0	2	3	3	3
AT2G37025	2	4	13	14	23	8
AT4G38080	23	8	7	13	22	10
ATCG00630	4	4	0	6	4	4
AT1G12380	10	14	14	3	5	10
AT5G13880	9	15	15	40	50	28
AT5G55830	0	0	0	1	0	0
AT5G08805	17	19	17	22	32	38
AT5G16600	1	0	3	8	1	1
AT5G42200	12	15	8	22	14	22
AT5G59760	7	5	3	27	28	26
AT3G53470	10	19	9	3	3	1
AT4G16215	3	3	2	2	1	1
AT4G12890	1	5	4	1	0	4
AT1G67870	0	0	0	0	0	0
AT5G15630	0	0	1	9	2	0
AT3G13900	9	7	7	7	7	2
AT2G28570	3	1	3	1	1	0
ATMG00285	2	2	0	15	29	17
ATCG00680	9	7	8	3	9	4
AT5G40960	2	14	9	14	16	11
AT5G58784	0	0	0	0	0	0
AT5G66350	23	22	9	15	26	23
AT3G04155	26	7	9	9	29	16
AT3G50810	16	10	13	6	16	12
AT3G60490	7	21	10	24	25	29
AT2G40200	20	24	11	36	34	49
AT2G44470	1	2	2	1	4	5
AT4G17280	0	0	0	0	0	0
AT1G34060	23	14	16	15	20	26
AT5G02055	19	20	25	16	29	12
AT5G22796	15	4	8	6	7	8
AT4G15960	1	5	0	3	5	4
AT4G08755	6	12	28	56	52	38
AT1G50560	23	23	21	27	28	11
novel.121	24	20	19	25	20	22
AT1G65490	17	14	12	8	10	9
AT1G77110	17	2	13	10	18	11
AT2G44690	18	11	12	1	4	6
AT1G04760	10	6	3	3	1	4
AT5G57500	0	0	0	0	2	0
AT3G14170	0	0	0	4	3	0
AT3G07205	9	9	11	8	5	8
AT4G04445	24	18	25	16	26	17
AT1G16635	26	29	21	24	14	27
AT1G52880	23	39	38	4	7	8
AT1G61660	5	5	8	8	8	8
AT5G10336	19	11	11	13	16	17
AT3G09160	29	18	11	24	15	22
AT3G60670	21	14	15	24	22	14
AT4G24026	14	10	20	17	11	14
10/31/44	4	2	1	25	28	25
AT1G32100	0	1	0	1	0	1
AT1G48740	5	9	3	7	7	4
AT3G06840	4	1	1	8	9	7
AT3G25990	2	1	2	2	1	1
AT1G09440	2	2	0	2	2	1
AT5G07815	1	4	1	32	23	24
AT3G06955	1	6	10	13	8	16
AT1G53700	6	7	15	5	10	3
AT1G55440	0	0	0	9	5	4
AT5G01380	15	16	9	25	15	15
AT1G23770	12	8	10	34	31	18
AT1G56165	20	13	15	30	34	17
AT1G60030	20	13	12	18	12	7
AT5G07640	16	6	8	21	13	16
AT5G54040	0	4	0	0	0	0
AT5G55110	0	0	0	0	0	0
AT4G28800	16	9	7	31	24	26
AT5G13250	23	37	25	23	13	16
AT3G47380	0	0	1	0	1	0
AT3G49190	16	13	13	3	5	5
AT2G24030	10	12	12	21	17	16
AT2G26170	2	0	2	0	6	4
AT4G09940	0	2	1	1	5	4
AT4G37800	0	0	0	0	0	0
AT3G09010	6	9	6	9	10	17
AT3G20978	25	25	27	10	27	18
AT1G48405	12	14	3	15	12	8
AT5G46240	0	0	0	0	0	0
AT3G27860	18	23	15	6	9	18
AT2G34060	1	2	5	2	5	4
AT2G35150	7	7	6	12	7	12
AT5G62100	4	1	2	1	1	1
AT4G04750	0	0	0	0	0	0
11/2/01	0	0	0	0	0	0
AT1G26780	30	25	28	12	14	21
AT1G35290	12	13	13	7	7	5
AT1G68725	18	20	14	8	19	10
AT1G72540	23	14	11	10	7	12
AT2G21560	1	0	0	3	7	3
AT1G28480	0	0	2	0	2	0
AT5G25380	2	0	4	0	3	0
AT2G17845	4	2	2	19	28	23
AT1G11915	20	13	27	25	23	23
AT1G52140	6	13	10	15	20	10
AT5G39865	9	11	11	10	24	10
AT5G53110	25	17	17	8	4	8
AT5G57540	0	0	0	0	0	0
AT4G15975	12	21	22	6	6	8
ATCG00920	0	4	9	13	4	5
AT1G12570	29	7	19	18	21	25
AT1G32450	0	0	0	11	14	9
AT3G01440	7	2	6	21	22	12
AT2G34810	15	6	9	26	18	9
AT1G10380	0	0	0	0	0	0
AT1G15050	7	6	4	6	5	9
AT1G09217	41	31	55	2	8	4
AT1G14630	20	19	19	22	26	18
AT3G15250	0	1	1	0	0	0
AT4G26890	5	13	2	4	5	7
AT1G21120	0	0	0	11	8	8
AT1G32780	7	2	5	2	0	1
AT3G25670	13	4	6	0	1	2
AT3G61950	18	15	15	14	9	14
AT2G30690	15	13	8	19	9	14
AT4G19820	0	0	1	0	2	0
AT1G05220	2	2	2	0	2	5
AT1G26380	0	6	1	5	5	11
AT4G24260	2	1	3	4	1	0
AT4G40090	0	0	0	0	0	0
AT5G06820	23	2	16	14	23	13
AT5G10310	21	16	24	9	17	7
AT5G47950	0	0	0	0	0	0
AT5G48690	3	0	0	0	0	2
AT4G29760	20	20	13	35	27	28
AT5G37550	0	0	0	0	0	0
AT5G51800	11	20	8	10	19	10
AT3G10880	5	0	0	0	0	0
AT3G24110	7	4	6	9	13	11
AT4G35200	5	10	10	11	7	3
AT1G72720	1	3	0	2	1	2
AT5G00760	25	13	14	17	14	11
AT5G27290	1	1	2	10	3	3
AT5G57625	0	0	0	0	0	0
AT3G03025	24	14	8	13	17	5
AT4G21200	74	45	47	3	8	10
AT1G09880	3	3	0	1	0	1
AT2G08650	1	2	2	0	1	1
AT4G03443	21	12	10	17	13	10
AT4G08225	26	14	18	11	14	13
novel.120	8	15	10	21	21	29
AT3G26960	6	5	9	8	12	7
AT4G30110	5	9	8	6	3	2
AT4G08615	25	21	18	10	15	12
AT1G20065	13	23	25	9	5	16
AT3G29300	14	21	15	8	5	7
AT2G07765	2	3	1	10	5	1
AT1G13150	14	15	9	18	13	18
AT1G15085	8	8	13	2	8	3
AT1G23205	0	0	2	1	0	1
AT5G51330	22	24	17	48	44	34
AT3G48100	3	5	3	0	1	0
AT2G42540	1	3	1	2	3	2
AT2G47895	25	21	15	29	10	12
AT4G06060	14	6	12	16	12	18
AT4G15300	38	26	42	0	1	0
AT1G25250	9	8	6	6	10	5
AT1G72520	4	6	14	27	18	15
AT1G80555	17	9	4	25	25	15
AT5G22810	43	22	27	7	10	16
AT2G45930	24	13	16	11	20	21
AT4G15258	16	24	12	11	31	19
AT5G63660	0	0	0	0	0	0
AT3G14380	18	21	27	33	29	20
AT3G24900	19	15	11	19	32	28
AT3G27730	14	4	18	8	3	6
AT2G36295	4	1	2	4	13	11
AT2G37540	5	0	5	4	9	2
AT5G04355	18	10	8	11	15	7
AT5G43350	0	0	0	0	0	0
AT3G18950	3	6	2	3	5	4
AT3G51660	10	8	7	5	7	6
AT2G45780	16	18	16	18	32	12
AT4G28460	1	3	1	10	19	12
AT3G26430	8	6	8	12	22	16
AT3G08240	20	7	10	12	13	18
AT4G09432	9	5	7	9	19	10
AT1G29965	15	28	25	15	21	19
AT5G48390	1	3	4	6	0	5
AT3G20860	6	4	6	2	1	3
AT3G24360	8	9	0	3	7	7
AT1G47410	0	0	0	6	6	5
AT5G47240	4	1	1	1	0	1
AT5G61890	4	15	12	13	17	7
AT5G67020	7	4	2	12	13	15
AT1G22100	16	4	10	7	9	8
AT1G68330	2	4	2	0	8	5
AT5G41763	50	33	24	12	8	11
AT3G14810	0	0	0	0	0	0
AT4G33050	9	9	7	10	4	1
AT5G08460	20	8	21	13	16	12
AT3G13227	1	0	2	14	7	3
AT2G22620	1	0	6	4	3	4
AT2G23985	24	18	12	9	25	19
AT2G35738	13	6	12	21	17	20
AT4G18260	4	3	3	3	6	2
AT1G23140	16	22	10	1	3	1
AT1G50060	0	0	0	0	0	0
AT5G09290	7	5	3	5	11	10
AT3G18660	0	0	1	0	0	0
AT3G05325	21	16	4	13	14	11
AT2G20562	5	3	6	1	4	0
AT2G31790	1	3	1	2	3	2
ATMG01190	0	2	3	11	9	5
novel.141	4	6	7	13	21	14
AT1G58170	2	0	0	3	2	5
AT5G07115	13	8	11	13	30	13
AT5G64590	7	6	3	11	4	9
AT2G30933	12	21	21	16	21	9
AT1G05575	16	17	22	22	19	8
AT5G66800	1	1	4	0	2	0
AT3G18485	21	24	13	26	36	18
AT3G23930	1	0	0	2	3	0
AT4G13620	1	0	0	2	0	5
AT4G36450	6	1	8	24	30	17
AT1G52190	2	1	1	3	3	6
AT1G68620	0	0	0	0	0	0
AT5G42510	0	0	0	0	0	0
AT2G34140	15	22	17	20	15	28
AT1G10560	0	0	0	0	0	0
AT5G15130	0	0	0	0	0	0
AT3G25011	26	26	19	27	10	14
AT4G31730	5	5	3	10	5	10
AT1G75520	18	17	27	32	23	15
AT3G16470	0	0	0	1	0	0
AT2G08220	16	22	15	36	18	20
AT1G14730	15	6	7	8	4	8
AT1G25400	0	3	1	6	8	7
AT1G62700	6	3	9	11	12	11
AT5G45740	7	7	4	15	14	12
AT5G50530	5	9	1	19	24	1
AT3G01750	4	6	4	9	6	7
AT3G01940	2	7	6	4	12	10
AT3G13590	0	0	0	0	0	0
AT4G10350	1	0	1	2	3	1
AT4G25885	35	12	14	14	11	10
AT1G09400	13	13	14	18	4	10
AT1G26790	22	13	15	2	0	1
AT1G63370	11	15	3	14	8	9
AT5G02875	14	8	8	15	11	18
AT3G26200	0	2	2	7	7	4
AT3G45410	8	6	2	20	3	15
AT3G56890	13	13	8	17	14	21
AT2G15420	19	12	13	28	27	36
AT3G26230	3	0	0	18	15	9
AT3G49055	11	12	6	15	7	10
AT1G02650	8	7	14	6	5	3
AT1G30550	0	0	0	0	0	0
AT5G05300	10	11	30	25	31	27
AT5G11620	0	1	0	0	3	4
AT5G51520	0	0	0	0	0	0
AT5G67550	1	0	0	0	2	0
AT3G55910	48	22	30	1	6	4
AT2G21260	10	20	17	20	23	19
AT2G32100	18	20	18	7	9	9
AT2G32200	14	9	10	40	36	24
AT4G15210	4	4	8	2	3	2
AT1G15040	0	3	4	16	16	11
AT5G01330	2	0	1	6	2	4
AT3G61111	15	17	13	57	40	30
AT1G34420	21	15	15	24	17	16
AT1G74770	5	1	1	32	26	21
AT4G15440	9	6	9	17	11	17
AT4G19645	13	5	10	14	27	18
AT3G12730	4	5	4	1	4	1
AT5G02645	28	24	20	13	11	14
ATMG00110	5	5	1	26	15	20
ATCG00650	12	17	17	9	13	4
AT5G59190	23	37	14	24	24	17
AT2G18490	8	9	20	3	4	2
AT2G33000	3	7	13	13	15	6
AT2G47550	0	1	2	1	1	1
AT1G52290	12	4	6	0	0	2
AT1G69485	5	15	9	10	10	9
AT1G79910	7	7	6	8	4	9
AT3G22240	5	11	4	34	29	29
AT3G52072	12	15	16	12	14	21
AT2G18890	0	1	4	3	2	1
AT1G61410	9	10	5	8	9	9
AT1G72760	10	2	6	11	8	13
AT1G79170	19	16	22	20	13	8
AT3G05335	14	13	3	6	15	15
AT4G16162	13	17	16	16	18	25
AT1G28230	4	13	8	11	9	7
AT4G29880	8	6	7	5	6	12
AT5G25640	2	1	2	9	4	0
AT3G18300	7	5	6	7	6	5
AT3G44716	2	8	4	7	4	7
AT3G47295	9	10	10	16	3	14
AT4G23810	0	0	0	0	0	1
AT1G31710	1	1	0	2	2	3
AT5G46780	8	14	15	10	9	4
AT5G55020	14	9	11	1	3	0
AT3G21890	1	0	0	0	0	0
AT4G13195	14	16	17	21	22	24
AT1G27110	17	17	6	10	10	14
AT1G68200	15	17	16	8	22	10
AT5G62330	0	0	0	0	0	0
AT3G16440	0	0	0	0	0	0
AT1G52315	6	2	4	1	4	4
AT3G48350	0	0	0	0	2	0
AT4G13600	25	28	23	24	23	18
AT4G32580	5	9	5	4	5	2
AT1G52270	4	3	1	11	15	4
AT5G10380	9	4	10	14	4	9
AT3G22160	3	5	14	18	9	19
AT1G21100	1	4	0	32	22	19
AT1G33811	0	0	0	0	0	0
AT1G47920	17	16	21	31	17	14
AT5G44390	1	3	2	13	12	14
AT3G63320	4	2	4	2	4	3
AT4G14830	10	12	4	6	8	20
AT4G15765	0	3	2	4	3	1
AT1G29395	0	1	0	1	2	2
AT1G47400	0	0	0	14	16	16
AT2G32990	3	0	0	2	4	2
AT1G28080	8	18	4	20	20	13
AT5G42040	27	14	5	7	16	10
AT3G55990	1	2	1	0	1	2
AT1G24590	21	13	10	21	22	22
AT5G41410	20	18	13	14	14	17
AT3G04300	21	22	18	10	10	18
AT3G27025	15	5	8	20	15	29
AT3G46110	0	1	6	6	3	5
AT2G04605	23	16	5	41	35	37
AT2G41970	1	0	0	0	0	0
AT1G66810	4	3	3	8	3	4
AT3G28620	7	13	9	15	22	19
AT3G42800	2	0	2	3	6	6
AT3G59340	2	0	0	0	0	0
AT4G39830	9	9	4	11	7	18
AT1G72950	11	11	7	13	13	13
AT5G03010	7	6	5	4	6	5
AT3G05370	13	8	4	13	17	13
AT2G28315	0	0	0	0	0	0
AT2G35650	5	9	4	1	3	2
AT4G14940	0	0	0	0	0	2
AT1G60787	0	0	0	0	0	0
AT5G65610	15	19	9	17	16	21
AT3G16860	10	11	15	11	19	17
AT4G10150	20	17	6	31	35	26
AT4G08155	17	18	16	17	19	6
AT4G09375	11	18	8	11	7	15
AT1G04877	6	7	13	1	5	8
AT5G41550	8	6	5	3	6	2
AT3G20880	21	17	23	24	23	28
AT3G49120	6	4	1	14	20	7
AT4G37685	7	2	3	8	9	10
AT1G08310	12	7	4	8	7	7
AT2G47370	33	9	16	8	7	9
AT1G04037	14	8	10	11	10	14
AT1G59850	15	4	11	18	10	17
AT1G08847	3	1	2	1	5	3
AT5G02400	2	0	0	1	2	1
AT5G26700	19	15	17	15	18	11
AT5G48130	19	14	20	14	16	14
AT3G62070	4	7	11	10	3	13
AT2G05695	1	1	5	21	21	19
AT2G30945	12	11	9	8	9	8
AT2G38760	2	4	6	1	8	6
AT2G48150	5	2	5	6	2	8
AT2G32960	11	7	11	9	6	13
AT1G11610	1	0	0	4	0	0
AT2G45940	17	28	16	20	28	24
AT4G08125	16	26	10	11	17	7
AT1G80820	1	5	2	5	10	12
AT3G01375	30	7	20	20	23	16
AT3G13130	0	0	0	0	0	0
AT2G36690	0	0	1	5	2	2
novel.114	17	16	17	6	9	6
AT5G45530	0	3	0	0	2	0
AT2G41230	4	2	7	11	7	4
AT2G47270	0	0	0	2	2	0
AT4G08300	0	0	0	0	0	0
10/31/32	11	11	10	16	12	12
AT1G26590	15	16	13	4	4	7
AT1G72240	0	0	0	0	0	0
AT5G35926	2	7	7	28	19	17
AT2G46535	0	1	2	0	3	0
AT4G17250	0	2	2	1	2	3
ATMG00630	3	3	3	33	24	12
AT1G33280	0	0	0	0	0	0
AT1G69940	3	1	1	3	7	2
AT5G07510	3	2	1	2	2	2
ATMG00665	4	8	4	14	18	9
AT1G11112	17	21	13	17	13	10
AT1G72230	3	4	4	1	3	0
AT1G72870	11	7	4	11	4	12
AT3G02240	0	0	0	0	0	1
10/31/54	16	20	10	17	7	6
AT1G28470	0	0	1	0	0	0
AT3G52160	12	7	19	13	13	23
AT4G35590	11	12	13	11	10	8
AT1G06083	6	7	18	12	20	19
AT2G05518	14	11	7	26	16	13
AT2G37210	19	16	20	21	8	12
AT4G18150	25	19	9	21	33	18
AT1G11785	3	2	0	13	16	9
AT1G53410	10	9	12	11	9	17
AT1G64107	0	4	3	9	8	6
AT5G67180	5	9	4	6	8	4
AT2G28426	7	6	9	21	9	6
AT2G34185	22	10	13	15	19	9
AT4G01770	0	0	0	0	0	0
AT5G59090	0	0	0	1	0	0
AT2G40160	16	6	12	10	8	7
AT1G20310	2	4	4	21	26	17
AT5G57567	24	33	16	14	2	12
AT3G53840	11	12	10	6	18	16
AT4G22960	33	28	33	7	9	10
AT4G27852	14	10	6	10	14	11
AT3G50800	1	2	2	3	2	6
AT3G51710	16	12	11	17	25	20
AT2G25510	0	1	0	12	9	3
AT2G28160	9	6	4	3	2	8
AT4G00950	14	21	14	9	19	7
AT1G05833	14	19	15	14	9	11
AT5G01760	7	2	6	7	8	13
AT5G17260	0	0	0	0	0	0
AT3G48520	2	4	3	2	5	0
AT2G24680	14	12	12	20	22	20
AT1G02470	5	6	7	2	0	2
AT1G19373	20	18	18	17	9	8
AT1G64700	19	10	5	26	28	21
AT3G20450	0	0	0	0	0	0
AT3G47342	23	9	19	14	14	15
AT3G52525	12	1	5	11	26	11
AT2G17660	13	19	18	12	16	13
AT2G28690	2	11	3	19	23	18
AT1G29560	19	6	5	16	6	11
AT1G55175	24	6	4	13	7	8
AT2G46455	32	5	11	9	7	11
10/31/96	11	9	9	9	4	5
AT1G75163	10	10	10	5	24	18
AT4G29770	11	7	22	23	24	19
AT1G05770	0	0	0	0	1	0
AT3G59270	4	3	0	5	0	9
novel.116	19	12	22	6	14	13
AT1G61820	3	1	8	4	11	7
AT3G48550	1	0	0	1	2	2
AT2G19330	2	5	3	8	6	10
AT2G36590	2	1	0	0	0	0
AT1G10360	6	3	5	12	15	11
AT5G04370	2	0	2	7	6	4
AT5G48320	9	9	10	11	14	3
AT5G58120	2	0	3	23	13	5
AT2G19550	23	21	19	13	16	18
AT4G08705	16	8	14	14	10	19
11/10/01	6	11	19	29	24	21
AT1G63450	2	1	2	3	6	0
AT5G50175	5	3	4	7	4	6
AT2G28815	9	14	5	18	7	8
ATMG00180	2	3	0	20	19	13
AT1G50830	13	9	11	18	11	18
AT5G17480	26	35	38	2	5	0
AT3G01311	22	25	14	22	24	17
AT2G01905	3	1	3	0	5	5
AT4G21380	6	6	18	4	5	5
AT4G25470	3	0	3	3	5	3
10/31/40	1	3	2	10	23	11
AT1G04090	5	6	9	7	4	10
AT5G17165	0	0	0	0	0	0
ATCG00640	5	8	1	2	8	9
AT1G02830	31	53	26	3	8	3
AT1G51538	20	9	19	18	20	16
AT1G62981	0	0	1	1	4	3
AT5G26330	0	0	0	0	0	0
AT5G53870	4	0	0	4	0	0
ATMG01220	1	2	5	11	19	18
AT1G05517	16	22	9	20	12	22
AT1G58807	42	17	3	13	6	14
AT5G62150	1	1	1	1	6	6
AT3G23870	8	0	2	5	6	2
AT3G63052	3	2	7	34	33	28
AT4G01600	2	1	0	1	0	0
AT1G16640	15	6	7	9	6	4
AT1G35610	24	11	11	11	26	8
AT5G36000	10	6	8	17	12	12
AT3G54120	16	3	4	3	4	7
AT5G19810	10	10	6	15	9	4
AT3G19615	1	0	1	0	4	1
AT4G02000	23	9	11	17	29	14
AT1G02230	13	10	15	25	19	22
AT1G68470	1	1	0	4	0	0
AT5G15160	10	7	12	6	9	8
AT5G41471	16	19	15	29	28	5
AT5G46295	13	9	14	26	16	21
AT2G30790	3	4	5	17	14	16
AT2G40715	12	11	14	20	9	14
AT4G12580	0	0	0	0	0	0
AT1G22900	9	13	7	19	10	10
AT1G51620	3	1	4	9	7	9
AT3G18530	7	11	2	15	8	19
AT2G31250	4	12	7	5	13	3
AT4G31620	8	4	2	14	12	12
AT1G06100	28	27	29	9	6	9
AT1G24130	0	0	0	0	0	0
AT1G48260	0	1	3	0	0	1
AT5G24100	0	0	1	0	1	0
AT2G04995	1	0	3	38	13	28
AT2G13463	1	1	5	13	29	13
novel.173	10	7	2	4	11	6
AT1G53660	0	0	0	0	0	0
AT3G45440	13	9	8	14	17	10
AT4G09130	16	15	8	10	9	11
AT1G11460	0	0	0	11	5	5
AT5G15840	11	4	12	12	3	12
AT5G42210	9	12	15	6	6	13
AT5G46395	8	10	6	24	19	14
AT4G16008	14	10	4	16	17	20
AT4G34850	3	1	9	1	2	1
AT1G28570	0	0	1	0	0	0
AT3G56660	14	3	5	7	1	9
AT4G15120	2	3	4	7	9	3
AT3G44900	14	13	15	16	18	14
AT2G20722	15	17	22	10	14	12
AT4G33590	0	0	0	0	1	1
11/13/01	14	7	8	8	8	25
AT1G07937	5	7	4	4	10	5
AT3G16360	0	0	0	0	0	0
AT2G25000	7	9	10	11	10	12
AT1G69970	18	14	9	27	15	14
AT5G04960	0	0	0	0	0	0
AT5G41660	3	8	6	29	32	24
AT3G54060	7	8	4	8	2	4
AT4G00070	2	0	0	2	5	1
AT4G01680	0	1	1	7	4	3
AT4G03330	1	0	0	4	0	0
AT1G03410	8	6	2	6	9	4
AT1G09937	11	6	16	27	31	16
AT5G51780	6	6	9	0	0	3
AT5G56230	18	19	28	22	31	16
AT5G60020	10	2	5	9	3	10
AT3G11160	6	5	14	21	22	17
AT4G37682	9	7	4	6	10	4
AT1G54020	11	8	18	4	12	7
AT1G63190	16	13	6	17	13	16
AT5G54569	10	10	11	13	10	13
AT3G30823	10	20	12	11	30	19
AT4G36410	1	0	2	10	5	9
AT5G02360	0	0	0	1	0	0
AT5G10572	16	19	21	22	15	12
AT1G01840	17	23	11	7	19	21
AT1G75460	2	0	0	13	8	14
ATCG01050	18	21	9	6	10	4
AT1G06753	6	3	11	19	11	14
AT5G25240	0	1	4	4	5	2
AT3G62740	0	2	0	0	0	0
AT2G19650	9	11	6	4	10	16
AT1G26761	9	14	6	6	2	6
AT1G52070	0	0	0	0	0	0
AT1G71380	1	1	3	2	2	0
AT1G74550	25	17	13	25	28	7
AT3G08810	7	2	3	26	22	15
AT3G52535	13	7	12	12	12	10
AT3G21770	19	13	18	3	0	3
AT3G46500	3	0	6	5	6	3
AT1G04797	19	13	16	20	13	15
AT1G13510	0	0	0	0	0	0
AT1G14642	29	10	20	17	10	23
AT1G61930	14	8	7	4	5	6
AT2G19850	5	9	9	27	30	28
AT1G09812	18	15	20	26	16	12
AT3G18560	0	3	4	8	4	3
AT2G28460	3	2	5	1	3	1
AT4G13572	10	11	7	18	15	15
AT4G28680	0	0	0	0	0	0
ATCG00270	3	17	7	10	10	2
AT1G04153	22	15	23	9	21	11
AT1G19050	1	2	3	4	3	1
AT1G64170	0	1	1	0	1	1
AT1G78410	9	17	22	22	22	17
AT5G06305	21	20	18	16	17	23
AT5G44350	9	14	8	25	27	19
AT5G44574	0	1	1	10	5	12
AT2G01410	8	17	16	25	16	14
AT3G03000	1	2	2	2	0	1
AT3G21352	2	2	0	4	2	9
AT4G08410	0	0	0	0	0	0
ATCG00130	6	11	2	5	2	8
AT3G03200	0	0	0	0	0	0
AT2G37580	0	1	1	11	11	10
AT2G42885	1	5	1	11	15	11
ATCG00470	10	7	6	14	10	0
ATCG01310	1	2	3	4	3	0
AT1G51850	0	0	0	0	0	0
AT1G71691	6	7	7	3	3	5
AT5G41765	25	17	11	3	5	4
AT5G55090	10	4	4	0	0	1
AT3G09525	1	1	0	0	1	1
AT2G25460	3	5	6	8	14	9
AT4G03875	0	0	0	0	0	0
AT4G28780	0	1	0	2	0	0
AT4G37553	13	8	10	19	14	9
AT1G03240	25	12	10	31	9	15
AT1G28685	25	10	17	17	18	18
AT5G38070	3	1	1	4	5	4
AT3G61897	7	4	5	6	16	4
AT3G62780	5	8	8	11	8	12
AT2G06345	2	2	0	5	0	8
AT4G06255	13	14	12	13	25	19
AT1G11570	0	3	2	2	1	0
AT5G02640	0	1	4	0	3	7
AT2G32550	28	27	41	2	2	1
AT4G13130	0	0	1	0	1	2
AT1G75060	6	3	6	2	1	2
AT3G55646	10	2	12	20	21	20
AT2G35000	2	0	1	3	2	0
AT4G36160	13	17	4	13	8	6
AT1G68585	5	0	1	7	2	2
AT5G36900	27	9	21	19	25	27
AT3G01900	0	0	0	0	0	0
AT1G10060	11	12	19	6	7	3
AT1G61667	0	2	2	2	0	0
AT5G10990	4	4	2	1	3	4
AT5G49070	13	1	6	10	6	5
AT3G52780	2	1	0	2	2	1
AT2G29620	0	0	0	0	0	0
AT2G34180	6	6	2	2	3	5
AT2G43660	36	18	31	6	9	11
AT4G01500	16	8	9	11	18	12
AT4G19520	14	7	9	9	3	5
AT4G37610	7	5	10	10	12	12
AT1G04007	18	8	21	13	9	10
AT1G79760	1	8	0	2	5	5
AT5G57820	8	14	16	16	18	13
AT2G12462	4	1	5	0	3	3
AT4G00700	8	9	12	14	3	10
AT1G12980	23	21	16	15	24	15
AT5G01505	18	15	14	9	12	18
AT5G44270	1	3	1	18	11	11
AT3G05955	8	16	11	10	10	5
AT2G07655	9	9	6	5	16	1
AT2G27180	6	4	10	33	16	14
AT2G40670	0	6	3	10	12	11
AT4G03930	9	12	14	19	16	18
AT1G48267	8	5	3	8	20	9
AT1G09917	11	10	10	15	4	9
AT5G40450	6	5	12	15	6	11
AT5G40645	37	19	27	7	9	10
AT4G09300	22	15	10	11	9	15
ATCG00760	5	11	8	7	4	8
AT1G11340	1	5	1	3	0	3
AT5G01730	3	5	7	15	6	5
AT5G06790	15	4	10	11	21	10
AT5G14730	0	0	0	0	0	0
AT2G34830	2	0	0	0	2	3
AT2G45890	1	2	0	4	3	1
novel.152	7	7	8	28	19	11
AT1G03320	3	7	12	13	10	9
AT1G35830	6	3	6	8	5	8
AT5G27360	20	10	12	24	22	16
AT5G61280	0	0	0	0	0	0
AT5G09785	17	4	15	20	28	16
AT3G12060	10	21	3	7	12	16
AT2G04480	13	9	12	11	8	5
AT2G46685	13	10	11	17	9	14
AT1G05277	13	3	16	6	13	7
AT1G68150	0	0	0	0	0	0
AT3G01329	2	2	1	13	11	3
AT3G25880	14	9	6	3	14	8
AT3G28630	22	13	12	13	25	16
AT2G38080	0	0	0	0	0	0
AT4G06010	20	16	14	19	4	13
AT4G20390	4	8	6	5	10	1
AT1G19070	19	4	4	8	5	10
AT5G18710	7	1	4	9	9	10
AT2G40710	14	4	8	9	7	13
AT2G09710	20	0	5	2	3	5
ATCG00660	16	9	0	6	12	6
AT1G07540	0	0	0	15	5	9
AT3G07260	5	7	13	6	13	6
AT3G14225	14	20	9	16	14	17
AT3G46080	14	11	8	36	28	30
AT3G60540	16	4	20	6	0	3
AT1G67520	0	0	0	0	0	0
AT1G08997	2	5	10	22	22	31
AT5G15720	13	4	5	8	15	14
AT5G58610	29	27	30	5	2	3
AT5G59660	12	4	8	6	6	12
AT1G13540	7	12	10	5	15	7
AT1G59780	2	1	7	0	1	0
AT1G66940	5	1	1	1	1	4
AT1G69523	2	0	3	2	1	7
AT2G09525	9	10	12	8	7	8
AT1G10770	4	8	3	5	6	2
AT1G21140	46	43	70	0	0	0
AT1G49790	8	10	14	4	4	4
AT1G09753	2	0	5	2	1	3
AT5G09210	25	11	15	17	16	25
AT2G35290	7	6	5	11	3	7
10/31/75	0	0	0	4	0	0
AT1G01900	0	0	4	2	1	3
AT1G13260	2	5	6	0	0	0
AT5G40060	7	1	5	2	11	4
ATMG01280	4	5	4	26	14	19
AT1G21340	7	3	4	2	6	1
AT5G26920	2	0	0	0	2	1
AT5G56540	5	7	12	2	8	3
AT2G34600	9	4	3	10	5	9
ATMG00730	0	4	0	22	11	13
novel.162	23	4	7	25	12	13
AT1G66980	0	0	0	0	0	0
AT5G28080	0	0	0	3	1	1
AT2G41810	0	0	10	9	4	0
AT4G37520	0	0	0	2	0	0
AT1G11210	4	7	6	17	22	15
AT1G45234	14	6	13	13	10	14
AT1G67035	0	3	0	1	1	0
AT1G74930	7	9	4	12	17	13
AT5G14510	4	3	3	12	8	4
AT5G19790	2	0	2	2	2	0
AT3G01513	4	0	10	5	4	1
AT2G38750	0	0	0	0	1	1
AT4G07365	19	9	11	8	10	9
10/31/63	18	12	18	19	15	20
AT5G04815	6	6	3	19	19	11
AT1G24020	0	0	0	1	1	0
AT5G19970	0	0	0	3	2	1
AT5G56700	8	9	5	16	15	11
AT3G29380	2	5	2	10	5	5
AT2G15310	0	0	0	0	0	0
AT4G29110	5	6	3	10	10	2
AT4G09785	14	10	6	12	13	16
AT1G27921	8	8	3	12	5	4
AT1G06963	9	3	11	9	9	12
AT1G73780	4	0	5	0	0	2
AT5G15725	16	6	19	6	5	7
AT4G22160	2	2	0	6	7	4
AT1G59865	6	5	7	5	5	8
AT1G73165	19	18	23	3	1	6
AT5G09430	14	6	6	10	5	2
AT5G22799	10	5	8	4	6	7
AT3G06890	10	8	11	7	7	6
AT2G01770	10	4	8	6	8	9
AT5G04950	0	0	0	0	0	0
AT5G39110	31	32	46	0	1	0
AT2G43050	7	2	7	1	4	10
AT2G43745	6	8	7	21	15	10
AT1G11735	7	5	5	9	9	8
AT5G04465	11	11	4	28	27	17
AT3G09725	9	14	10	12	3	4
AT2G05665	10	18	14	21	18	16
AT4G02482	6	7	3	12	3	9
AT4G09930	0	0	0	2	4	3
AT1G14071	5	2	3	8	8	13
AT5G14940	25	22	30	2	4	3
AT5G48775	9	11	6	19	14	8
AT2G48075	5	5	3	14	7	6
AT4G01010	9	5	7	11	12	5
AT1G80325	6	6	7	11	16	14
AT2G08955	8	12	9	11	18	17
AT4G16857	7	0	5	12	14	12
AT4G28840	1	0	0	0	0	1
AT1G64260	6	12	14	9	10	16
AT1G09287	3	11	4	13	16	10
AT3G27690	0	0	0	0	0	0
AT3G48740	0	0	2	2	0	0
AT2G02620	0	0	0	0	0	0
AT2G08950	8	13	8	2	2	0
AT4G05650	7	5	3	5	16	8
AT1G21500	2	0	1	0	1	1
AT1G29071	15	15	23	25	9	13
AT2G08585	17	21	8	6	8	11
AT4G05155	13	15	19	13	11	10
AT1G47655	6	14	7	1	9	4
AT1G75090	13	9	18	8	16	3
AT5G02225	14	12	15	19	8	9
AT5G22390	0	1	2	1	0	2
AT3G52540	0	1	4	2	0	0
AT4G32535	17	5	4	5	6	15
AT1G70260	2	8	4	12	4	7
AT5G66607	9	2	3	21	12	13
AT3G09405	10	5	7	14	3	8
AT2G01175	15	10	0	14	6	11
AT2G15370	0	0	1	0	0	0
AT4G02780	18	12	10	16	12	12
AT4G05430	5	8	7	6	19	18
AT5G05040	11	4	17	21	22	18
AT2G37610	17	23	15	19	24	13
AT1G08113	11	23	19	19	19	11
AT1G78995	2	1	0	1	6	2
AT5G58280	2	4	0	0	0	1
AT3G02225	24	12	10	10	16	12
AT2G24700	7	7	0	7	2	1
AT4G06695	18	11	11	15	11	12
AT4G39640	1	0	2	5	1	2
AT1G10460	5	5	3	8	3	6
AT3G58150	18	2	16	14	17	18
AT2G21110	0	0	0	0	0	0
AT1G09543	7	7	3	12	8	9
AT3G18070	0	0	0	0	2	3
AT3G22830	2	0	0	1	1	2
AT3G49845	0	0	0	0	0	1
AT2G24340	15	8	11	10	10	13
AT3G11150	29	18	22	7	7	6
AT3G58000	10	13	8	20	12	21
AT2G44840	5	2	7	10	15	7
AT2G47120	0	0	1	1	0	1
AT4G31398	0	1	0	1	2	3
AT5G37420	19	11	10	13	18	11
AT3G26470	1	3	5	1	1	3
ATCG00450	0	2	2	3	3	0
AT5G45990	14	20	19	16	6	10
AT3G48970	8	9	7	9	15	9
AT1G74870	6	3	12	7	6	10
AT1G09993	11	8	11	13	8	5
AT5G01200	2	0	3	1	2	11
AT5G38990	1	1	7	1	7	1
AT5G50630	4	4	4	5	3	5
AT5G59860	9	9	11	10	2	4
AT4G12005	6	7	7	17	4	10
AT1G21250	10	12	5	4	8	7
AT3G53010	6	0	1	2	2	1
AT2G07435	5	3	4	4	4	0
AT4G03445	10	12	3	7	9	19
AT4G25433	16	23	20	22	15	16
AT1G30920	7	7	7	14	18	15
AT1G73260	0	0	0	0	0	0
AT5G18740	12	1	8	9	9	10
AT5G53370	1	0	5	4	4	10
AT3G06990	0	0	0	0	0	0
AT1G07743	12	4	3	3	6	12
AT1G55380	8	9	4	4	5	8
AT1G08103	21	8	13	17	18	13
AT1G65250	2	6	2	5	14	12
AT3G45800	19	12	10	13	5	8
AT2G34238	21	13	10	22	11	15
AT2G46570	6	4	2	14	9	8
AT4G16600	3	3	15	6	3	3
AT4G27400	0	0	0	0	0	0
AT1G68390	9	18	5	4	3	1
AT5G04690	0	0	0	0	0	0
AT3G10815	0	0	1	0	3	5
AT3G25820	2	2	1	1	0	1
AT3G60720	3	4	3	13	7	8
AT4G04205	13	17	10	9	11	14
AT1G68520	21	9	21	0	0	0
AT4G13580	3	7	1	5	5	5
AT4G32208	12	3	6	11	7	5
AT1G04187	16	10	6	6	9	11
AT5G02690	6	1	4	1	2	6
AT5G03165	14	6	8	12	13	9
AT5G62920	3	2	1	0	0	0
AT3G27940	5	13	6	11	4	13
AT3G28420	2	0	0	3	8	3
AT3G60650	6	5	12	16	14	13
AT1G49450	5	5	6	1	2	3
AT1G74110	2	4	0	0	1	4
AT1G09693	15	17	15	6	18	14
AT5G01595	11	12	7	7	14	11
AT5G63625	5	11	5	14	6	11
AT3G50260	0	2	2	10	13	11
AT4G02170	0	1	2	0	8	5
10/31/41	1	1	1	21	25	26
AT1G02980	5	7	14	34	19	21
AT5G04980	5	1	3	2	2	2
AT3G63375	12	13	10	13	10	7
AT4G01440	8	4	9	11	16	20
AT1G73687	5	8	4	9	7	5
AT5G18320	13	15	17	9	9	5
AT3G47180	0	0	0	0	0	0
AT3G59450	19	13	8	8	3	8
AT2G41312	2	3	1	3	6	1
AT4G27810	14	13	3	11	26	8
AT1G34040	0	0	2	3	4	3
AT1G49960	10	7	8	4	8	3
AT5G52790	6	2	2	4	2	3
AT5G59662	14	10	9	17	12	7
AT3G01572	21	6	19	12	20	17
AT3G23480	6	1	4	8	7	5
AT3G45430	0	2	5	11	6	9
AT4G15280	3	8	6	10	11	3
ATMG01320	0	0	1	8	2	4
AT5G22680	1	5	4	3	6	8
AT5G51310	3	5	19	7	8	14
AT3G57130	9	7	4	4	3	0
AT2G02840	4	2	1	4	3	5
AT1G05020	2	5	4	5	5	2
AT1G10640	0	2	1	5	4	10
AT5G46600	12	11	9	8	10	3
AT3G09490	14	2	2	6	6	2
AT3G62320	2	1	1	6	2	5
AT3G63360	6	7	7	17	15	8
AT2G45410	12	8	8	8	21	10
AT4G26390	2	0	0	6	5	6
AT4G37730	6	4	2	19	16	15
AT1G18180	4	5	9	3	8	5
AT1G49000	2	0	2	4	8	4
AT5G01050	2	5	5	0	1	0
AT5G52020	1	1	2	1	1	1
AT3G28155	2	0	1	3	3	2
AT4G02090	5	4	4	5	10	3
10/31/49	3	0	0	0	3	1
AT1G14500	0	0	1	2	0	0
AT1G51460	5	2	9	2	6	8
AT5G60490	0	6	3	1	6	4
AT3G57765	7	3	9	21	25	24
AT2G18060	15	6	14	5	13	15
novel.172	18	12	15	21	13	18
AT1G30730	0	0	1	10	13	7
AT1G07957	11	11	19	16	18	17
AT1G75900	1	2	0	3	1	7
AT3G07000	0	0	0	0	0	0
AT3G13672	8	3	3	8	6	4
AT3G14395	9	5	5	0	2	2
AT3G51300	11	5	11	10	14	6
AT2G21840	0	0	0	0	0	0
AT2G23970	1	0	0	0	0	0
AT2G41510	17	3	16	15	6	7
AT4G10695	6	3	4	11	19	9
AT1G05370	3	2	3	11	8	7
AT5G46060	0	0	0	0	0	0
AT5G46440	10	8	14	23	10	7
AT3G11260	2	1	6	7	12	5
AT3G43840	5	8	3	10	6	4
AT2G04800	0	0	0	3	0	1
AT2G19130	4	4	0	4	1	3
AT2G36650	0	0	4	13	7	10
AT4G08545	15	7	9	13	12	9
AT1G59740	0	0	0	0	0	0
AT1G62870	6	6	9	4	3	5
AT1G68795	1	0	1	0	0	1
AT3G62510	20	11	5	15	13	11
AT2G26690	0	0	0	1	0	0
AT2G42200	7	11	11	3	2	4
AT4G02270	0	0	0	0	0	0
AT4G39810	0	0	0	0	0	0
AT1G72060	6	3	4	6	6	9
AT3G49380	14	5	6	17	15	19
AT4G11700	20	26	9	8	16	12
AT4G11780	4	3	2	0	0	1
AT4G26795	24	16	20	0	0	1
AT1G02820	24	28	22	6	2	1
AT1G06980	7	6	6	2	9	2
AT5G07100	2	4	2	4	0	0
AT3G56730	8	8	8	20	9	6
AT3G58380	5	10	11	16	14	11
AT2G27740	4	3	1	3	3	5
AT2G28670	8	11	14	21	14	12
ATCG00210	4	7	3	3	10	2
ATCG00540	3	0	7	4	2	3
AT1G04423	8	6	7	8	11	9
AT5G28610	7	2	4	3	1	0
AT5G51390	3	4	2	5	5	7
AT4G02160	0	0	0	0	0	0
ATCG00530	4	6	2	7	3	2
AT1G17700	0	0	0	0	0	0
AT1G43790	3	1	2	23	26	26
AT2G35585	8	17	9	6	8	3
AT2G37740	2	4	7	5	4	5
AT4G17090	4	1	1	6	7	10
11/7/01	11	20	23	15	8	3
AT1G04778	9	8	10	8	20	9
AT1G48400	13	13	15	13	18	15
AT3G01316	12	19	16	8	10	14
AT2G05635	14	4	7	17	12	14
AT2G23230	0	0	0	2	0	1
AT4G32540	4	8	10	20	18	8
AT5G23750	4	9	1	4	11	1
AT5G24940	8	2	4	1	5	6
AT2G33280	1	0	4	3	2	1
AT2G45350	5	4	2	7	17	6
AT1G35230	13	10	9	10	12	13
AT5G36925	0	2	1	0	3	2
AT3G48790	3	3	0	6	2	3
AT2G42005	7	0	5	5	1	4
AT1G09155	0	0	0	3	4	2
AT3G04320	0	0	0	0	0	0
AT3G29250	0	0	0	0	0	0
AT2G23030	7	4	2	20	10	20
AT4G37295	10	12	9	5	10	15
AT5G38010	2	1	3	0	3	1
AT3G03415	12	9	18	5	18	10
AT3G47030	17	13	8	17	13	3
AT2G07605	4	13	12	10	9	8
AT4G23600	0	0	0	0	0	0
AT1G02450	12	10	17	14	15	6
AT1G11730	9	0	1	5	1	2
AT1G61680	7	6	20	11	12	14
AT5G04425	9	6	6	16	9	18
AT5G55950	11	5	3	7	13	9
AT3G04285	10	8	5	19	5	8
ATCG00730	5	3	2	2	4	5
AT1G67470	6	3	16	14	12	6
AT5G01480	10	3	3	5	7	7
AT5G46085	13	15	13	20	16	12
AT3G17220	8	5	4	10	8	17
AT2G29290	1	2	0	6	3	8
AT4G16920	0	3	2	0	3	3
AT1G71920	2	1	4	4	2	2
AT1G64561	11	6	14	12	8	7
AT5G01420	0	0	0	0	0	0
AT3G12977	2	0	7	10	5	3
AT2G24800	0	1	1	0	2	0
AT2G08735	17	18	9	2	0	1
AT1G37140	7	8	25	18	10	8
AT1G74545	22	7	5	10	22	17
AT1G74890	9	2	1	9	9	9
AT5G55780	3	3	1	3	3	2
AT4G34560	1	0	1	7	10	3
AT5G07745	9	2	17	22	23	25
AT5G55450	4	3	1	12	12	3
AT3G22210	2	5	4	6	9	10
AT4G01925	0	0	0	0	0	0
AT4G38690	0	0	0	0	5	1
AT1G13100	0	0	0	1	0	0
AT1G50580	0	2	0	0	0	0
AT5G60440	13	7	5	17	9	9
AT3G05905	10	1	8	17	19	17
AT3G07600	16	13	10	13	11	3
AT2G02240	1	5	2	17	9	7
AT2G40350	3	7	11	14	13	19
AT4G04680	17	9	12	6	9	18
AT4G19395	8	6	2	8	5	11
AT1G21651	7	3	3	15	10	16
AT1G53270	4	10	11	9	9	17
AT3G04660	4	4	5	19	20	16
AT2G02700	7	3	4	0	2	3
AT4G02555	16	13	10	8	15	13
AT1G07783	7	6	14	6	8	13
AT1G69880	1	2	6	9	21	10
AT5G03060	8	14	5	12	13	9
AT5G03875	20	6	11	5	6	11
AT2G07585	12	9	8	15	12	8
AT2G08580	16	20	9	14	7	9
AT4G05900	8	3	5	11	14	15
AT4G18501	6	2	6	11	6	2
ATCG00380	8	8	8	9	6	2
AT1G04217	2	10	6	7	3	4
AT1G38065	13	4	9	4	4	8
AT5G35600	7	9	4	15	21	15
AT3G09032	14	10	3	6	15	3
AT2G27650	16	14	13	12	18	9
AT2G32300	6	0	1	3	3	2
AT1G03920	14	9	6	13	18	19
AT1G66450	0	0	0	0	0	0
AT5G05280	11	9	7	0	3	0
AT3G08860	6	0	5	7	14	5
AT3G11591	11	7	4	12	10	14
AT2G26010	0	1	0	5	15	5
AT2G34925	8	7	6	14	10	3
AT2G48121	5	12	2	7	14	11
AT4G34440	2	6	1	15	12	5
AT1G04907	8	11	9	18	13	20
AT1G50280	1	0	0	1	2	0
AT5G11930	10	9	15	18	13	10
AT5G25110	0	0	0	3	3	2
AT5G49320	0	0	0	0	0	0
AT3G03370	13	8	6	7	10	9
AT2G30760	1	0	0	29	26	15
AT1G05530	0	0	0	0	0	1
AT1G54400	0	0	0	0	0	0
AT1G75620	0	0	0	0	0	0
AT5G03260	0	0	1	0	0	0
AT5G16900	3	0	1	7	3	7
AT5G51920	3	2	4	18	18	19
AT1G06020	10	6	6	11	8	5
AT1G73050	14	14	23	6	1	0
AT3G16920	0	0	0	0	2	0
AT2G28870	3	0	3	5	4	2
AT2G38325	6	5	1	14	5	6
AT4G00780	0	0	0	0	0	0
ATMG00380	0	1	0	1	3	2
AT1G53233	7	5	10	3	4	6
AT1G78750	2	0	1	1	2	2
AT5G11590	8	12	10	5	7	3
AT5G63390	5	5	9	9	8	10
AT3G07900	0	0	0	2	0	0
AT3G13850	3	0	6	6	8	5
AT3G61880	1	1	0	6	5	4
AT4G08400	0	0	0	0	0	0
AT4G06015	19	15	9	16	9	9
10/31/66	11	20	12	8	5	16
AT1G19200	6	11	11	9	3	0
AT5G37793	3	4	4	4	10	2
AT3G17690	8	7	11	18	12	9
AT3G59130	0	0	0	0	0	0
AT2G32270	0	0	0	0	0	0
AT4G33355	6	2	4	4	6	5
AT1G05490	11	7	8	8	13	2
AT5G39471	0	0	0	0	0	1
AT5G40690	0	0	2	4	6	3
AT5G60810	19	11	12	6	3	5
AT3G44460	0	5	1	3	2	2
AT4G13493	6	6	7	8	10	10
AT4G18330	9	13	5	16	25	19
ATCG00360	5	6	7	6	6	3
novel.168	2	6	9	9	7	10
AT1G64690	0	4	0	3	0	0
AT5G50720	0	0	0	0	1	0
AT5G58570	6	6	10	4	3	5
AT2G03821	10	6	3	10	12	13
AT2G46192	7	5	8	4	6	12
AT4G04260	0	4	4	4	6	9
AT4G04710	0	1	1	4	7	3
AT1G03660	2	2	0	2	2	3
AT1G51530	4	9	8	10	7	6
AT3G04010	4	1	8	5	6	1
AT3G06460	0	0	0	0	0	0
AT3G44770	5	3	1	6	3	7
AT3G45530	0	0	0	0	0	0
AT2G44110	0	0	0	0	0	0
novel.176	9	3	4	4	8	6
AT1G49405	4	2	6	9	3	4
AT5G25810	0	0	0	0	0	1
AT3G07070	1	0	0	4	1	2
AT3G52520	5	2	3	9	11	7
AT2G07642	3	7	1	9	16	5
AT2G42850	0	0	0	0	2	0
AT1G21810	0	2	4	4	0	1
AT1G31580	0	2	0	0	2	0
AT5G10660	14	3	2	11	1	2
AT3G19620	2	0	0	0	0	1
AT3G28380	3	1	0	3	5	2
AT2G22088	10	3	5	3	5	7
AT4G14370	0	2	6	2	2	4
AT1G48640	0	0	0	2	4	0
AT1G54530	2	3	6	6	1	1
AT3G10710	0	0	0	0	0	0
AT3G11280	7	9	14	2	1	5
AT3G55970	34	15	27	1	6	4
AT2G34320	3	4	7	18	30	10
AT4G08874	2	4	1	9	11	5
AT4G20953	13	12	3	9	9	16
AT1G07313	17	4	15	8	13	8
AT1G47480	1	3	0	0	0	0
AT5G21080	0	0	0	3	0	0
AT4G23070	8	3	5	3	8	6
AT4G24310	0	0	0	0	0	0
AT1G62980	0	0	0	0	0	0
AT5G07310	12	19	6	9	8	13
AT3G28580	0	0	0	0	0	0
AT3G51200	0	0	0	0	0	0
AT3G55900	17	16	19	4	2	3
AT4G11547	0	0	0	1	0	0
AT4G25950	0	1	0	0	3	0
AT4G30180	2	0	1	1	0	0
AT1G20515	3	9	5	15	12	9
AT1G61550	9	5	10	18	9	10
AT5G02605	7	6	9	7	7	6
AT5G67210	1	4	1	6	7	2
AT2G46860	0	0	0	1	1	0
AT4G04475	4	7	13	20	15	9
AT1G63140	1	3	2	3	2	1
AT3G07275	6	6	8	3	3	11
AT2G03360	0	0	0	3	2	7
AT2G17680	0	0	0	0	0	0
AT2G33100	7	12	11	9	4	6
AT4G04615	3	9	1	22	33	22
AT4G15953	1	8	4	15	7	19
ATMG00580	5	6	1	17	27	7
AT1G13600	20	15	21	0	4	3
AT1G31200	8	3	10	9	5	2
AT1G33475	12	6	4	14	10	7
AT1G51960	5	2	3	2	10	3
AT1G66930	1	0	1	1	0	0
AT1G78030	15	11	6	12	20	12
AT5G36260	1	0	1	2	0	1
AT3G01035	7	2	1	9	4	5
AT3G20590	8	2	3	4	3	3
AT3G24518	10	9	8	24	3	13
AT3G04965	10	3	4	9	10	9
AT3G26830	0	0	0	0	0	0
AT3G49551	13	3	5	3	6	6
AT4G13918	10	7	10	11	11	11
AT3G54700	1	1	3	0	1	1
AT3G62499	20	6	7	15	8	10
AT2G01890	0	0	0	0	0	0
AT2G26211	1	7	1	10	11	9
AT2G37440	0	0	0	4	2	1
AT2G39400	5	1	0	10	5	8
AT1G04013	0	4	2	7	6	4
AT1G01190	9	0	3	5	1	0
AT1G04800	5	0	2	3	11	11
AT1G15415	1	3	1	9	11	9
AT1G17540	5	2	3	6	2	3
AT1G50750	2	0	1	5	4	3
AT3G03625	9	11	9	12	7	6
AT4G08867	3	1	0	22	29	32
AT4G20370	5	5	5	0	1	1
AT4G25250	0	0	0	0	0	0
AT1G14260	5	5	4	3	2	5
AT1G19394	13	4	4	18	5	7
AT1G06267	13	4	6	12	10	15
AT1G78130	9	13	3	5	7	11
AT2G27660	0	0	1	4	1	0
AT2G27880	10	7	9	12	10	5
AT1G76955	1	2	2	3	6	8
AT3G08040	9	2	3	16	5	4
AT3G44580	3	7	0	11	9	5
AT2G35210	4	1	3	5	0	0
AT4G00050	0	0	0	0	0	0
AT4G26415	4	1	0	1	0	4
AT4G38545	2	4	2	4	5	5
ATMG01080	1	1	0	11	7	6
AT1G42980	5	1	7	10	12	4
AT5G45455	14	7	2	12	8	5
AT5G67411	2	0	1	0	0	1
AT3G23110	11	2	3	4	3	10
AT2G46440	11	10	4	1	12	4
AT4G17660	1	4	0	5	4	9
AT4G28703	1	3	1	6	3	4
AT1G04625	2	0	1	3	5	7
AT1G69080	0	0	0	0	0	0
AT1G71770	13	15	12	10	8	10
AT5G01740	1	0	1	0	0	0
AT3G05300	3	6	8	15	15	15
AT3G25130	0	1	1	6	3	1
AT3G44405	12	12	12	9	1	6
AT2G07689	0	0	0	5	8	5
AT2G33140	2	5	2	2	13	6
AT4G03755	4	2	4	9	6	4
AT4G34510	12	9	11	2	0	0
AT1G11450	3	6	2	10	8	8
AT1G16440	3	3	5	2	3	4
AT1G49952	8	1	5	6	6	7
AT1G52990	0	0	0	3	2	0
AT5G04120	0	0	0	0	0	0
AT3G09280	12	8	11	3	10	3
AT3G15760	11	6	3	6	5	5
AT4G36060	26	14	14	9	11	6
AT1G14700	0	0	0	2	1	0
AT1G29200	1	2	3	1	3	1
AT5G10090	5	5	1	14	11	4
AT5G49920	3	5	4	2	7	3
AT5G56050	8	6	5	13	11	17
AT3G23125	7	11	5	7	7	9
AT5G38900	1	0	1	5	0	0
AT5G06565	4	11	4	8	10	9
AT3G06370	7	4	7	13	4	5
AT3G17600	2	4	0	3	11	4
AT2G05180	2	3	0	4	2	4
AT2G14080	3	3	3	8	11	7
AT4G22212	1	0	0	0	0	0
AT4G07205	0	6	0	7	5	5
AT4G34920	2	3	0	2	2	4
AT1G69325	0	0	0	0	0	1
AT5G22410	0	0	0	0	0	0
AT5G25470	7	4	5	10	7	3
AT3G03500	0	0	0	0	2	0
AT3G03085	11	3	0	3	5	10
AT3G16280	1	3	6	7	11	10
AT3G57640	4	6	8	9	5	0
AT2G03770	10	8	4	7	5	10
AT2G35960	0	2	0	2	1	1
AT4G05005	0	0	0	6	5	11
AT4G31615	5	4	1	4	5	0
AT1G52330	0	1	0	6	1	2
AT1G66780	2	0	0	1	0	1
AT1G69900	3	0	1	2	3	2
AT5G21910	6	1	0	2	1	3
AT5G53742	5	7	14	19	18	16
AT3G06260	11	4	1	7	6	5
AT3G18250	0	0	3	4	1	1
AT4G22880	0	0	0	0	0	0
AT4G26170	4	2	1	13	8	6
AT1G04150	16	10	11	5	4	3
AT1G24570	6	1	7	11	5	3
AT1G32910	19	26	9	4	0	1
AT1G53950	0	1	8	4	2	6
AT5G47740	2	0	0	0	0	0
AT4G27850	2	6	1	3	9	5
AT1G14280	2	1	1	4	0	0
AT1G36920	23	1	10	8	4	7
AT1G49990	1	4	1	4	6	2
AT1G61600	3	13	11	12	15	7
AT2G21210	5	2	0	7	5	7
AT2G09170	11	2	3	3	14	5
AT2G40900	0	0	0	1	0	0
AT2G43230	1	1	1	0	0	2
ATMG00040	0	2	3	14	10	6
ATCG00070	2	0	4	4	1	3
AT5G53250	0	0	0	1	0	0
AT5G09190	4	2	12	13	16	7
AT3G01015	5	8	10	5	6	6
AT3G00970	9	3	10	12	20	18
AT2G07667	1	0	2	10	14	8
AT2G23690	2	0	1	1	0	0
AT1G70470	3	7	4	5	12	5
AT5G03355	1	0	0	0	1	0
AT2G22190	1	0	0	1	0	0
AT4G31230	6	2	5	10	2	1
AT2G07599	5	1	3	9	12	11
AT2G15029	0	0	3	1	2	4
AT2G40250	3	1	2	1	3	3
AT2G09305	13	6	5	11	8	7
AT4G12450	2	4	2	4	11	9
AT4G16270	4	8	5	8	1	9
AT4G22900	0	0	0	4	2	1
AT1G26600	11	1	10	3	5	0
AT5G00910	15	11	19	5	6	10
AT5G53048	12	10	11	6	4	6
AT4G05845	19	5	11	7	5	6
ATCG00390	5	3	10	2	8	8
AT1G67020	4	5	6	8	17	5
AT1G77640	3	4	0	4	7	5
AT5G66740	3	3	3	4	2	7
AT3G26840	12	13	19	0	3	0
AT3G59730	0	0	0	0	0	0
AT3G60415	2	0	0	4	1	0
11/29/01	8	11	3	12	15	17
AT1G73700	17	15	13	8	5	5
AT3G13610	1	1	1	1	0	1
AT3G13857	8	14	9	22	33	16
AT3G21210	0	0	0	3	0	0
AT3G24300	0	0	4	3	6	3
AT3G29000	8	8	7	9	11	7
AT3G57500	6	11	5	4	2	4
AT2G34030	7	3	4	3	2	6
AT1G02430	7	11	6	8	4	5
AT1G47271	0	0	0	0	0	0
AT1G77765	0	0	2	6	4	7
AT3G04065	6	5	9	17	17	9
AT2G08350	15	14	5	13	6	10
AT5G05960	26	4	7	6	2	7
AT5G02415	5	3	8	4	3	7
AT3G14850	0	2	0	0	0	0
AT2G32030	3	0	0	2	0	0
AT2G34210	2	1	1	23	14	16
AT1G05143	9	2	10	11	8	4
AT1G26890	3	6	6	9	13	5
AT1G50350	11	4	4	14	12	9
AT5G19240	2	0	0	1	0	0
AT2G20700	5	3	2	8	8	2
AT2G34224	7	10	6	15	4	11
AT1G16160	2	1	2	0	9	3
AT1G50732	5	1	5	6	4	5
AT1G52200	2	1	1	0	0	0
AT1G58215	5	3	3	5	12	9
AT1G62490	11	8	6	5	3	1
AT5G03960	0	0	0	0	0	0
AT5G12960	10	5	10	3	6	3
AT5G19230	0	0	1	1	4	0
AT5G40330	0	2	0	2	0	0
AT1G60360	0	0	0	0	0	0
AT3G09550	2	1	1	8	10	5
AT3G11660	1	4	1	0	3	1
AT2G24400	10	7	4	8	7	7
AT4G34300	15	8	8	10	6	5
AT1G14455	4	1	4	11	10	1
AT1G15772	11	11	4	9	10	18
AT1G16905	0	0	0	0	0	0
AT1G27565	9	7	6	12	14	12
AT5G61340	2	0	0	1	1	0
AT3G54730	3	8	5	15	7	5
AT2G24870	14	12	3	8	9	5
AT4G08870	1	0	0	1	2	0
AT4G12090	12	3	10	7	8	4
novel.117	6	16	9	12	14	4
AT1G12260	7	2	4	2	2	5
AT1G58310	14	14	6	15	10	19
AT1G65240	2	6	5	16	8	12
AT3G56600	6	6	10	9	11	3
AT2G19440	1	1	1	0	4	1
AT2G42730	4	1	0	4	8	8
AT4G15500	0	0	1	0	0	0
AT1G34317	1	0	0	5	0	2
AT1G54957	2	0	2	1	1	3
AT5G48430	0	0	0	0	0	3
AT3G24600	6	5	2	13	7	3
AT2G33010	8	7	10	6	2	17
AT4G15350	0	0	0	0	0	0
AT1G55800	9	2	3	12	5	8
AT1G56320	6	3	8	6	9	1
AT1G61290	9	3	10	13	6	3
AT2G27120	8	3	2	3	3	2
AT2G34540	1	0	0	0	2	1
AT1G13420	0	1	1	0	0	0
AT1G06483	1	2	0	9	13	6
AT5G03390	0	1	1	2	5	5
AT5G59060	10	9	12	6	9	1
AT5G62380	1	0	0	1	0	0
AT3G52530	5	5	10	7	9	9
AT2G35420	9	5	9	9	8	4
AT5G01120	8	4	8	3	2	8
AT5G56810	8	13	7	4	6	4
AT3G15740	6	7	1	5	5	5
AT3G25760	3	1	0	1	0	0
AT4G00975	4	5	8	16	10	12
AT1G05043	6	7	6	5	2	7
AT1G59218	4	12	6	6	6	14
AT2G33460	4	3	1	4	3	5
AT4G13575	10	3	8	9	7	15
AT4G21230	2	5	6	6	4	2
AT4G30230	2	3	0	3	2	1
AT3G22800	1	0	0	1	0	0
AT3G51075	10	3	9	3	6	6
AT3G60580	2	0	6	2	3	0
AT4G13570	12	6	3	9	11	7
AT1G18870	0	0	0	0	1	2
AT5G01545	9	3	6	2	6	10
AT5G47670	10	5	7	4	5	9
AT3G27500	4	2	4	7	10	7
AT2G35200	8	11	5	12	10	13
AT2G35382	16	17	5	4	14	5
AT4G20235	18	11	12	5	7	7
AT1G04330	2	0	8	0	3	4
AT5G28370	10	9	9	14	11	4
AT5G61455	3	6	8	19	9	11
AT5G65340	0	0	0	2	0	0
AT3G50120	0	0	0	0	0	0
AT3G56620	9	12	8	3	5	6
AT2G23410	0	0	0	0	0	0
AT4G24413	13	8	9	3	6	3
ATCG00160	9	5	5	6	8	3
ATCG00330	2	5	0	4	4	3
AT1G21210	1	3	6	6	10	9
AT1G30850	0	0	0	0	0	0
AT1G71930	5	5	9	5	10	7
AT5G45240	3	3	0	7	3	5
AT5G49780	5	5	3	0	1	0
AT5G64810	7	7	2	5	4	4
AT3G19370	2	0	2	5	6	12
AT4G27654	8	13	6	3	20	15
AT1G02530	7	6	3	5	7	6
AT5G49305	4	6	10	15	16	9
AT3G22090	8	10	23	8	6	1
AT3G47660	3	4	3	14	8	6
AT3G55515	0	0	2	0	0	0
AT4G02140	4	2	2	3	0	2
AT5G12180	1	2	0	2	4	0
AT3G19090	0	1	1	0	3	0
AT3G48850	2	7	8	14	12	4
AT2G07722	1	2	1	12	5	21
AT1G19840	2	3	8	3	8	0
AT1G06687	6	2	0	7	13	12
AT1G64380	0	0	0	0	2	0
AT5G15845	6	10	11	8	3	11
AT5G22660	1	0	0	2	2	0
AT5G51530	11	5	7	12	10	6
AT3G59830	2	0	0	1	2	3
AT4G16892	5	2	1	11	5	10
AT1G06540	0	0	1	1	2	1
AT5G01675	6	13	7	6	15	11
AT5G41160	5	3	5	8	10	9
AT3G29970	0	0	0	8	3	2
AT3G30725	0	0	8	0	0	0
AT2G17010	5	3	5	13	7	7
AT2G28650	9	3	4	3	3	9
AT4G18195	5	6	3	7	4	7
AT4G27580	4	1	0	0	1	1
AT1G18880	1	0	0	2	0	0
AT5G03020	3	5	3	10	6	5
AT5G04065	6	5	3	10	13	5
AT5G27940	8	7	4	13	14	8
AT4G13000	2	10	5	3	0	3
AT4G38215	11	10	6	5	10	6
ATMG01350	2	0	1	6	11	4
AT1G12340	0	2	1	2	0	0
AT1G52565	3	1	1	2	3	2
AT5G25755	8	7	3	12	5	17
AT5G59360	4	7	4	8	1	8
AT5G61260	1	0	2	0	2	4
AT3G62040	4	7	4	6	2	5
AT4G32860	1	0	3	11	8	6
AT1G28610	0	4	2	1	0	3
AT1G75720	2	4	1	0	3	1
AT5G12880	3	1	0	0	0	0
AT5G07455	5	3	15	9	14	14
AT5G54690	1	0	1	3	0	1
AT3G26210	1	0	0	3	0	2
AT3G27710	7	6	9	9	10	10
AT2G05810	1	1	2	6	8	5
AT2G19582	0	6	4	6	10	4
AT4G08990	13	8	6	14	10	10
AT4G20707	9	9	4	9	10	18
AT4G21902	0	0	1	0	1	1
AT4G29800	1	2	2	2	2	2
AT1G01046	8	0	6	5	18	4
AT1G13700	4	1	2	13	7	11
AT5G18636	2	1	4	16	13	15
AT5G38790	7	3	1	0	1	1
AT5G41860	2	4	1	6	2	6
AT3G01313	2	4	4	10	18	7
AT3G11840	0	2	4	3	5	4
AT2G35075	5	1	6	3	1	3
AT4G03950	20	10	6	13	8	5
ATCG00720	5	6	1	2	0	0
novel.155	0	0	0	0	0	0
AT1G01310	5	5	7	3	1	11
AT1G09170	0	0	1	0	0	0
AT3G44700	4	6	1	1	2	1
AT2G07695	0	4	5	23	12	17
AT2G15760	0	2	0	0	0	0
AT2G18640	1	0	1	2	2	1
AT2G32670	8	3	4	2	7	7
AT4G10370	0	0	0	0	0	0
AT1G20120	0	2	1	8	6	3
AT5G49200	5	7	6	14	14	8
AT5G55650	9	4	11	3	8	3
AT3G12750	1	3	1	2	3	5
AT3G19184	0	0	0	1	0	6
AT3G52840	0	0	0	5	5	3
AT4G06265	4	1	5	1	4	5
AT4G26020	11	6	5	5	3	3
AT4G27790	2	0	0	3	0	0
AT4G08625	11	11	7	4	11	10
AT1G16110	0	0	0	0	0	0
AT5G02140	22	2	12	16	7	8
AT3G24982	11	9	3	2	7	10
AT4G19980	9	7	8	5	18	6
AT1G04197	2	7	4	5	13	5
AT1G04827	14	1	3	8	8	5
AT1G28550	1	7	2	1	4	9
AT1G49310	2	0	2	9	11	4
AT1G08857	6	6	8	9	7	2
AT5G17220	3	1	1	3	0	0
AT5G53730	2	4	3	20	10	10
AT3G25640	0	0	0	0	5	4
AT3G42148	1	0	1	10	12	6
AT3G44570	9	10	4	5	3	4
AT2G36355	4	9	5	5	7	6
AT2G46430	0	2	1	3	0	6
AT1G02030	6	2	7	1	1	3
AT1G15385	0	6	1	4	7	6
AT5G01495	4	6	9	13	8	5
AT5G18910	2	2	1	3	5	2
AT5G36670	43	3	19	5	3	7
AT5G64910	6	5	9	2	5	4
AT5G65790	0	0	0	3	1	2
AT3G44800	4	4	4	6	8	5
AT3G48010	0	1	1	8	3	5
AT2G07671	0	2	0	4	4	3
AT1G71030	9	2	2	0	3	0
AT3G55860	1	10	11	18	23	13
AT2G03600	6	7	0	10	9	2
AT2G09225	2	1	2	4	2	5
AT2G42065	7	10	11	13	13	11
AT4G06534	0	0	0	3	1	0
AT1G05173	20	6	12	1	5	10
AT5G12870	0	0	0	0	0	0
AT5G44130	0	0	0	3	0	0
AT4G01533	4	1	1	0	2	1
AT4G11950	5	4	6	4	5	8
AT1G13830	2	2	1	0	1	1
AT1G75030	3	1	4	3	3	3
AT3G11870	11	13	20	2	2	5
AT3G15518	2	0	4	5	5	2
AT2G04365	4	5	5	5	10	20
AT2G14210	7	7	6	16	9	10
AT2G29360	2	0	1	0	1	1
AT4G14640	0	0	0	0	0	0
AT1G27640	3	6	11	5	18	5
AT1G77235	7	2	3	8	2	3
AT5G01790	2	0	2	2	0	2
AT5G56620	4	7	7	4	18	4
AT3G06970	6	8	12	11	11	6
AT2G44995	6	1	1	1	2	3
AT4G05590	0	0	1	5	1	2
AT4G34780	8	10	6	0	7	4
AT4G35295	2	8	4	7	18	10
AT4G38840	0	0	0	1	3	0
AT4G40020	9	3	0	6	14	2
ATMG09980	1	3	1	6	4	7
AT1G31772	3	3	2	8	1	5
AT1G50390	3	1	3	7	3	8
AT5G14860	1	4	1	0	0	0
AT5G42710	2	1	0	0	3	2
AT2G25160	0	0	0	0	0	0
AT2G37430	0	0	3	1	3	0
AT5G16453	12	6	6	11	9	15
AT5G16490	0	0	0	0	0	0
AT5G50260	8	3	2	11	21	7
AT5G54030	4	0	1	0	0	0
AT3G09005	4	5	1	4	0	9
AT2G05365	1	4	0	20	22	10
AT2G11522	0	0	0	8	6	8
AT2G31900	5	5	1	2	1	4
AT2G32160	7	2	0	1	2	0
AT2G42760	1	5	0	5	5	2
AT4G03295	7	8	5	9	18	17
AT4G20210	3	3	0	0	0	0
AT4G22666	0	0	0	0	0	0
AT1G66190	0	0	0	0	0	0
AT1G09647	4	6	4	10	5	10
AT5G00865	6	11	10	4	10	1
AT5G40380	0	0	0	1	0	3
AT3G21080	2	0	0	2	1	3
AT3G21260	0	0	0	6	0	2
AT3G04275	9	10	7	7	8	10
AT2G10260	12	5	6	14	8	11
AT2G40320	1	0	0	0	5	3
AT2G46495	0	0	0	1	0	0
ATMG00200	1	1	1	5	14	2
AT1G57790	4	3	9	2	6	2
AT1G09447	6	6	2	9	8	2
AT1G76870	10	2	8	5	3	3
AT1G77145	13	4	6	9	19	11
AT5G01640	6	7	8	2	7	3
AT5G61412	1	4	5	1	5	3
AT3G20640	4	5	4	7	2	1
AT3G47540	0	0	0	3	3	4
AT3G50010	4	7	3	4	10	7
AT3G62160	4	6	10	4	9	3
AT2G23347	6	2	3	15	6	6
AT4G13266	0	0	0	0	0	0
novel.163	5	6	7	8	6	7
AT1G31095	9	3	1	6	7	8
AT1G72930	1	2	6	2	1	4
AT5G01280	2	0	0	1	4	0
AT3G03605	12	3	6	4	1	8
AT3G08220	2	5	1	10	6	9
AT4G19530	12	14	12	3	1	2
AT5G04630	10	8	8	8	8	3
AT5G61350	0	2	2	1	1	4
AT3G14950	0	0	0	0	2	0
AT3G25719	0	0	6	1	4	1
AT2G18420	0	0	0	5	4	5
AT2G38890	4	0	1	3	0	2
AT4G07635	4	12	7	2	8	9
AT4G28500	0	0	0	1	0	0
novel.119	10	1	7	10	7	14
AT1G72270	8	8	11	15	4	13
AT1G79330	0	0	0	1	1	1
AT2G09490	3	0	5	13	11	10
AT4G08868	9	13	9	11	7	6
AT4G08165	12	4	4	5	4	8
AT1G04473	13	13	5	8	6	4
AT1G28840	3	4	4	5	8	2
AT1G72960	0	0	3	2	2	0
AT1G75295	6	4	6	4	7	3
AT5G51990	3	5	0	0	1	0
AT2G29125	2	5	3	4	0	0
AT4G23700	0	2	0	0	1	0
AT1G06173	15	1	15	7	7	9
AT1G62690	3	9	8	2	2	7
AT1G65200	9	3	10	6	11	6
AT5G51930	0	0	0	0	0	0
AT3G03225	0	1	0	1	0	0
AT3G55550	2	6	2	9	4	11
AT2G16990	3	0	4	0	0	0
AT4G36000	8	9	4	6	2	4
AT4G39580	0	1	1	0	5	2
AT5G42146	0	0	1	0	3	0
AT5G52600	3	3	1	2	2	4
AT3G47040	1	0	0	6	9	5
AT2G03965	2	1	5	14	14	13
AT2G19190	0	0	0	1	1	0
AT2G31945	2	0	2	15	13	4
AT4G16860	3	0	0	6	5	1
AT4G22490	0	0	0	0	0	0
AT1G54560	8	5	7	1	3	1
AT1G71150	9	6	6	8	11	5
AT5G64110	0	0	0	0	0	0
AT3G11570	3	1	3	7	2	0
AT2G09195	0	0	0	2	2	3
ATMG00480	0	1	0	9	9	5
10/31/90	4	9	4	6	7	9
AT1G04347	12	5	6	6	8	4
AT1G50745	0	0	0	2	0	2
AT1G64400	0	2	2	0	2	1
AT5G10890	1	0	0	1	4	1
AT5G46650	2	2	5	1	7	0
AT5G47350	8	5	5	8	9	5
AT5G63850	0	0	0	0	0	0
AT3G55210	5	0	0	2	1	3
AT3G59010	1	5	5	6	3	6
AT1G21520	2	2	2	5	8	5
AT1G57750	0	0	0	0	0	0
AT3G02495	4	4	11	8	3	4
AT3G25570	0	0	0	0	0	0
AT2G28610	4	3	7	3	5	3
AT2G37362	6	6	7	7	6	7
AT2G44195	5	0	4	1	5	4
AT1G04563	7	4	7	2	3	6
AT1G11070	4	6	1	5	3	5
AT1G13430	0	0	0	0	0	0
AT1G18280	3	5	2	9	12	4
AT1G72140	0	0	0	0	0	0
AT5G11290	3	1	2	3	2	6
AT5G23660	0	0	0	0	0	1
AT5G41740	0	2	2	1	0	2
AT2G31220	2	11	4	3	12	7
AT4G33666	1	3	1	4	19	7
ATMG00290	1	0	0	4	4	9
ATCG01100	5	12	5	7	7	2
AT1G06320	4	2	3	6	8	1
AT1G54215	8	10	7	3	4	3
AT5G21430	0	0	0	0	1	0
AT5G24090	0	0	0	0	0	0
AT5G46950	0	0	0	0	0	0
AT3G54490	6	7	7	0	1	4
AT2G03550	0	0	0	1	0	0
AT1G16022	0	0	2	0	1	0
AT1G35515	18	14	2	5	3	2
AT2G05812	3	9	2	7	5	3
AT2G26515	4	1	2	1	1	2
AT4G27980	1	6	9	8	6	4
ATMG01275	1	4	0	10	5	7
AT1G70720	3	0	0	3	0	4
AT5G02730	13	4	5	11	13	14
AT5G09443	14	8	11	9	5	6
AT5G09530	0	2	2	0	4	0
AT5G14360	2	8	2	0	1	0
AT5G24640	0	1	2	11	18	8
AT2G18560	0	0	0	0	2	0
AT2G30820	1	0	3	0	0	0
AT4G00920	18	23	23	1	1	0
AT1G10710	12	7	8	6	8	1
AT5G03885	0	0	0	0	0	0
AT5G09585	15	14	10	11	16	8
AT5G25040	0	0	4	0	0	1
AT5G26970	3	0	1	8	10	6
AT5G54240	0	0	0	0	1	0
AT5G61620	2	0	6	15	10	9
AT3G18200	0	0	0	0	0	0
AT3G26500	0	0	3	2	1	1
AT3G46070	3	3	1	26	13	12
AT2G20800	5	3	1	0	0	1
AT2G37555	5	8	8	3	7	10
AT4G11530	1	2	1	0	1	0
AT4G18430	0	0	0	0	0	0
AT4G27290	0	0	0	0	2	0
ATCG00580	4	3	5	2	0	2
AT3G17130	0	0	2	0	0	0
AT3G49480	1	4	5	1	2	2
AT2G03310	3	4	7	10	12	7
AT2G03710	3	2	10	6	4	2
AT2G05350	5	4	4	2	1	9
AT2G20142	1	0	0	0	1	4
AT2G21188	0	0	0	0	0	0
AT4G15270	2	5	1	2	3	1
AT4G25719	9	5	6	2	4	8
AT1G75250	10	9	10	0	0	0
AT3G14770	0	0	0	0	0	0
AT2G07641	5	0	2	3	11	14
AT1G04477	9	4	6	9	7	9
AT1G53340	0	3	0	0	2	1
AT1G76240	0	0	0	0	0	0
AT5G02210	1	0	1	0	0	0
AT5G26730	0	0	0	0	0	2
AT5G63240	7	20	17	8	2	1
AT3G02020	3	7	2	5	8	1
AT3G13680	3	3	1	5	7	10
AT3G46150	5	4	1	3	9	4
AT2G02835	6	1	2	9	6	9
AT2G43137	3	12	7	10	6	4
AT4G03500	2	0	0	1	0	5
AT4G06340	12	5	4	8	1	10
AT4G24120	0	0	0	0	0	0
AT1G06750	4	7	4	11	1	9
AT1G78840	5	6	0	14	6	5
AT1G80745	2	3	4	3	2	0
AT5G20240	3	6	7	3	2	3
AT5G44286	9	3	4	7	11	7
AT3G14760	0	0	0	1	2	0
AT3G48320	3	2	0	3	3	3
AT2G23190	6	6	16	9	4	4
AT2G08045	6	7	8	13	10	16
10/31/52	1	1	2	8	1	6
novel.160	9	7	3	12	6	1
AT1G02800	5	4	3	2	2	0
AT1G15320	1	0	0	0	2	2
AT1G25054	11	6	10	19	2	0
AT1G56710	8	3	3	14	10	16
AT5G36960	9	4	7	7	9	12
AT3G59120	0	0	0	0	0	0
AT2G04065	8	9	7	9	2	5
AT2G20520	0	0	0	0	2	0
AT2G29410	0	0	2	3	1	0
AT2G42340	0	1	4	3	0	0
11/3/01	0	1	0	0	1	0
AT1G21320	1	9	1	1	1	0
AT5G07080	0	0	0	0	0	0
AT5G37050	5	4	3	2	4	1
AT5G40630	1	5	9	3	5	2
AT5G41750	2	2	2	4	2	3
AT5G49525	0	0	0	2	0	1
AT5G50335	0	0	0	0	0	0
AT3G30842	1	2	4	12	11	11
AT3G50150	0	0	0	0	0	0
AT2G23840	5	1	2	4	1	6
AT4G23260	0	0	0	1	0	1
AT4G07250	12	5	13	9	4	9
AT4G33810	5	6	0	7	8	3
AT1G13370	3	4	7	4	3	9
AT1G09267	3	5	3	5	7	0
AT5G11210	0	0	0	0	0	0
AT5G17030	0	0	0	0	0	0
AT5G39715	0	0	0	1	0	0
AT5G42380	3	5	3	19	12	6
AT5G64870	1	2	0	14	14	7
AT3G18360	1	0	4	4	5	9
AT3G52720	0	2	0	1	0	2
AT2G20550	9	3	5	4	5	8
AT4G16260	6	11	4	2	1	2
AT4G07855	5	1	6	2	7	4
AT1G16130	1	0	2	6	6	3
AT5G45320	1	1	0	0	0	0
AT5G46940	0	1	0	0	0	0
AT3G57720	4	8	3	1	6	1
AT2G46400	2	0	2	10	7	10
AT4G12900	5	3	3	3	1	1
AT4G21390	1	1	1	12	1	4
AT4G25310	3	1	1	4	8	2
AT4G37220	5	1	1	2	3	2
AT1G73640	3	0	1	2	2	3
AT5G25995	3	3	2	5	4	2
AT5G28920	8	1	1	10	3	5
AT3G06495	6	3	1	2	5	5
AT4G02465	6	7	5	3	12	6
AT4G13190	6	4	6	14	7	11
AT1G70990	0	0	0	3	1	0
AT5G25250	1	1	0	6	5	15
AT3G05450	5	4	2	7	7	4
AT3G45000	13	11	19	4	2	10
AT3G54530	14	0	4	9	3	10
AT2G08530	16	7	6	3	4	5
AT2G33051	9	4	3	4	6	4
AT1G05610	1	1	0	0	1	2
AT1G18415	4	0	5	2	2	3
AT1G66920	1	3	2	6	4	3
AT5G08210	7	9	5	12	2	4
AT5G24900	0	2	0	0	0	0
AT3G09620	1	6	9	7	12	12
AT2G07652	0	0	0	8	8	3
AT2G06705	8	4	6	1	3	0
AT2G20510	1	2	1	3	6	0
ATCG00420	7	2	2	2	3	1
AT1G10225	1	2	1	0	0	0
AT5G17960	7	7	3	3	1	1
AT5G57340	15	4	1	1	1	2
AT5G08850	11	15	4	9	6	4
AT5G60180	5	12	2	4	0	2
AT3G11640	6	5	3	8	13	14
ATCG00065	5	2	1	0	5	6
AT1G04047	3	2	0	6	5	6
AT1G18290	2	3	4	7	9	4
AT1G58340	0	0	0	0	0	0
AT1G71002	0	1	0	1	0	1
AT1G71160	0	2	1	9	11	3
AT1G73860	4	2	1	2	0	0
AT5G00985	4	6	3	4	7	1
AT5G25880	4	2	2	3	4	1
AT5G61550	5	2	2	0	0	1
AT5G63600	0	0	0	0	0	0
AT3G22410	2	1	4	3	3	8
AT3G47100	3	2	6	4	5	5
AT2G02020	2	1	1	2	0	5
AT4G03610	0	0	0	0	0	2
AT4G11590	0	0	0	1	2	0
AT5G07450	0	0	0	0	0	0
AT3G54085	7	7	1	3	4	9
AT4G28085	0	0	0	0	0	0
AT1G24620	0	0	0	0	0	0
AT1G54355	5	7	2	7	4	1
AT1G77855	1	1	2	7	6	2
AT5G26190	0	0	0	0	0	0
AT3G05995	3	3	3	7	4	0
AT3G45110	0	0	0	1	2	0
AT3G60280	0	0	0	0	0	0
AT2G37870	0	0	0	0	0	0
AT4G34210	2	2	2	3	0	5
AT1G17235	7	4	1	5	6	3
AT1G23760	0	0	3	4	9	3
AT1G06277	4	4	6	5	3	8
AT1G36922	11	15	6	4	4	2
AT4G14020	1	1	1	4	2	1
AT1G18140	4	0	2	1	6	2
AT1G29290	0	1	2	0	1	0
AT1G68180	0	0	0	0	0	0
AT1G72220	1	2	0	3	1	1
AT5G01100	0	1	0	5	1	3
AT5G38743	18	3	2	10	6	11
AT3G18900	12	5	5	12	5	4
AT4G08263	14	9	11	7	11	17
ATCG01010	3	6	5	7	4	2
AT1G47510	1	0	0	0	4	0
AT1G07517	11	6	5	4	4	9
AT1G51220	17	6	3	10	3	4
AT5G24920	0	1	0	1	0	0
AT3G27510	0	0	0	0	0	0
AT2G28140	6	2	1	4	1	0
AT2G29710	2	3	7	4	11	3
AT4G12470	2	1	0	0	1	5
ATCG00400	5	8	2	0	4	2
AT1G11303	4	1	5	10	4	7
AT1G19330	1	1	0	1	3	1
AT1G06273	8	5	2	1	5	4
AT1G07877	1	5	3	5	6	2
AT1G79180	0	0	0	0	0	0
AT5G11410	1	2	5	0	1	0
AT5G19560	1	2	2	0	2	0
AT5G38020	0	0	0	0	0	0
AT5G62400	0	0	0	1	0	3
AT5G65870	0	0	3	6	2	0
AT5G66595	5	0	4	9	11	10
AT3G03290	0	0	0	0	0	0
AT3G59400	1	5	5	4	6	1
AT3G09955	10	5	7	5	8	8
AT2G43550	4	3	4	12	2	3
AT4G03505	3	2	2	3	7	1
AT4G31610	0	2	0	7	1	8
AT1G04547	7	2	7	7	5	4
AT1G14190	0	2	0	0	0	0
AT1G23560	0	0	0	2	0	0
AT1G24480	0	0	0	4	7	8
AT1G07653	3	8	8	3	8	8
AT1G66600	2	6	1	6	16	8
AT1G76480	5	4	9	4	6	2
AT5G38750	12	2	4	6	13	3
AT5G50443	0	0	0	0	0	0
AT5G58170	2	3	3	2	3	3
AT5G59940	0	0	0	5	3	0
AT3G10470	0	0	1	0	0	0
AT3G44265	2	3	9	7	15	10
AT2G02061	1	1	4	5	1	3
AT2G26290	1	1	0	3	6	6
AT2G32770	1	2	3	2	3	0
AT4G08430	6	7	14	12	1	5
AT4G09649	9	15	4	6	7	5
AT4G12330	0	0	1	0	0	0
AT4G06075	7	4	9	2	5	3
AT4G14165	1	5	5	12	5	7
AT4G31970	0	1	0	0	1	2
AT4G34770	18	11	24	10	5	3
AT5G00825	3	0	1	0	0	0
AT5G17470	12	9	21	0	0	0
AT5G18090	4	0	1	4	2	0
AT3G15534	0	0	0	1	1	0
AT3G46900	0	0	1	0	0	0
AT4G03460	2	0	3	3	7	5
AT4G13260	0	0	0	0	0	0
AT4G17245	1	1	1	2	1	0
AT4G20110	0	1	3	3	12	2
AT4G37150	0	0	0	0	1	0
AT1G06463	3	11	11	6	3	5
AT1G56060	1	4	4	5	8	6
AT1G75600	8	3	5	4	13	2
AT5G08235	2	5	9	10	4	8
AT2G28110	0	0	1	0	0	0
AT2G09025	0	1	4	8	5	10
AT4G25860	0	0	0	0	0	1
ATCG00080	2	1	2	1	2	2
ATCG00500	1	1	3	10	4	2
AT1G17960	15	2	7	1	0	1
AT1G25460	0	0	4	8	7	4
AT1G75700	5	4	2	0	0	3
AT1G76800	0	1	0	0	2	0
AT5G47470	6	6	7	9	5	10
AT5G09195	3	0	1	13	8	5
AT3G49930	0	0	0	0	0	0
AT2G02030	0	3	5	8	6	0
AT2G23945	4	2	4	3	6	7
AT1G06330	0	0	0	1	0	0
AT1G31740	0	0	0	0	1	0
AT1G07143	0	0	1	3	0	2
AT1G07327	7	1	3	9	7	11
AT5G09700	1	1	1	0	3	2
AT5G38160	0	0	0	2	2	7
AT2G31910	19	5	0	0	5	8
AT2G33020	0	0	2	0	4	0
AT1G26360	1	1	0	0	2	0
AT1G63520	0	0	1	0	0	0
AT5G42800	0	0	0	1	0	0
AT3G26742	15	5	2	19	7	20
AT3G53310	2	3	1	6	2	2
AT4G07835	0	0	0	11	4	3
AT4G09890	2	0	0	4	2	2
AT4G05840	6	5	7	3	8	8
AT4G24700	2	2	2	1	4	3
AT1G24400	0	0	0	3	0	1
AT5G46115	2	11	1	0	2	1
AT5G60650	0	0	0	0	0	2
AT3G14140	7	0	6	1	8	2
AT2G07950	6	4	2	9	4	1
AT2G34370	4	5	4	9	3	8
AT4G10200	10	3	2	4	5	4
AT4G10613	5	5	3	6	6	2
AT4G31910	0	0	0	0	1	0
AT1G28820	2	5	6	2	8	6
AT1G28830	4	6	5	4	7	10
AT1G71910	3	7	12	3	9	7
AT1G74440	6	5	4	1	4	1
AT5G41071	6	5	5	8	6	6
AT3G01795	0	4	2	4	7	1
AT3G19230	4	2	1	5	2	3
AT3G23060	2	2	2	1	1	0
AT3G55940	1	1	0	0	0	2
AT2G11851	4	4	6	6	5	3
AT2G34500	1	4	2	5	6	2
AT4G21760	2	2	2	1	3	4
AT4G31680	5	4	4	4	4	1
AT1G05383	0	1	4	13	12	5
AT1G28040	0	0	1	1	0	0
AT1G30950	1	0	1	0	0	2
AT1G45240	3	3	6	6	3	3
AT5G03475	1	0	0	4	4	2
AT5G54067	2	4	4	4	6	7
AT5G66830	5	2	4	5	0	7
AT3G04181	3	4	4	0	0	3
AT3G25790	0	0	0	0	0	0
AT3G45660	1	0	0	1	0	2
AT3G57440	4	0	0	5	1	1
AT2G18938	4	7	2	5	6	2
AT2G40180	1	1	0	1	6	6
AT2G09455	6	2	2	6	4	2
AT4G00955	5	6	2	0	1	0
AT4G06770	2	1	4	9	3	7
AT4G19095	5	0	5	7	3	2
10/31/72	0	0	0	0	0	0
AT1G05100	3	1	3	0	1	4
AT1G76250	0	1	1	0	5	2
AT1G76952	4	7	13	8	9	5
AT5G10605	11	5	5	5	5	8
AT5G11140	0	0	1	2	0	3
AT5G44063	0	1	5	7	7	2
AT3G10560	5	6	3	1	5	3
AT3G10605	1	3	1	2	3	0
AT2G04190	1	0	2	0	0	3
AT4G25410	3	0	3	8	7	1
AT4G30640	0	2	0	0	0	0
ATCG00100	4	1	2	3	1	2
AT1G48670	2	0	0	0	0	0
AT1G76640	0	0	3	1	0	0
AT5G60720	0	0	0	0	0	0
AT1G19565	1	0	1	0	2	5
AT1G21620	0	1	1	0	2	1
AT1G65481	0	0	0	0	0	0
AT1G76470	0	3	1	2	4	0
AT5G48657	0	0	0	0	2	0
AT5G50640	1	3	5	3	2	1
AT3G04854	0	0	0	1	2	0
AT3G07825	1	1	1	3	9	2
AT2G27250	15	10	9	2	4	7
AT4G26466	8	1	2	1	3	0
AT1G06693	3	1	1	8	4	12
AT1G53633	0	0	0	4	5	2
AT5G07560	0	0	0	19	25	15
AT3G14452	8	9	5	1	6	2
AT3G28880	0	0	3	8	1	6
AT4G02075	1	2	1	0	0	0
AT4G37140	1	1	0	1	1	4
AT4G38530	4	4	2	2	0	1
11/24/01	0	0	0	2	0	0
AT1G76410	9	4	5	0	2	4
AT5G14470	1	2	1	14	8	7
AT3G30770	4	2	4	7	7	8
AT3G49860	3	3	1	2	3	2
AT2G30670	0	0	0	0	0	0
AT4G34470	3	5	4	3	6	12
ATMG00130	3	1	0	4	2	3
AT1G08035	2	4	1	10	3	9
AT1G13608	0	0	0	0	0	2
AT1G36940	0	0	2	0	1	1
AT1G57560	0	0	0	0	0	0
AT5G08875	1	4	0	4	4	2
AT3G24640	6	5	3	4	2	2
AT3G08115	6	5	4	3	8	1
AT2G39410	14	16	7	2	3	7
AT4G11290	0	0	0	0	0	0
AT4G14580	8	3	17	4	2	2
AT4G28530	1	0	0	3	2	0
AT1G03545	7	5	10	7	4	5
AT1G27160	0	0	1	3	0	4
AT1G48100	0	0	0	7	3	0
AT1G61795	1	0	5	1	2	1
AT5G09570	1	1	1	3	4	8
AT5G18730	1	3	2	5	5	0
AT5G54950	1	1	0	0	1	3
AT3G17070	0	0	0	0	0	0
AT3G20160	0	0	0	0	0	0
AT2G07763	4	0	1	6	3	13
AT2G44370	0	0	0	0	0	1
AT2G46670	0	1	2	3	6	4
AT4G06310	11	6	2	5	4	1
AT4G22070	0	0	0	0	0	0
AT4G28485	0	1	0	2	0	0
AT4G37940	0	0	0	0	0	1
ATCG00430	2	1	1	2	2	5
AT1G33770	1	0	2	2	13	1
AT1G70020	0	2	3	6	6	6
AT1G77780	0	0	0	0	0	0
AT5G04785	3	3	0	4	2	6
AT5G06475	17	21	24	0	0	0
AT3G14560	1	0	1	2	0	0
AT3G43505	0	0	0	0	1	2
AT3G50990	0	0	0	2	1	1
AT3G59880	1	1	2	1	5	0
AT2G08635	2	1	5	4	2	4
AT2G46840	0	3	1	1	0	4
AT1G04533	2	4	4	6	2	4
AT1G51830	0	0	0	0	0	0
AT1G53625	1	0	0	9	8	2
AT5G59100	0	0	0	1	0	0
AT3G56500	0	3	2	0	2	2
AT3G63050	0	2	0	0	2	1
AT2G08725	3	5	7	6	2	3
AT2G40955	7	2	2	4	3	8
AT4G26030	8	12	9	8	5	4
AT4G26440	4	2	2	2	4	2
AT4G28850	0	0	0	0	0	0
AT4G08305	2	5	8	5	1	5
AT1G27080	0	2	1	8	1	2
AT1G52700	0	0	0	1	0	0
AT1G64100	2	4	1	3	2	3
AT1G75945	3	7	7	7	6	5
AT1G78120	0	2	0	0	1	1
AT5G37240	4	1	0	3	4	1
AT3G09145	1	4	1	0	2	4
AT3G62930	0	3	0	3	1	3
AT2G01023	3	4	0	5	6	1
AT2G19340	8	1	0	5	5	2
AT2G27035	0	0	1	0	0	0
AT2G42530	7	15	15	2	0	2
AT4G26580	3	4	4	2	2	1
AT1G78320	4	3	5	2	8	6
AT5G58310	3	2	3	5	1	3
AT3G55290	0	0	0	0	0	2
AT2G35770	2	0	0	0	0	1
AT2G47750	5	2	3	13	3	3
AT4G20000	0	0	3	0	0	0
AT4G22370	0	1	2	0	0	0
AT4G25350	0	0	0	1	0	0
AT4G25790	0	1	0	7	1	1
ATMG00150	1	2	0	4	9	6
AT1G12480	0	1	1	3	1	6
AT1G35180	0	0	0	0	0	0
AT1G51670	3	7	3	3	0	4
AT1G52790	2	1	1	6	3	4
AT1G74430	0	1	0	1	0	0
AT3G12460	2	1	2	4	1	4
AT2G21810	2	0	0	8	3	7
AT2G23510	0	0	2	3	0	3
AT2G47480	4	9	2	5	6	2
AT4G18450	0	0	2	1	1	0
AT4G32280	0	5	3	1	1	0
AT1G27620	2	2	0	2	6	7
AT1G29600	0	0	0	0	0	1
AT1G49110	2	0	1	2	3	2
AT1G08117	11	8	8	4	7	6
AT1G09897	0	6	1	2	10	3
AT5G10570	2	2	0	0	8	0
AT5G44568	2	1	2	5	7	7
AT5G60022	11	1	2	3	0	1
AT5G60630	7	9	5	1	2	0
AT3G59690	3	3	0	2	1	3
AT3G09345	6	4	2	10	3	3
AT2G07827	0	1	2	6	2	3
AT2G16450	1	1	0	7	4	6
AT4G16820	1	2	1	6	2	6
AT4G21895	11	10	6	5	3	11
AT1G07060	2	2	4	3	5	3
AT1G10110	8	4	2	1	4	2
AT1G16060	4	4	4	4	7	0
AT1G48060	12	7	3	5	0	3
AT1G51805	0	0	0	0	0	0
AT1G61226	0	0	0	1	0	1
AT1G62400	0	0	0	0	0	0
AT5G27247	7	4	9	5	1	6
AT2G18720	13	8	9	9	6	1
AT2G26560	2	2	1	6	4	6
AT2G37280	8	1	3	7	1	2
AT2G48090	2	0	0	1	0	0
AT4G22710	0	2	3	3	5	2
AT1G13480	0	0	0	4	1	0
AT1G13520	0	0	0	3	3	3
AT1G05057	2	3	2	9	18	4
AT1G17990	1	0	1	3	1	1
AT1G24470	1	0	0	3	1	0
AT1G67792	4	3	5	7	5	4
AT1G68290	3	3	1	1	1	2
AT5G33399	3	4	5	3	3	6
AT3G09555	3	5	2	4	0	3
AT2G02630	0	0	0	0	0	0
AT4G16640	1	0	0	0	0	0
ATMG00140	0	1	1	5	2	3
AT1G06970	2	0	2	3	0	4
AT1G73580	2	0	0	0	0	0
AT5G22870	0	0	0	0	0	0
AT5G35890	3	0	5	14	18	8
AT5G41680	1	0	5	3	3	2
AT5G64450	1	4	2	6	4	7
AT5G65500	9	13	5	0	1	5
AT3G04700	10	4	4	2	1	4
AT3G02725	2	5	7	7	6	1
AT3G24020	1	1	7	3	1	3
AT3G26310	0	1	2	1	0	1
AT3G53250	0	0	0	0	0	0
AT3G54600	2	0	2	0	0	0
AT2G44230	1	0	0	0	0	0
AT4G11210	0	0	0	0	0	0
novel.123	8	1	15	4	5	0
AT1G58190	2	0	1	2	1	0
AT5G03350	4	9	7	3	10	4
AT5G24205	0	0	0	3	1	0
AT5G62420	0	0	0	0	0	0
AT3G13276	1	0	0	1	2	0
AT3G02895	4	2	1	2	1	3
AT3G21755	0	0	1	0	0	0
AT2G30420	1	1	2	0	5	6
AT2G08575	6	3	2	7	5	7
AT2G35270	11	5	7	9	7	3
AT2G44930	0	0	0	0	0	0
AT4G11655	2	0	3	2	2	12
AT4G13820	4	0	1	12	9	12
AT1G02335	0	0	0	3	0	1
AT1G04445	2	2	3	2	2	8
AT1G60740	0	0	0	1	3	1
AT1G08633	12	2	6	8	4	12
AT1G65484	2	2	1	0	1	0
AT1G75430	2	1	1	0	0	0
AT1G09777	8	6	1	5	0	0
AT5G04075	1	5	5	7	4	3
AT5G36790	2	0	0	1	10	2
AT5G39770	3	3	2	7	12	1
AT5G50570	2	6	0	3	1	2
AT5G56840	6	6	7	1	3	4
AT5G57190	0	0	0	1	1	1
AT3G03165	0	1	0	4	0	1
AT3G23240	0	4	1	3	2	2
AT3G24463	2	1	0	0	0	0
AT3G28193	3	2	5	12	9	8
AT3G55710	2	1	1	2	2	1
AT2G05655	4	3	8	4	0	6
AT2G07615	5	5	5	1	7	0
AT4G22790	3	2	2	0	0	0
AT4G24265	0	0	0	0	0	0
AT4G09575	2	7	7	2	5	1
AT1G16960	1	2	0	2	1	2
AT5G28030	1	6	4	5	2	0
AT5G06115	6	0	1	5	3	5
AT5G62430	1	0	1	0	1	0
AT3G17980	3	2	4	2	1	3
AT3G29639	3	1	1	0	0	0
AT2G07806	1	1	0	7	4	3
AT2G22122	3	4	4	4	11	5
AT2G41480	0	0	0	0	0	0
AT4G05018	1	1	1	3	4	0
AT1G02630	2	3	2	1	0	2
AT1G17400	3	0	4	0	5	2
AT1G26200	0	0	0	0	0	0
AT1G28030	0	0	0	3	2	2
AT1G36580	7	5	6	4	5	1
AT5G27060	1	2	1	6	6	2
AT5G52120	0	1	2	8	12	0
AT3G44550	1	0	1	2	0	2
AT2G04070	0	0	2	1	0	0
AT2G43138	5	3	8	7	2	9
AT2G09420	2	5	3	0	1	0
AT4G01060	1	0	2	0	0	0
AT4G07940	9	0	3	2	4	6
ATCG00300	3	4	1	3	0	0
AT1G14240	0	0	0	0	0	0
AT1G17065	3	1	2	4	2	3
AT1G19500	0	0	0	0	0	0
AT1G53163	1	0	0	0	0	0
AT1G78360	1	4	1	7	8	5
AT5G28010	0	0	0	2	0	0
AT5G54060	0	0	0	0	0	0
AT3G14210	2	4	7	3	5	3
AT3G21000	4	4	3	6	4	1
AT3G33528	17	2	7	5	1	7
AT3G47480	0	0	0	0	0	0
AT2G19960	5	5	7	6	10	6
AT4G04225	1	2	1	0	5	3
AT4G29340	0	0	0	0	1	1
AT4G34520	0	0	1	0	1	0
AT4G36791	3	3	2	7	4	1
AT1G32880	0	0	6	3	3	8
AT1G49938	2	4	3	5	1	4
AT1G53260	1	0	5	3	1	1
AT5G38980	0	0	0	4	0	0
AT5G43290	0	0	0	0	0	0
AT3G17675	4	12	1	1	4	2
AT3G27950	0	0	0	0	0	0
AT3G46170	0	0	0	0	0	0
AT3G58193	10	5	11	5	5	0
AT2G18260	4	0	1	4	1	2
AT2G18300	0	0	0	0	0	0
AT2G24010	3	8	6	7	4	9
AT1G63570	0	1	0	0	1	4
AT1G66700	0	1	0	8	1	2
AT1G70450	0	0	0	0	0	0
AT1G73560	1	6	7	4	5	8
AT5G19260	0	0	0	0	0	0
AT5G25840	2	0	0	0	0	0
AT5G46370	1	3	0	1	1	0
AT3G05155	0	1	0	5	5	0
AT3G04355	2	3	4	4	2	2
AT3G26930	4	1	3	4	3	6
AT3G27027	6	1	2	9	3	2
AT3G44695	1	4	4	2	0	0
AT3G56000	0	0	0	0	0	0
AT3G61571	2	8	5	7	4	1
AT3G09775	1	10	1	4	6	11
AT2G07751	1	1	0	11	3	4
AT2G17950	5	2	1	9	6	4
AT2G31100	1	1	1	1	3	1
AT1G02705	2	0	0	0	3	5
AT1G12100	0	1	0	0	0	0
AT1G23350	2	3	0	1	8	4
AT1G08643	7	10	12	6	2	4
AT1G66040	3	0	2	1	2	7
AT5G55170	0	0	0	0	1	0
AT5G65230	4	1	3	0	8	2
AT3G02245	1	6	5	4	3	6
AT3G21530	6	5	2	8	5	8
AT3G25855	0	0	0	0	0	0
AT2G07706	0	1	0	1	0	2
AT2G32680	3	2	2	6	11	5
AT4G00651	3	6	1	6	6	13
AT4G06536	0	0	1	4	1	1
AT4G22620	0	0	0	0	1	0
AT4G24204	7	12	11	1	0	0
ATCG00520	1	4	0	4	2	6
AT1G34046	8	8	14	2	7	3
AT1G76770	0	0	0	0	5	5
AT3G54520	6	5	6	8	4	5
AT2G04795	6	3	4	3	2	0
AT4G05535	5	0	8	4	11	5
AT4G35783	10	4	4	1	0	2
AT1G04297	5	5	3	3	1	0
AT1G56150	3	0	1	0	0	1
AT1G64584	4	5	7	9	3	5
AT1G72920	6	5	3	0	0	0
AT1G78760	9	9	5	5	3	4
AT5G08135	5	1	1	4	5	5
AT3G06830	6	12	4	2	10	4
AT3G08560	1	2	2	3	5	4
AT3G56825	7	1	5	13	14	11
AT3G62550	2	2	0	4	0	1
AT4G10660	4	4	7	5	5	1
AT4G38070	4	4	1	2	2	2
AT5G38610	0	1	0	0	1	3
AT5G40395	3	2	3	17	11	6
AT5G49620	1	13	6	12	9	6
AT5G65040	1	0	1	8	3	4
AT3G02840	0	2	2	1	3	2
AT3G27250	6	2	1	4	1	0
AT3G61090	6	0	9	4	3	1
AT2G08610	0	0	0	0	0	0
AT4G31640	8	2	13	2	5	3
AT4G34400	0	1	0	1	5	1
novel.161	1	1	4	0	3	4
AT5G05900	0	0	0	0	0	0
AT5G11440	0	0	0	1	0	0
AT5G02705	4	6	1	3	4	4
AT5G19600	4	1	2	17	14	14
AT2G05160	0	1	0	0	3	0
AT2G06225	6	3	4	8	2	3
AT2G17890	0	0	0	0	0	0
AT2G08545	0	2	1	3	1	2
AT1G02440	4	4	4	2	3	3
AT1G43640	3	4	5	3	2	0
AT5G03620	4	3	3	4	6	1
AT5G12300	0	3	0	1	2	0
AT5G26660	0	0	0	0	0	0
AT3G10113	3	0	0	3	3	4
AT4G02420	4	4	1	8	1	0
AT4G27190	0	0	0	0	0	1
AT1G03710	11	4	5	4	3	2
AT1G11500	0	0	0	0	0	0
AT1G66360	11	2	6	1	1	4
AT5G01360	1	0	0	1	2	0
AT5G28340	2	5	0	2	2	7
AT5G66700	0	0	0	1	0	0
AT3G07195	0	0	0	0	1	0
AT3G11090	1	0	0	3	0	3
AT2G02690	0	0	0	0	0	0
AT2G31590	1	2	4	5	3	6
AT2G08445	4	1	7	4	1	3
AT4G32510	4	2	4	1	0	3
AT1G05687	4	5	5	0	3	4
AT1G28930	3	7	3	7	3	9
AT5G05765	12	0	7	4	5	4
AT5G56990	1	4	2	0	5	2
AT2G03460	0	2	5	2	3	4
AT2G07674	9	4	5	6	6	4
AT2G25600	2	1	0	2	0	5
AT2G27505	1	4	2	4	5	8
AT4G11720	3	0	0	2	5	3
AT4G12410	2	3	1	3	0	0
AT4G27220	4	0	4	4	2	1
AT1G13610	0	0	0	0	0	0
AT1G05977	7	1	1	0	2	0
AT1G47915	3	5	4	5	2	10
AT1G53945	1	5	4	0	8	2
AT5G08030	3	1	3	5	2	3
AT5G23240	2	2	4	5	1	7
AT3G08900	6	2	1	2	0	2
AT3G52440	4	3	1	3	0	3
AT3G09745	2	6	4	2	2	1
AT2G18150	0	0	0	0	0	0
AT2G39518	0	3	1	0	4	4
AT4G07868	0	0	0	5	1	6
AT4G14504	3	2	0	4	4	3
AT1G05577	8	1	0	4	0	6
AT1G07333	9	2	7	10	3	5
AT1G49230	5	6	4	1	7	1
AT5G01135	7	7	1	1	2	7
AT5G18030	0	0	0	3	0	2
AT5G24313	0	0	0	0	0	0
AT5G25756	1	1	3	2	4	8
AT5G53830	1	0	1	2	2	1
AT3G10320	1	0	4	0	0	0
AT3G28770	9	0	1	14	6	11
AT3G52526	3	0	2	3	0	5
AT3G61118	0	0	0	0	2	0
AT2G27229	4	6	3	4	7	4
AT4G25330	5	9	12	3	5	1
AT4G28350	0	1	5	2	1	3
AT4G32490	0	0	0	0	0	0
ATMG00980	1	0	0	5	3	6
AT1G12015	6	3	3	1	3	3
AT1G55950	0	4	0	3	10	5
AT1G77870	4	0	1	0	2	1
AT5G04205	1	6	3	2	0	4
AT5G41470	0	0	0	0	0	0
AT5G43570	0	0	0	3	6	6
AT5G50361	2	0	1	6	2	3
AT5G62850	0	1	0	1	0	0
AT3G30305	1	1	0	5	1	7
AT3G51190	16	9	9	2	0	1
AT2G21650	7	5	9	1	3	6
AT2G46760	0	0	0	0	0	0
AT4G01430	0	0	0	0	0	0
AT4G26920	3	2	4	11	18	3
AT4G27740	3	7	3	2	3	1
AT4G29550	3	1	0	2	1	5
AT1G18710	0	0	0	0	0	0
AT1G08443	2	0	2	2	1	1
AT1G09427	7	6	2	8	9	13
AT5G42590	0	0	2	0	0	0
AT3G09750	1	0	0	1	0	1
AT3G03475	3	5	0	1	6	2
AT3G43850	0	1	0	0	0	0
AT2G34490	0	0	0	0	0	0
AT2G37880	0	1	0	1	4	0
AT2G09515	0	0	0	7	7	5
11/17/01	0	2	1	3	0	1
AT1G08900	4	2	4	6	5	5
AT1G15460	4	5	5	3	3	2
AT1G07603	6	0	2	0	0	1
AT1G52615	0	0	0	0	2	3
AT1G60920	7	1	2	2	2	1
AT1G78230	3	7	3	3	4	2
AT1G80390	3	2	2	4	0	0
AT3G13898	2	3	0	0	1	2
AT3G22620	0	0	2	1	0	0
AT3G27590	2	2	0	5	3	0
AT2G03720	0	0	0	0	0	0
AT2G25090	0	0	4	10	10	4
AT4G00540	3	0	1	8	3	6
AT4G01630	0	0	0	0	0	0
AT4G09770	1	0	0	0	0	0
AT4G33420	0	2	0	1	0	0
AT1G29020	0	0	0	0	1	0
AT1G67110	3	0	5	3	0	1
AT1G70850	0	0	0	0	0	0
AT5G01145	6	4	5	4	4	1
AT5G14565	1	4	1	3	0	0
AT5G65130	4	1	2	2	0	0
AT3G05327	5	7	7	1	0	3
AT3G10845	4	3	1	4	1	2
AT2G26695	0	0	0	0	0	0
AT4G01230	4	1	2	3	1	1
AT4G23720	0	0	0	2	0	0
AT4G26830	7	0	6	0	1	0
AT4G31370	0	0	1	1	2	0
AT4G39795	1	0	3	1	1	4
novel.106	2	2	1	2	0	3
AT1G05310	1	0	1	8	8	2
AT1G44050	0	0	1	0	0	0
AT1G46480	0	0	0	0	0	0
AT1G08987	1	3	3	7	6	4
AT5G48010	0	0	0	0	0	0
AT5G07325	1	4	4	7	7	9
AT3G13662	4	6	8	12	12	2
AT3G25620	0	0	0	0	1	0
AT3G45820	0	0	0	1	7	3
AT3G47710	0	0	0	0	0	0
AT2G20870	0	0	0	1	0	0
AT2G27550	0	0	0	0	0	0
AT2G33130	0	3	1	2	4	4
AT4G33600	0	0	0	0	1	0
AT4G38310	3	0	0	0	0	2
AT1G04027	0	0	1	0	0	3
AT1G10385	0	0	0	0	0	0
AT1G55803	6	3	3	4	1	7
AT1G80625	2	3	1	2	1	4
AT5G10945	2	0	0	0	1	0
AT5G16570	2	4	0	3	1	0
AT5G18260	5	1	4	4	0	3
AT5G22520	2	2	3	8	5	6
AT5G24105	0	0	0	0	0	0
AT2G14610	2	1	0	20	16	8
AT4G04005	5	0	0	4	2	2
AT4G02850	2	4	4	1	3	1
AT4G04972	8	9	9	1	3	1
AT4G25110	0	0	0	2	1	0
10/31/37	0	0	1	0	1	0
AT1G05080	6	9	8	8	10	11
AT1G10220	0	1	1	13	8	4
AT1G11490	0	0	0	0	0	0
AT1G04893	2	7	0	4	8	5
AT1G08033	1	1	2	3	5	1
AT1G56410	0	0	0	10	20	8
AT1G56520	1	2	0	2	1	1
AT1G08213	11	5	3	5	11	6
AT1G79103	0	0	0	0	0	0
AT1G79800	7	6	1	4	4	3
AT5G02090	0	0	0	2	0	0
AT5G05790	0	0	0	0	0	0
AT5G07390	0	1	2	0	1	1
AT5G12990	1	0	0	2	0	0
AT5G14740	0	0	0	0	0	3
AT5G38770	0	0	0	0	0	0
AT5G48290	0	1	0	0	0	0
AT5G53980	0	0	0	0	0	0
AT5G57400	0	0	0	0	1	1
AT3G01115	2	4	4	4	2	0
AT3G11110	0	0	0	0	0	0
AT3G13525	2	4	4	1	5	1
AT3G57645	0	4	2	4	6	7
AT3G09515	1	0	3	5	4	12
AT2G07678	0	0	0	4	0	1
AT2G37925	0	1	2	2	2	0
AT2G44590	6	10	4	3	1	4
AT1G04587	12	3	4	4	0	3
AT1G21550	0	0	0	0	0	0
AT1G26820	0	0	0	0	0	0
AT1G06667	7	3	2	5	5	8
AT1G64010	0	0	0	2	4	4
AT1G72860	1	6	3	7	5	11
AT1G80050	4	0	1	2	1	1
AT5G04210	4	8	3	6	5	1
AT5G39330	0	0	0	0	0	0
AT5G06845	1	1	1	6	2	4
AT5G61070	3	0	0	0	0	0
AT5G65600	0	0	0	4	6	6
AT2G02010	0	0	2	3	0	2
AT2G34940	1	0	2	2	0	1
AT4G06315	3	2	2	2	7	3
AT4G18550	0	0	0	0	0	0
AT4G37290	0	0	0	3	0	0
AT1G32713	3	4	7	3	4	3
AT1G34560	0	0	0	0	0	0
AT1G69320	0	0	0	3	1	1
AT5G02515	0	0	0	0	0	0
AT5G20260	10	2	1	3	0	1
AT5G24510	1	0	0	1	4	1
AT5G39090	4	3	5	0	1	0
AT5G44572	1	0	0	0	0	0
AT5G57780	0	0	0	0	1	0
AT3G09530	0	0	0	0	0	0
AT3G12585	0	1	1	0	3	1
AT3G49830	1	8	3	4	2	3
AT3G49980	4	1	6	5	1	0
AT3G62610	0	0	1	0	0	0
AT2G05270	2	1	2	3	1	3
AT2G07669	1	0	1	0	3	1
AT2G13430	2	1	0	9	6	6
AT2G37090	0	0	0	0	0	0
AT2G09440	6	3	4	5	2	2
AT2G09745	4	5	0	2	1	7
AT4G04450	3	1	0	0	1	1
AT4G28815	4	1	1	4	5	0
ATCG00550	1	0	2	4	3	0
AT1G03445	4	0	2	3	0	5
AT1G07880	1	0	0	0	0	1
AT1G52660	0	0	0	0	0	0
AT5G06740	0	1	0	0	0	0
AT5G03315	12	2	1	2	1	2
AT5G28310	4	0	1	4	2	4
AT5G64690	3	0	0	1	1	0
AT3G28070	0	0	0	0	0	0
AT3G46890	1	4	1	0	4	0
AT3G57110	1	6	1	2	5	1
AT2G02720	0	3	1	4	4	1
AT2G07633	1	0	0	8	1	3
AT2G16050	4	3	3	3	0	1
AT2G27402	0	4	1	1	2	0
AT2G47844	0	2	2	3	3	5
AT4G05071	3	1	0	6	5	4
AT4G16350	0	0	1	0	0	0
ATCG01110	3	9	3	9	2	4
AT1G05853	4	1	3	4	9	3
AT1G06583	6	1	4	11	2	1
AT1G36622	0	0	0	0	0	0
AT1G45201	0	0	0	2	0	0
AT1G63990	3	3	1	1	0	0
AT5G09780	0	3	2	1	5	2
AT5G16170	0	0	0	0	0	0
AT5G19800	0	0	0	1	1	0
AT5G35110	0	1	4	2	1	0
AT5G41663	1	0	3	1	0	0
AT3G09110	3	0	2	5	3	0
AT3G26130	0	0	3	3	2	4
AT3G45140	0	0	0	0	0	0
AT3G59370	0	0	0	0	0	0
AT1G11572	5	3	2	4	5	5
AT1G28500	6	5	6	2	1	7
AT1G08293	3	0	0	2	0	0
AT1G61110	9	15	5	0	0	0
AT1G66460	0	0	0	0	0	0
AT1G74290	9	2	5	4	3	3
AT5G15380	5	7	1	2	2	0
AT5G19580	0	0	0	0	4	0
AT5G05545	3	3	1	1	0	1
AT5G61290	0	2	0	0	0	0
AT3G01202	3	3	3	4	1	2
AT3G23350	0	0	0	0	0	0
AT3G47770	0	0	0	0	0	0
AT3G58990	3	0	3	7	4	1
AT2G01920	1	0	0	0	0	0
AT2G45660	5	2	3	1	0	0
AT4G39340	4	0	1	4	0	4
ATMG00810	0	3	0	5	3	9
ATCG00370	8	1	2	2	3	0
AT1G08090	0	0	1	0	0	1
AT1G33930	1	1	0	1	2	7
AT1G54940	0	0	0	0	0	0
AT1G56555	0	0	0	0	0	0
AT1G64020	1	1	0	4	1	6
AT1G66230	0	0	0	0	0	0
AT5G03615	1	0	0	3	3	3
AT5G38740	12	13	3	5	2	2
AT5G53320	1	2	0	1	0	0
AT5G64900	7	1	0	3	0	2
AT3G03075	0	0	0	0	2	0
AT3G22770	4	7	8	8	5	4
AT3G25770	0	0	0	1	0	0
AT3G60238	0	0	0	0	0	0
AT2G29330	0	1	1	3	1	1
AT2G30432	0	1	1	2	1	0
AT4G24340	0	0	0	0	0	0
AT4G32810	2	1	1	1	1	3
AT1G06148	1	0	0	2	3	8
AT1G06113	1	3	6	4	4	4
AT1G79860	0	0	0	0	0	0
AT5G18340	3	5	2	4	0	1
AT5G41040	0	0	0	0	0	0
AT5G58080	4	1	2	3	4	5
AT5G60260	0	4	1	6	2	3
AT3G04775	8	2	4	1	2	4
AT3G43340	5	1	3	1	3	11
AT2G07728	0	0	0	2	1	1
AT2G30750	0	0	0	0	0	1
AT2G38510	9	4	4	0	2	5
AT4G13245	2	3	3	7	6	4
AT4G18335	3	6	2	1	6	5
AT4G06810	7	10	5	8	6	2
AT4G18610	0	0	1	2	2	3
AT4G07190	8	1	1	4	4	4
AT4G28700	1	0	2	0	0	0
AT4G39410	1	2	1	10	5	6
ATCG00820	6	4	4	1	0	1
AT1G03800	0	2	3	0	3	0
AT1G08990	0	0	0	0	0	0
AT1G30840	0	0	1	4	1	4
AT1G50310	3	4	1	2	0	2
AT1G58300	0	1	3	0	0	0
AT1G80660	4	0	3	0	5	3
AT5G03668	7	4	5	6	1	5
AT5G11610	0	0	0	6	4	2
AT5G41900	0	0	0	0	0	0
AT5G42680	0	1	0	0	0	0
AT3G13730	1	0	4	0	3	0
AT3G21310	5	4	4	1	4	3
AT3G49155	8	5	3	6	2	0
AT3G56790	0	0	3	0	3	4
AT3G58360	9	4	3	6	5	9
AT2G14690	1	3	2	3	1	3
AT2G22040	3	6	1	4	3	1
AT4G11211	0	1	4	0	0	0
AT4G21920	0	0	5	4	6	2
ATMG09960	1	0	0	1	1	2
AT1G04033	5	1	1	5	4	1
AT1G15770	2	1	0	2	3	3
AT1G06567	2	11	2	1	12	6
AT1G55290	0	0	0	0	0	3
AT5G10680	7	2	0	3	0	3
AT5G02525	5	2	3	1	1	4
AT5G22200	11	18	11	0	0	1
AT5G61320	3	5	3	12	6	6
AT3G59790	4	5	1	4	3	0
AT4G28365	0	0	0	0	0	0
ATMG00990	5	0	1	3	11	4
AT1G14453	4	2	4	3	1	1
AT1G14755	1	0	2	7	9	6
AT1G24851	4	1	3	7	4	9
AT1G61560	0	0	1	5	2	3
AT5G10625	1	0	4	4	3	0
AT5G02635	4	1	3	2	4	2
AT5G03485	4	1	1	2	2	0
AT5G44940	3	2	4	5	2	0
AT3G23326	0	1	1	4	1	2
AT2G31230	9	3	3	7	2	0
AT2G40580	1	4	0	1	3	0
AT2G09495	7	1	2	3	2	4
AT1G07128	2	0	1	2	7	6
AT1G09932	1	0	0	4	2	0
AT1G15580	0	1	1	2	2	1
AT1G26450	0	0	0	0	0	0
AT1G06577	2	0	2	2	1	5
AT1G48220	1	5	0	2	0	1
AT5G55150	2	0	5	5	5	2
AT5G60320	2	1	1	2	2	3
AT5G66045	8	8	1	7	2	3
AT3G06220	4	3	1	5	2	0
AT3G15370	0	0	0	0	0	0
AT3G15910	3	0	0	0	2	3
AT3G20190	6	2	3	2	2	0
AT3G22860	1	2	3	7	4	1
AT3G44510	0	0	0	0	0	0
AT3G52350	0	0	0	1	4	3
AT3G60972	1	2	0	2	1	1
AT2G10440	9	11	4	3	1	8
AT2G15555	2	4	1	3	3	3
AT2G20825	2	1	3	0	0	3
AT2G39240	1	0	5	6	3	10
AT2G44570	0	0	0	0	0	0
AT4G07535	0	0	1	1	3	1
10/31/51	2	3	0	4	3	10
AT1G23210	4	0	0	1	0	0
AT1G47265	2	3	1	3	13	4
AT1G49005	4	2	2	2	2	0
AT1G52110	0	0	0	0	0	0
AT5G12340	4	1	0	0	1	1
AT5G45200	0	0	0	0	0	0
AT3G21550	0	0	0	0	0	0
AT3G07635	4	0	0	1	1	1
AT3G08425	0	2	1	6	1	5
AT3G61028	4	2	0	1	3	1
AT3G09985	4	3	2	5	1	3
AT2G18196	4	1	7	0	0	0
AT2G24683	3	2	4	3	2	2
AT2G27930	0	0	0	0	0	0
AT2G08450	5	1	2	1	3	5
AT4G01760	0	0	0	0	0	0
AT4G12520	0	0	0	0	0	0
AT4G12735	2	0	3	8	6	2
AT1G03390	0	0	0	2	1	0
AT1G05675	0	1	1	10	6	4
AT1G05835	2	0	0	2	0	0
AT1G20130	4	1	0	4	6	1
AT1G07007	7	2	4	2	2	5
AT5G01190	0	0	0	0	0	0
AT5G08730	0	0	1	9	2	9
AT5G42785	0	0	0	0	0	0
AT5G45570	5	3	1	0	2	3
AT5G63090	0	0	0	0	1	4
AT3G05932	4	2	1	0	0	1
AT2G20470	2	2	4	4	0	7
AT2G46970	0	0	2	2	2	5
AT4G26730	0	2	0	2	2	2
AT4G35150	1	0	0	1	2	0
ATMG01410	0	0	1	6	5	4
ATCG00440	3	0	0	0	0	2
AT1G28300	7	6	8	3	1	3
AT1G28850	0	5	0	1	2	5
AT1G34480	0	0	0	0	0	0
AT1G61415	1	1	0	2	1	0
AT5G15140	0	0	1	0	0	1
AT5G28630	0	0	0	0	0	0
AT5G46315	2	2	1	9	8	5
AT3G59510	0	0	0	4	3	3
AT3G60550	0	0	0	0	0	0
AT2G22860	0	0	0	1	0	0
AT2G46940	1	1	0	0	1	1
AT4G05525	9	6	1	1	1	7
AT4G13680	0	0	0	0	5	3
AT4G14365	0	6	0	1	1	0
AT4G17980	0	1	2	0	2	2
AT4G33885	4	3	5	5	1	1
AT1G09510	5	6	5	6	4	1
AT1G32375	6	1	3	3	2	1
AT1G07587	1	0	2	2	2	3
AT1G50780	1	1	2	1	1	3
AT1G60260	0	0	0	0	0	0
AT1G09363	3	2	3	3	2	2
AT5G00970	4	5	5	0	0	1
AT5G17523	0	3	3	3	5	3
AT5G37460	1	0	5	5	5	3
AT5G53030	0	1	0	0	0	3
AT3G09400	0	2	0	1	2	1
AT3G20600	3	1	6	1	0	2
AT2G07659	0	1	1	2	3	1
AT2G06865	0	2	2	2	6	1
AT2G24545	0	2	0	0	1	0
AT2G34655	0	0	0	0	0	0
AT4G18900	4	5	3	2	3	1
AT4G20700	6	3	2	2	2	7
novel.156	1	3	4	2	15	1
AT1G19640	0	2	0	4	1	1
AT1G06727	3	4	0	2	2	5
AT1G50770	3	3	3	5	2	0
AT5G25910	0	1	0	2	1	0
AT5G27093	1	5	1	2	6	1
AT3G13435	0	0	0	0	0	0
AT3G14280	0	0	0	0	0	0
AT3G24780	2	1	0	2	5	8
AT2G05642	10	2	1	9	1	1
AT2G22930	0	0	0	0	0	0
AT2G08910	4	0	3	6	2	1
AT2G43600	0	0	0	0	0	0
AT4G12480	0	2	0	0	0	0
AT4G13960	7	3	3	12	7	6
AT4G31250	1	0	7	1	3	1
AT1G03935	1	2	1	0	2	0
AT1G04723	4	1	1	2	0	3
AT1G62990	0	0	2	0	0	0
AT1G72610	2	1	7	2	4	2
AT5G10040	0	1	2	3	4	1
AT5G24355	5	2	1	5	0	5
AT5G25990	2	2	2	4	0	3
AT5G44567	0	0	0	5	2	0
AT5G46590	1	2	1	0	0	0
AT5G52050	7	1	0	4	7	5
AT5G57770	0	0	0	0	0	0
AT3G01500	0	0	0	0	0	1
AT3G07250	0	1	0	1	0	0
AT3G07920	7	0	6	4	3	5
AT3G50280	0	2	0	1	0	0
AT3G56408	3	2	6	3	3	4
AT2G04875	1	6	4	0	8	0
AT2G38255	1	2	1	13	4	3
AT4G03540	4	0	3	0	1	1
AT4G13992	0	0	0	0	0	0
AT4G33820	5	3	3	3	3	1
AT4G09240	2	0	0	0	0	0
AT1G04173	3	4	2	2	5	1
AT1G04223	3	0	1	0	4	2
AT1G45163	4	3	6	2	6	3
AT1G08283	0	0	0	0	1	2
AT1G67195	0	0	0	0	0	2
AT5G04200	0	0	0	0	0	1
AT5G27200	3	0	3	0	0	1
AT5G55430	1	4	0	2	2	0
AT3G08790	2	3	0	4	0	2
AT3G04055	5	0	3	0	0	3
AT3G26934	9	0	1	6	1	3
AT2G35380	1	4	1	0	2	4
AT2G47530	0	0	0	0	0	0
AT4G03725	1	1	0	12	8	2
AT4G28140	0	0	1	7	9	5
AT4G29740	0	0	0	0	0	0
AT1G04417	0	5	2	7	2	1
AT1G50930	0	0	1	0	0	0
AT5G16023	3	2	5	3	2	1
AT5G37210	0	0	0	0	0	0
AT5G40040	1	1	0	0	2	0
AT5G43230	0	1	0	0	0	2
AT5G60660	0	0	1	1	3	3
AT3G02493	5	7	3	1	4	1
AT3G26460	0	2	0	0	0	0
AT3G29633	3	3	2	0	2	1
AT3G44440	4	1	3	3	0	1
AT2G18360	0	0	0	0	0	0
AT2G24740	0	0	1	10	6	3
AT4G00260	4	7	8	0	6	2
AT4G16000	0	0	0	1	0	0
ATMG00120	3	0	0	3	5	3
ATMG00280	4	1	2	4	1	1
AT1G12672	0	0	1	1	0	2
AT1G32350	0	0	0	2	5	1
AT1G68350	0	0	0	0	0	0
AT1G71866	4	0	0	5	0	3
AT1G79310	0	0	1	0	0	0
AT5G01055	1	1	2	2	3	7
AT5G03955	0	0	0	5	2	0
AT5G48740	8	1	0	4	3	1
AT3G50030	4	8	0	3	3	8
AT3G50560	0	0	0	1	2	2
AT3G51220	0	0	0	0	0	0
AT3G09105	6	4	2	2	0	4
AT2G35384	2	3	4	6	7	7
AT2G09150	0	0	1	3	2	0
AT2G09565	8	4	1	2	6	4
AT4G04075	5	0	2	3	5	2
AT4G19975	0	0	0	0	0	0
AT4G33390	3	4	1	1	3	2
AT4G38590	10	2	0	2	1	3
ATCG00560	1	0	0	0	4	2
AT1G13448	2	0	0	3	3	5
AT1G59725	0	0	0	0	0	0
AT1G61700	4	4	0	7	7	4
AT1G74205	1	3	4	5	6	0
AT1G77520	3	5	1	0	5	1
AT5G01015	4	0	4	1	2	4
AT5G13600	4	5	1	6	2	2
AT5G02675	1	3	1	3	2	1
AT5G53710	0	0	0	0	0	0
AT3G10510	0	7	4	0	0	0
AT3G48230	0	2	1	0	0	0
AT3G55150	2	0	0	0	3	1
AT2G07773	0	1	0	4	9	2
AT2G26520	0	0	1	1	0	1
AT2G08295	0	3	1	6	2	6
AT2G40450	3	2	4	0	0	0
AT2G41120	3	1	0	0	1	1
AT4G03480	2	1	0	3	2	0
AT4G05425	3	2	5	2	4	3
AT4G20190	0	0	0	0	0	0
AT4G20970	1	3	0	0	1	1
AT4G22470	1	1	1	2	3	0
11/30/01	2	1	1	2	3	2
AT1G33100	1	0	0	0	0	0
AT1G62900	2	2	1	4	0	9
AT5G16230	0	1	2	1	0	0
AT5G26690	6	3	1	5	1	0
AT5G38970	0	0	0	0	0	0
AT5G40210	0	0	0	0	0	0
AT5G52000	6	3	3	1	0	7
AT5G63270	0	0	0	0	0	0
AT5G65225	0	0	1	0	0	3
AT3G02500	0	0	0	0	0	0
AT3G51400	4	4	2	2	2	2
AT2G32610	0	0	0	0	0	0
AT2G36430	0	1	0	0	1	0
AT2G40530	1	0	0	2	1	8
AT2G43470	0	0	0	1	3	0
AT2G09510	0	1	2	6	2	1
AT4G09850	1	1	0	2	2	2
AT4G22235	0	0	0	0	0	1
AT4G23713	3	1	2	1	1	3
AT4G32780	0	2	2	0	3	1
AT4G08785	0	0	2	5	2	2
ATCG01120	7	3	2	1	3	0
AT1G04127	1	1	5	6	5	6
AT1G09890	0	1	0	0	0	0
AT1G31173	2	0	0	0	0	0
AT1G66370	0	0	1	0	0	0
AT1G76610	4	2	3	3	4	3
AT5G06200	3	0	0	1	0	0
AT5G06510	0	0	0	0	0	0
AT5G02885	4	4	5	5	3	0
AT5G24206	0	3	0	1	0	0
AT5G05275	2	1	4	1	0	2
AT5G35920	1	3	1	4	4	4
AT5G40860	0	0	0	1	0	0
AT5G59990	0	0	1	0	0	0
AT3G12540	0	0	0	0	0	0
AT3G47250	0	0	0	0	0	0
AT3G51540	0	0	0	4	8	6
AT3G59940	2	0	0	1	3	0
AT2G08025	1	1	4	4	4	3
AT4G12270	0	0	0	0	0	0
AT4G19570	2	0	3	0	8	1
AT4G23960	5	2	0	9	5	1
AT4G30380	3	0	1	2	0	3
AT4G08925	3	4	0	2	0	0
ATMG00960	0	0	0	7	8	5
AT1G07330	13	6	0	5	5	1
AT1G18980	0	0	0	3	1	0
AT1G54930	0	0	0	0	0	2
AT1G08563	1	0	1	4	2	0
AT5G09930	3	1	0	0	0	0
AT5G20820	1	0	0	0	0	0
AT5G21030	0	1	1	7	7	2
AT5G38100	0	0	0	1	0	0
AT5G38550	0	0	0	0	0	0
AT5G47130	0	0	0	0	0	0
AT5G48400	0	0	1	1	0	0
AT3G06160	1	3	7	1	0	2
AT3G20380	1	0	0	0	0	0
AT3G22700	5	4	0	2	9	0
AT3G27490	1	0	3	0	2	0
AT3G49540	0	0	2	0	1	3
AT3G55240	2	8	6	1	1	0
AT3G61920	0	0	0	0	0	0
AT2G07775	1	0	0	7	5	2
AT2G16750	2	3	3	5	2	2
AT2G17860	3	0	0	1	1	1
AT2G24320	0	0	2	1	0	2
AT2G39530	0	1	0	0	0	0
AT4G31710	3	1	0	1	2	0
AT4G33465	0	1	0	1	0	1
AT4G34550	2	2	0	0	0	0
ATCG00200	2	1	1	2	2	2
AT1G02190	1	0	0	0	0	0
AT1G13400	0	0	0	3	2	1
AT1G65342	7	5	9	1	0	1
AT1G09357	4	3	0	1	0	2
AT1G78490	0	0	0	0	0	0
AT5G57670	0	0	2	0	2	7
AT5G59230	1	0	1	5	3	1
AT5G59310	1	0	0	0	0	0
AT3G49690	0	0	0	0	0	0
AT2G03580	1	1	2	1	3	4
AT2G07792	0	0	0	4	1	5
AT2G43139	12	4	1	4	5	4
AT4G00350	0	0	3	1	0	1
AT4G18830	0	0	1	0	2	0
AT4G23160	3	0	1	4	5	2
AT4G23510	0	0	0	0	0	0
AT4G39480	0	0	0	0	0	0
ATMG00590	0	0	0	3	10	0
ATCG01060	0	2	2	3	1	0
AT1G05700	0	1	0	0	0	0
AT1G04697	0	1	2	5	5	1
AT1G04817	5	2	1	2	3	3
AT1G52000	0	1	0	0	0	0
AT1G58330	4	4	4	4	3	1
AT1G62035	3	2	1	0	3	1
AT1G63200	4	4	3	3	4	5
AT1G67623	1	2	0	0	3	2
AT1G76210	0	0	0	0	1	1
AT5G10410	2	3	0	4	3	1
AT5G27980	2	0	0	4	2	2
AT5G36870	0	0	1	0	0	0
AT5G49730	3	0	0	5	6	0
AT5G07875	2	0	0	3	2	3
AT5G55590	4	4	3	2	3	3
AT3G60890	0	0	0	1	0	2
AT2G25440	0	0	0	0	0	0
AT2G35387	3	6	5	3	8	2
AT4G10410	3	0	2	6	6	3
AT4G26365	4	3	2	1	0	7
ATCG01080	3	3	0	2	2	4
AT1G12030	0	0	0	2	3	5
AT1G20350	3	2	2	7	6	5
AT1G26558	4	2	0	6	4	9
AT1G06743	2	0	1	4	0	1
AT1G65810	5	3	5	5	5	2
AT1G73630	0	0	0	0	0	0
AT1G76965	0	0	2	0	1	1
AT5G47450	0	0	1	0	0	0
AT5G51480	3	3	6	7	1	3
AT5G52270	0	0	0	0	0	0
AT5G58465	1	0	0	0	0	1
AT5G63900	1	3	4	3	4	6
AT5G67110	7	1	3	2	1	3
AT3G09450	5	2	0	0	0	0
AT3G14670	1	0	0	1	2	3
AT3G18330	5	0	2	3	1	2
AT3G55180	0	0	0	0	0	0
AT2G05370	2	1	2	5	0	0
AT2G44000	0	0	2	4	0	0
AT4G16460	1	0	1	2	6	4
AT4G36795	0	0	1	1	2	1
AT1G01183	0	3	2	0	6	0
AT1G05660	0	0	0	0	0	0
AT1G05740	4	0	3	4	1	3
AT1G06407	4	0	4	3	7	3
AT1G33540	0	0	0	0	0	0
AT1G06733	0	2	1	2	1	2
AT1G34510	0	0	0	0	0	0
AT1G44970	0	0	0	1	0	0
AT1G52050	0	0	0	0	0	0
AT1G60130	0	0	1	0	0	0
AT5G23160	0	0	0	1	1	0
AT5G40316	1	4	2	0	1	0
AT5G43640	0	0	0	0	0	0
AT5G60142	0	0	1	0	0	0
AT3G01730	0	0	0	0	0	0
AT3G16175	0	0	0	0	0	0
AT3G03815	1	2	1	0	1	3
AT3G45093	5	1	2	2	0	0
AT2G07787	2	0	1	1	2	3
AT2G18025	6	1	4	2	1	0
AT2G24535	0	1	4	0	0	2
AT2G24681	2	5	5	2	3	1
AT2G34620	1	0	0	0	0	0
AT2G37820	1	0	0	0	0	0
AT4G18596	1	1	0	2	1	0
AT4G28150	0	1	0	0	1	0
AT1G07050	0	1	0	1	0	0
AT1G28890	1	2	4	9	3	1
AT1G28940	5	1	4	3	0	8
AT1G28950	3	0	1	6	2	1
AT1G06207	0	3	4	0	4	0
AT1G30250	0	0	0	0	1	0
AT1G48070	0	0	0	0	0	0
AT1G08333	1	3	5	0	2	0
AT1G73000	0	0	0	0	0	0
AT1G09633	0	0	0	0	1	2
AT5G13887	4	1	2	6	3	3
AT5G28380	0	0	1	0	0	0
AT5G37450	3	1	0	1	4	1
AT5G38820	1	2	1	1	1	3
AT5G46220	0	3	0	0	1	0
AT5G48920	0	0	0	0	0	0
AT5G61900	2	1	2	2	2	2
AT3G22120	0	0	2	6	1	3
AT3G29590	0	0	0	0	0	0
AT3G08635	3	2	2	2	1	1
AT3G62850	2	2	0	5	0	0
AT2G02380	0	1	0	3	0	5
AT2G04080	0	0	3	0	0	0
AT2G07718	0	0	0	0	0	0
AT4G01110	0	2	1	0	4	1
AT4G02650	0	0	0	0	0	0
AT4G08835	3	5	5	3	3	3
10/31/91	0	0	0	0	2	2
AT1G15150	0	0	0	0	2	0
AT1G35730	6	1	0	5	1	5
AT1G07367	0	0	0	0	2	2
AT1G51400	1	1	0	3	2	1
AT1G52060	0	0	0	0	0	0
AT1G52343	0	1	0	0	2	0
AT1G80470	4	1	2	8	9	3
AT5G05390	3	1	0	3	3	3
AT5G13350	0	1	1	0	2	1
AT5G17100	3	3	1	4	4	6
AT5G21120	0	0	0	0	0	0
AT5G63070	4	0	1	2	0	0
AT3G13980	0	1	0	4	0	0
AT3G14185	1	0	0	3	0	3
AT3G44753	0	0	0	2	0	0
AT3G60920	5	0	6	4	4	4
AT2G24285	1	3	0	5	11	0
AT2G40440	0	0	3	0	1	0
AT2G09165	4	1	2	2	1	4
AT4G16535	3	3	1	2	0	3
AT4G30420	0	0	0	0	0	0
ATCG00030	3	1	2	1	3	0
AT1G01453	1	0	0	0	1	0
AT1G01695	0	4	2	3	10	1
AT1G08290	0	0	2	0	0	0
AT1G10790	4	6	5	2	0	0
AT1G32575	2	0	0	4	1	0
AT1G07337	6	8	1	4	1	0
AT1G09663	1	3	1	6	3	3
AT1G78480	1	0	0	2	3	2
AT5G13580	2	0	2	0	1	0
AT5G17830	0	2	2	3	4	1
AT5G23840	0	0	0	0	0	0
AT5G36910	0	0	0	0	0	0
AT5G51090	6	1	1	6	1	6
AT5G63590	0	0	0	0	0	0
AT5G09255	1	0	0	2	3	2
AT3G02677	1	0	0	0	3	1
AT3G06962	0	0	0	0	1	0
AT3G07620	0	0	0	0	0	0
AT3G09055	4	1	5	5	5	2
AT3G26420	1	1	3	2	3	2
AT3G44960	1	0	0	0	0	0
AT3G45700	0	0	0	0	0	0
AT3G08525	9	0	3	1	2	4
AT3G56230	0	0	0	0	0	0
AT3G57900	0	0	0	0	0	4
AT2G30630	5	1	3	2	2	3
AT4G25190	0	0	0	0	0	0
AT4G28280	1	0	2	1	0	0
ATCG00410	0	6	1	0	0	1
AT1G04303	1	0	1	0	2	0
AT1G08080	1	2	1	2	3	2
AT1G10657	0	0	0	0	0	0
AT1G18400	3	2	1	3	6	2
AT1G05997	2	2	3	1	5	0
AT1G06017	5	2	1	3	2	4
AT1G31720	0	0	0	0	0	0
AT1G06737	1	0	1	7	1	1
AT1G66690	0	0	0	0	0	0
AT1G09677	6	0	3	5	0	2
AT1G09733	0	0	0	0	1	0
AT5G02780	7	9	10	0	2	0
AT5G07260	1	2	0	2	4	2
AT5G19700	3	3	3	1	1	3
AT5G24230	0	0	0	0	0	0
AT5G62250	0	0	0	0	0	0
AT3G10780	0	0	0	1	3	9
AT3G51240	0	0	0	0	1	0
AT3G54450	0	0	3	0	0	1
AT3G58370	7	3	3	0	2	1
AT2G22426	2	2	2	3	2	3
AT2G31210	1	1	0	3	4	3
AT2G36695	0	0	0	0	0	0
AT4G05405	3	0	1	0	0	1
AT4G16240	0	0	1	0	0	0
AT4G17710	3	4	2	7	7	3
AT4G29470	3	2	1	0	6	0
10/31/45	1	1	1	0	0	0
AT1G08810	0	0	0	1	0	0
AT1G05153	1	0	1	0	2	2
AT1G05313	2	6	7	0	6	6
AT1G19940	0	0	0	0	0	0
AT1G05993	1	1	1	0	2	0
AT1G31550	0	0	0	0	0	0
AT1G53655	5	0	3	1	4	2
AT1G55700	0	0	2	0	6	2
AT5G04190	3	3	3	3	6	3
AT5G05657	1	1	2	1	1	6
AT5G14340	1	0	0	0	1	0
AT5G07895	2	4	0	1	2	2
AT5G66990	0	0	0	0	2	0
AT3G15700	0	0	0	0	0	0
AT3G22565	0	0	0	0	0	0
AT3G25810	0	0	0	1	0	0
AT3G26010	1	0	0	2	6	7
AT3G06425	5	3	0	2	1	2
AT3G08655	7	1	7	2	2	5
AT3G61930	0	0	0	2	0	0
AT2G04345	5	0	1	0	3	2
AT2G23060	1	0	1	2	0	2
AT2G23960	2	1	0	0	0	0
AT2G24140	2	0	1	1	2	5
AT2G33230	1	1	0	0	0	0
AT4G03905	7	4	0	2	1	1
AT4G10220	0	0	0	0	0	0
AT4G11900	1	0	3	7	3	2
AT4G30320	0	1	0	0	1	0
AT4G08325	3	2	2	1	2	3
10/31/61	3	1	5	2	6	2
AT1G13550	3	0	0	0	0	0
AT1G27860	3	1	2	4	0	2
AT1G49225	1	2	3	3	0	2
AT1G67710	0	0	0	2	3	0
AT5G12450	4	3	0	1	4	1
AT5G28450	0	0	0	2	0	0
AT5G45472	15	0	0	1	4	2
AT5G46845	1	0	1	5	1	2
AT5G47635	0	0	0	0	1	3
AT5G66150	3	0	1	0	1	0
AT3G02242	2	0	0	0	0	0
AT3G07175	3	1	2	3	3	4
AT3G49630	0	0	0	0	0	0
AT3G56780	1	2	0	0	3	0
AT3G60010	4	5	7	4	1	1
AT2G31180	1	0	0	0	0	0
AT2G31940	0	0	1	0	0	0
AT2G32050	2	1	4	3	3	3
AT2G44800	3	2	3	6	2	5
AT4G04221	3	1	1	6	1	2
AT4G15370	2	1	1	4	3	1
AT4G22950	1	2	1	2	0	1
AT4G07200	0	0	0	5	0	0
AT4G08805	1	2	2	0	2	2
AT4G08825	2	3	0	0	1	2
AT4G36230	0	0	0	2	1	0
AT1G06703	3	0	1	1	1	4
AT1G45238	3	2	2	2	2	1
AT1G57630	4	1	0	0	1	0
AT5G35688	1	0	1	1	1	0
AT5G36180	0	0	0	0	0	0
AT5G55045	3	2	0	2	2	0
AT5G55350	1	0	0	0	2	0
AT5G67488	7	0	1	0	1	1
AT3G16390	0	0	0	0	0	0
AT3G21340	0	0	0	0	0	0
AT3G26490	0	0	1	2	2	1
AT3G29780	0	0	0	0	0	0
AT3G48920	0	0	0	0	0	0
AT3G51680	0	0	0	0	0	0
AT2G04555	2	0	2	5	1	4
AT2G39855	0	0	1	2	0	0
AT4G13494	8	4	4	3	1	0
AT4G17030	0	0	0	1	2	1
AT4G20990	0	1	2	1	2	3
10/31/55	0	0	0	3	3	0
AT1G32960	0	2	1	6	11	2
AT1G51790	0	0	0	0	0	0
AT1G77340	1	1	2	4	3	11
AT1G79250	0	0	0	0	0	0
AT1G79320	1	0	1	4	1	3
AT5G05530	3	4	1	3	1	0
AT5G14070	1	0	0	0	0	1
AT5G40800	0	0	0	0	0	0
AT5G06675	1	0	1	0	0	1
AT5G48070	0	0	0	0	0	0
AT5G55570	3	2	2	1	1	1
AT3G03280	0	0	0	0	0	0
AT3G30739	0	0	0	1	3	4
AT2G15590	1	1	0	0	0	3
AT2G35090	1	2	2	0	0	1
AT2G37130	0	0	0	1	0	0
AT4G00910	0	1	0	0	0	0
AT4G37990	3	0	0	1	0	0
ATCG00590	4	4	0	0	0	1
AT1G05240	1	2	0	0	0	0
AT1G28990	0	1	0	4	2	4
AT1G53080	0	0	0	0	0	0
AT1G69570	1	0	0	1	5	0
AT1G70581	1	3	4	0	4	1
AT1G74130	7	1	3	0	0	1
AT5G08005	0	0	1	1	2	3
AT5G16486	0	0	0	0	0	0
AT5G18720	0	1	2	2	1	0
AT5G25140	1	0	0	3	3	1
AT5G06835	2	2	3	3	3	3
AT5G52975	0	0	0	0	0	1
AT5G57510	2	0	3	5	5	2
AT3G01630	2	1	3	4	3	2
AT3G19663	0	0	0	5	2	1
AT3G51375	0	1	0	0	0	0
AT3G60940	0	0	3	1	2	0
AT2G33205	0	0	0	0	0	0
AT2G35730	0	0	0	0	2	0
AT2G41451	3	2	0	2	0	2
AT2G43865	0	0	1	0	0	1
AT4G00210	1	1	1	0	2	1
AT4G01023	1	5	1	3	7	1
AT4G02180	0	0	0	0	0	0
AT4G05235	1	0	0	1	1	1
AT4G10850	2	0	1	0	1	0
AT4G19680	0	0	0	0	0	0
AT4G32630	5	0	0	5	1	3
AT4G36430	0	1	0	0	0	0
AT4G38830	0	0	2	0	0	0
ATCG00050	4	0	1	1	3	0
novel.105	3	4	1	0	0	4
AT1G02580	4	1	0	1	5	10
AT1G07795	4	0	0	2	0	0
AT1G14220	0	0	0	0	0	0
AT1G32582	0	4	0	0	1	2
AT1G07697	5	3	5	4	2	0
AT1G72580	5	9	6	0	1	0
AT5G08090	1	0	1	0	0	2
AT5G22240	3	4	1	1	5	1
AT5G24110	0	0	0	1	0	0
AT5G28490	1	3	3	0	0	0
AT5G43175	0	0	0	0	0	0
AT5G07525	1	0	3	0	1	2
AT5G55893	2	0	5	0	1	3
AT5G57520	0	0	0	0	0	0
AT5G59490	1	0	0	3	3	1
AT5G59930	0	0	0	0	0	0
AT5G66670	0	0	1	7	2	2
AT3G01620	5	0	2	3	2	3
AT3G08500	0	0	0	0	0	0
AT3G09640	4	5	0	1	1	1
AT3G03435	4	0	3	1	0	3
AT3G46658	3	0	0	2	1	0
AT2G27280	0	1	4	2	1	2
AT2G28920	0	0	1	0	0	0
AT2G31480	0	0	0	2	0	0
AT2G39490	0	2	0	0	1	0
AT2G44175	1	2	2	5	3	3
AT2G44578	3	3	1	1	1	1
AT4G00305	0	0	2	0	0	0
AT4G04030	0	0	1	6	1	3
AT4G22410	4	3	1	5	1	0
AT4G29610	0	0	0	0	6	0
AT1G04577	0	0	0	4	1	2
AT1G18410	1	0	0	1	3	0
AT1G32570	3	0	2	0	1	1
AT1G60986	3	3	0	3	3	1
AT1G62320	0	0	0	0	0	0
AT1G62975	0	0	0	0	0	0
AT1G70400	1	0	0	2	1	1
AT5G03045	5	0	1	3	4	2
AT5G44220	2	1	4	0	7	0
AT5G45810	0	0	0	0	0	0
AT3G22961	0	1	0	2	5	2
AT3G48840	3	1	1	1	7	2
AT2G39175	0	0	1	2	0	1
AT2G09090	2	2	2	0	3	5
AT4G25590	0	1	2	0	2	0
AT4G26675	3	2	3	7	5	0
ATMG00570	3	2	1	3	1	2
10/31/65	0	0	0	0	0	0
AT1G03055	0	1	2	0	0	0
AT1G08115	3	2	0	3	0	1
AT1G20470	3	3	2	1	2	0
AT1G21360	0	0	0	0	2	0
AT1G29179	2	1	0	0	1	1
AT1G73140	0	0	2	0	0	1
AT5G04030	1	4	5	1	6	5
AT5G01045	0	0	0	0	0	0
AT5G07760	4	2	0	1	1	2
AT5G09720	0	0	0	1	0	2
AT5G19650	0	0	0	0	0	0
AT5G25290	2	2	4	2	6	2
AT5G45220	0	0	1	2	1	0
AT5G47590	0	0	1	2	1	0
AT5G58630	0	0	0	2	1	1
AT3G01235	0	0	1	0	1	1
AT3G11550	5	0	4	1	0	0
AT3G12833	0	0	0	0	0	0
AT3G17720	0	0	0	0	1	0
AT3G05635	5	1	1	3	0	4
AT3G08045	4	3	4	1	3	2
AT2G04725	2	0	0	0	0	0
AT2G05910	2	0	4	2	0	2
AT2G24780	3	3	0	4	1	2
AT2G35733	1	4	1	0	5	1
AT2G37950	7	0	1	2	2	6
AT4G03811	0	0	1	5	1	3
AT4G10465	0	0	0	0	0	0
AT4G25430	0	0	0	1	2	2
AT4G25940	1	0	0	8	2	4
AT4G35210	0	0	0	0	0	0
ATMG00250	0	0	1	4	7	4
ATCG00710	4	1	3	4	2	2
ATCG01040	0	1	0	3	2	0
AT1G03502	0	3	2	2	3	0
AT1G11185	0	1	0	0	0	1
AT1G06117	5	5	6	0	0	0
AT1G32320	1	0	0	0	0	0
AT1G06717	2	1	2	0	1	4
AT1G35880	0	1	1	7	2	0
AT1G65780	1	0	1	3	2	0
AT1G67220	1	0	1	3	6	2
AT1G68170	1	0	0	0	0	0
AT1G71520	0	0	1	0	0	0
AT1G73805	3	3	0	1	5	0
AT1G09987	0	0	0	2	1	1
AT5G40590	0	0	0	0	0	0
AT5G42410	0	0	0	0	0	0
AT5G50915	0	0	0	0	0	0
AT5G66890	0	0	0	1	0	0
AT3G02125	1	3	5	1	0	0
AT3G10600	0	0	4	0	5	0
AT3G13660	0	1	0	1	0	0
AT3G23860	0	8	2	1	5	0
AT3G28360	1	0	1	3	2	3
AT3G45290	0	0	0	0	0	5
AT3G53235	3	1	2	2	1	2
AT2G07779	0	0	1	2	3	2
AT2G23680	1	0	0	0	0	0
AT2G30395	0	0	0	0	0	0
AT2G30400	0	0	0	0	0	0
AT2G38195	0	1	1	5	4	0
AT2G40805	0	0	0	0	0	0
AT4G06320	2	1	1	2	3	1
AT4G21930	0	0	0	1	0	0
AT4G22233	4	1	0	0	1	1
AT4G24540	0	0	0	0	1	0
AT4G26420	5	3	3	1	0	1
AT4G34071	0	0	0	3	7	3
AT4G38860	0	0	0	0	0	0
AT1G03670	0	0	3	5	4	3
AT1G06923	1	1	1	1	1	0
AT1G09063	2	1	4	6	0	2
AT1G77040	4	1	2	7	4	3
AT1G77093	0	0	0	4	1	2
AT1G79100	0	2	0	1	0	0
AT5G16330	0	0	1	0	0	0
AT5G28420	0	0	0	1	2	1
AT5G39670	2	2	0	4	0	1
AT5G60265	4	0	0	1	2	1
AT5G09175	2	3	5	0	0	2
AT3G02015	2	1	0	2	1	0
AT3G07155	0	0	0	0	1	0
AT3G52270	1	0	1	1	1	0
AT3G09465	1	0	0	2	3	1
AT2G23580	0	0	1	0	0	0
AT2G32487	0	0	0	0	0	0
AT2G45120	2	1	0	0	0	0
AT2G47935	3	5	1	2	0	5
AT4G01435	6	2	2	1	3	0
AT4G14104	0	0	0	2	1	0
AT4G07195	3	2	0	0	1	0
AT4G07290	3	2	0	1	1	2
ATMG00830	3	0	0	6	5	5
10/31/38	1	0	0	0	0	5
AT1G04413	1	0	3	2	1	1
AT1G07120	1	2	1	7	1	0
AT1G22990	5	3	3	1	2	1
AT1G23540	1	2	2	0	0	0
AT1G07703	4	2	1	0	0	1
AT1G51770	0	0	0	0	0	1
AT1G71740	0	0	3	3	2	1
AT1G72590	4	5	1	0	0	3
AT1G78720	2	0	2	0	2	0
AT5G09220	1	0	0	0	2	1
AT5G09910	3	0	0	0	0	0
AT5G17522	1	4	3	9	2	0
AT5G48050	0	0	0	0	0	0
AT5G66558	2	0	5	3	1	2
AT3G03930	1	1	1	2	5	5
AT3G11773	4	1	0	2	1	2
AT3G15870	0	0	0	0	0	0
AT3G06835	5	0	2	1	1	4
AT3G45710	0	0	0	0	0	0
AT3G48720	0	0	0	0	1	1
AT3G50540	0	4	1	0	1	3
AT3G57510	1	0	0	0	0	0
AT2G07681	0	0	0	5	3	0
AT2G27370	1	1	0	1	1	5
AT2G29480	0	0	0	1	0	0
AT2G32750	0	0	0	0	0	0
AT2G35555	2	0	4	2	0	0
AT4G19050	0	0	0	0	0	0
AT4G22080	0	0	0	0	0	0
AT1G03746	2	2	1	0	5	4
AT1G15850	0	0	1	2	0	2
AT1G16530	2	0	0	0	0	0
AT1G26510	2	5	2	3	1	5
AT1G30473	1	1	0	0	0	1
AT1G51055	2	1	0	0	0	0
AT1G53420	0	0	0	0	1	0
AT1G70680	0	0	0	3	0	1
AT1G80990	0	2	4	3	6	5
AT5G00855	1	0	0	0	0	1
AT5G10340	0	2	1	0	2	0
AT5G11360	0	0	1	6	1	0
AT5G44770	0	0	0	0	0	0
AT5G46915	2	2	1	2	0	1
AT5G09415	4	3	0	4	1	9
AT3G04960	2	3	2	1	1	1
AT3G06625	7	2	3	3	1	0
AT3G46090	1	1	1	5	5	3
AT3G55310	1	3	0	0	3	0
AT2G07777	0	0	1	0	0	0
AT2G07643	1	3	0	3	1	1
AT2G06835	1	1	0	0	3	0
AT2G46300	0	0	4	2	1	5
AT2G48130	0	0	0	1	0	0
AT4G04490	0	0	0	2	1	0
AT4G25220	0	0	0	1	0	0
ATMG09740	0	0	0	3	2	0
novel.140	0	0	0	0	3	1
novel.143	0	0	0	0	0	0
AT1G05136	0	0	0	0	1	0
AT1G48940	5	4	1	0	2	0
AT1G60720	2	1	0	1	0	0
AT1G66720	0	0	0	0	0	0
AT5G01070	2	0	4	1	0	0
AT5G15900	0	0	0	0	0	0
AT5G49310	0	0	2	0	2	3
AT5G54550	0	0	0	1	2	0
AT5G60770	0	0	0	0	0	0
AT5G61740	3	3	0	3	3	4
AT5G65320	0	0	0	0	0	0
AT3G08750	0	0	0	0	0	0
AT3G02205	4	0	1	5	4	1
AT3G18773	2	0	0	1	0	0
AT3G28570	0	0	0	0	0	0
AT3G44765	2	0	2	0	0	0
AT3G46710	1	0	0	0	2	2
AT3G59930	0	1	1	4	1	1
AT2G07675	2	1	1	3	3	0
AT2G17590	0	0	0	0	0	0
AT2G24255	3	5	4	0	1	0
AT2G33080	0	0	0	6	8	4
AT4G03595	0	3	0	0	0	1
AT4G00770	0	0	0	0	0	0
AT4G08535	0	0	0	3	0	3
AT4G09690	0	0	0	0	0	0
AT4G05760	1	3	1	1	0	3
AT4G15690	0	0	0	0	0	0
AT4G06955	3	4	3	4	1	4
AT4G26530	0	1	1	1	0	0
AT4G33330	0	0	0	0	0	0
AT4G33730	0	0	0	0	0	0
AT1G03506	0	0	0	0	0	1
AT1G04567	2	4	4	0	1	0
AT1G05613	0	2	2	6	1	3
AT1G31290	0	1	0	0	0	0
AT1G43000	0	0	0	0	0	2
AT1G51820	1	0	0	0	0	0
AT1G55265	5	0	1	3	1	0
AT1G65140	3	3	4	1	3	1
AT1G08833	0	0	0	0	0	0
AT1G09823	0	0	0	3	0	0
AT5G07930	1	1	0	1	3	6
AT5G38170	0	2	0	1	4	0
AT5G05785	3	0	1	7	0	1
AT5G49900	1	0	0	2	0	0
AT5G53190	0	0	0	0	0	0
AT3G05780	0	2	0	2	1	1
AT3G09120	0	3	0	1	1	0
AT3G25655	0	0	0	0	0	0
AT3G45070	0	0	0	0	0	0
AT3G51760	0	0	0	0	0	0
AT3G58910	0	2	3	0	3	4
AT2G02103	4	1	0	3	1	7
AT2G25055	6	2	3	4	0	0
AT4G01260	3	0	2	3	7	1
AT4G09405	1	0	0	0	0	0
AT4G37340	0	0	0	0	0	0
ATCG00090	0	1	0	0	0	1
ATCG00620	2	0	0	1	1	0
AT1G28750	5	1	2	4	3	2
AT1G29830	1	0	0	0	2	0
AT1G30060	1	0	0	0	0	1
AT1G30740	0	0	1	4	8	7
AT1G70820	0	0	0	0	2	0
AT5G11570	0	1	2	3	0	2
AT5G13320	0	0	0	0	0	1
AT5G03825	1	0	0	1	1	1
AT5G35917	0	2	2	3	2	5
AT5G05465	3	1	0	2	0	1
AT5G39930	2	0	1	2	0	0
AT5G50665	1	0	2	0	1	0
AT5G58400	0	2	0	4	0	1
AT5G61180	1	0	1	0	0	1
AT5G64540	0	4	1	2	3	0
AT3G03702	4	0	0	0	3	3
AT3G16160	0	1	1	2	0	0
AT3G03235	1	5	4	6	4	1
AT3G30580	0	0	0	0	0	0
AT2G04405	0	0	0	6	2	0
AT2G04280	4	1	0	0	6	2
AT2G07648	3	0	0	2	3	1
AT2G33380	0	0	4	0	0	0
AT2G33910	1	2	3	0	3	0
AT2G40130	1	0	0	1	0	0
AT2G09425	1	2	0	6	2	3
AT4G16200	0	1	3	1	1	2
AT4G26488	0	0	0	4	2	4
ATMG09950	4	1	0	4	1	1
AT1G13310	0	1	1	0	0	1
AT1G19960	0	0	0	0	0	0
AT1G28740	5	1	2	0	0	1
AT1G07683	2	4	0	1	0	0
AT1G53160	0	0	0	0	0	0
AT5G07780	0	0	0	0	0	0
AT5G15250	0	0	1	4	3	3
AT5G25340	0	0	0	0	0	1
AT5G43240	1	0	0	1	1	1
AT5G44585	0	0	0	1	0	0
AT5G66567	1	4	1	7	0	4
AT3G09595	1	8	1	0	0	0
AT3G02545	1	2	0	3	1	4
AT3G05085	0	1	2	2	2	2
AT3G30730	7	2	2	0	0	0
AT3G44870	0	0	0	0	0	0
AT3G59740	0	0	1	1	0	1
AT2G01300	1	3	1	1	3	1
AT2G05753	2	0	0	2	4	0
AT2G14692	0	0	0	0	0	0
AT2G08120	4	1	1	3	0	3
AT2G25735	0	0	0	0	0	2
AT2G31110	1	0	0	0	0	2
AT2G35700	6	2	0	1	0	0
AT2G09845	0	0	0	0	5	1
AT4G01915	0	0	0	2	1	0
AT4G14650	0	0	0	0	0	0
AT4G26460	8	1	2	1	1	0
AT4G27765	1	1	5	2	4	0
ATMG00620	0	0	0	1	4	0
AT1G02813	3	2	2	2	0	0
AT1G04263	1	0	5	4	3	3
AT1G23700	1	1	0	0	0	0
AT1G30280	2	0	0	0	0	0
AT1G76220	0	0	0	0	0	0
AT5G02155	1	2	0	1	0	3
AT5G03325	2	2	2	0	2	3
AT5G27607	1	5	4	2	0	1
AT5G37247	2	1	0	0	1	0
AT5G53670	0	1	0	0	0	0
AT5G55270	1	0	0	0	1	0
AT5G59780	0	0	0	0	0	0
AT5G09065	2	1	5	2	1	1
AT3G20180	0	0	0	1	1	0
AT3G47410	0	0	0	0	0	0
AT3G08210	5	0	3	1	7	1
AT3G08360	1	4	3	0	3	1
AT3G56710	0	1	1	1	0	0
AT2G03565	2	1	2	5	0	4
AT2G05786	2	1	1	1	6	1
AT2G07676	0	0	4	0	3	1
AT2G07644	0	2	1	3	1	0
AT2G25200	0	0	0	1	0	1
AT2G30540	0	0	0	0	0	0
AT4G00160	0	1	4	1	2	1
AT4G04110	0	0	0	3	0	4
AT4G08160	0	0	0	1	0	0
AT4G22980	0	0	0	0	0	0
AT4G26560	1	0	0	0	0	0
AT4G30730	0	2	1	0	1	5
AT4G08465	1	0	1	4	2	8
11/22/01	1	0	0	0	0	0
AT1G01660	0	0	0	0	0	0
AT1G18020	0	1	0	1	0	0
AT1G26700	0	0	0	0	0	0
AT1G30455	3	2	3	0	3	6
AT1G49130	0	1	1	2	1	0
AT1G51840	0	0	0	0	0	0
AT1G68090	1	2	1	4	1	2
AT1G77790	0	0	0	0	0	0
AT5G15830	1	0	0	0	0	0
AT5G36228	3	0	1	7	2	2
AT5G43064	0	0	0	0	0	0
AT5G46380	2	0	1	0	3	1
AT5G46830	0	0	0	0	0	0
AT5G49180	1	0	0	0	0	1
AT5G54710	0	0	0	0	0	0
AT5G62360	0	0	0	3	1	0
AT5G64905	0	0	0	0	0	0
AT5G09675	1	0	1	4	2	4
AT3G10430	0	0	1	5	7	3
AT3G25930	1	0	0	0	0	0
AT3G07465	4	0	2	0	0	0
AT3G57690	0	0	0	0	1	1
AT2G07762	0	0	0	2	2	1
AT2G24195	1	0	0	0	0	0
AT2G39820	1	4	2	0	2	4
AT2G09205	0	0	0	2	0	1
AT2G44010	0	0	1	3	1	0
AT2G47430	0	0	0	2	0	0
AT4G01140	0	0	0	0	0	0
AT4G04675	0	2	1	1	2	0
AT4G11030	4	2	2	1	1	3
AT4G14245	0	0	0	5	1	0
AT4G06250	1	2	0	1	3	3
AT4G38213	1	2	0	0	3	0
AT4G38390	0	0	0	0	0	0
ATMG01260	3	0	0	1	0	1
AT1G07850	4	0	2	0	2	2
AT1G14518	0	2	2	1	0	0
AT1G18200	0	0	1	0	0	0
AT1G28730	8	0	0	1	0	1
AT1G28980	1	0	4	2	0	2
AT1G52240	0	0	0	0	0	0
AT1G55790	1	2	1	5	0	5
AT1G77730	1	0	0	0	0	2
AT5G04150	0	0	0	3	3	4
AT5G09320	0	0	2	0	0	3
AT5G19360	3	0	0	2	0	0
AT5G20225	0	2	1	3	0	4
AT5G62040	0	0	0	0	0	1
AT3G01385	0	0	0	0	0	0
AT3G11860	1	4	3	0	0	0
AT3G15500	0	0	0	0	0	0
AT3G25221	3	0	0	1	0	1
AT3G06045	5	0	0	3	2	2
AT3G46666	1	0	0	0	2	0
AT3G46760	0	0	0	0	0	0
AT2G03290	2	4	4	3	0	0
AT2G06215	2	1	2	3	1	2
AT2G20880	1	0	0	2	2	1
AT2G08015	1	2	0	4	2	1
AT2G33850	0	0	0	0	0	0
AT2G34580	0	0	0	0	0	0
AT4G03156	1	1	3	0	2	0
AT4G09731	0	0	7	5	0	8
AT4G05785	1	4	1	2	5	1
AT4G26040	4	3	2	1	2	2
AT4G35370	9	2	3	3	0	0
novel.139	0	0	0	0	0	1
AT1G07025	0	0	0	4	0	0
AT1G11190	0	0	0	0	0	3
AT1G22065	0	0	0	4	1	1
AT1G35910	0	0	0	0	0	0
AT1G48953	1	3	0	5	0	4
AT1G07663	2	1	0	0	0	3
AT1G62410	3	1	2	0	1	0
AT1G70110	2	0	1	4	3	2
AT5G04145	0	0	0	6	0	3
AT5G26900	2	0	3	2	2	3
AT5G51790	0	0	0	2	2	1
AT5G63087	0	0	0	2	0	0
AT3G05365	1	2	3	0	2	0
AT3G11740	0	2	3	1	1	1
AT3G17010	1	2	0	1	0	0
AT3G18400	2	0	0	0	0	0
AT3G20580	0	0	0	0	1	3
AT3G28875	0	2	2	1	4	0
AT3G05815	0	0	0	4	0	0
AT3G44240	2	0	2	4	0	3
AT3G48300	3	1	3	0	0	1
AT3G50180	0	0	1	0	0	0
AT3G54410	6	2	1	2	0	3
AT2G05825	1	0	0	3	2	2
AT2G27389	0	0	0	0	5	2
AT2G32140	0	0	0	0	0	0
AT2G35670	0	0	0	0	0	0
AT4G04035	1	2	2	6	0	0
AT4G11170	0	0	0	0	0	0
AT4G06235	2	9	1	3	1	0
AT4G16015	0	0	0	0	0	0
AT4G22680	0	0	0	0	2	0
AT4G29930	3	0	5	1	3	0
AT4G34650	0	0	0	0	0	0
ATMG00490	1	0	0	3	5	4
ATCG00290	0	1	0	0	0	2
AT1G01390	0	1	0	0	0	0
AT1G17300	0	0	0	0	0	0
AT1G18990	0	0	2	0	0	1
AT1G20375	2	0	1	2	0	0
AT1G06773	0	0	0	0	3	1
AT1G08047	0	4	1	1	4	2
AT1G61590	0	0	0	0	0	0
AT1G09163	1	0	0	0	0	1
AT1G72620	0	0	0	0	0	0
AT1G74830	0	0	0	0	0	0
AT1G78478	0	2	1	2	1	0
AT5G00780	4	1	0	1	0	0
AT5G08760	0	0	0	0	1	1
AT5G11416	0	4	2	4	3	2
AT5G23010	0	0	0	0	0	0
AT5G50030	0	0	0	1	0	0
AT5G64820	1	0	2	1	0	1
AT5G66020	1	0	0	2	5	2
AT5G09955	0	1	0	0	0	0
AT3G03272	0	3	0	0	0	0
AT3G12410	3	0	3	1	1	0
AT3G13724	1	1	0	0	2	1
AT3G06515	3	0	1	0	0	1
AT2G05155	0	0	0	4	0	2
AT2G07721	1	0	0	5	2	0
AT2G07741	0	0	0	0	3	1
AT2G11815	2	3	2	2	1	0
AT2G17770	0	0	1	1	0	0
AT2G20620	3	2	0	1	5	0
AT2G22810	0	0	0	2	6	7
AT2G08050	3	1	1	1	4	5
AT2G26390	0	0	0	0	0	0
AT2G26480	0	0	0	0	0	0
AT2G33720	1	1	1	3	0	1
AT2G46572	1	1	1	0	3	1
AT4G00670	0	0	2	1	1	8
AT4G04425	5	0	0	3	3	1
AT4G09960	1	4	1	4	0	0
AT4G13800	0	1	1	1	0	1
AT4G14140	0	0	0	0	1	0
AT4G20050	4	0	2	1	0	0
AT4G23780	0	0	0	1	0	0
AT4G38700	0	1	0	1	2	1
ATCG01090	1	1	1	0	5	0
AT1G01670	0	2	0	1	0	0
AT1G09540	0	0	0	0	0	0
AT1G17030	2	0	0	0	0	0
AT1G18835	0	0	0	0	0	1
AT1G20990	2	0	0	2	3	1
AT1G22490	0	2	3	0	0	1
AT1G08147	0	0	0	0	0	0
AT1G61320	0	0	2	0	1	0
AT1G73810	0	0	0	2	1	2
AT1G79680	0	0	0	0	0	0
AT5G03820	0	3	0	2	0	1
AT5G05770	0	0	0	0	0	1
AT5G13670	4	0	2	1	1	2
AT5G42500	0	0	0	0	0	0
AT5G46890	0	0	0	0	0	0
AT5G50590	0	1	0	3	0	0
AT5G54570	1	2	0	2	0	0
AT5G57887	1	0	0	1	2	3
AT3G47510	0	1	0	1	1	2
AT3G55130	0	0	0	0	0	0
AT3G58740	3	0	0	0	0	0
AT3G61210	0	0	0	0	0	0
AT2G07005	0	0	0	0	0	1
AT2G21480	0	0	0	1	4	0
AT2G22905	0	0	0	0	0	0
AT2G28671	0	1	1	0	2	2
AT2G31500	0	1	2	3	4	0
AT2G08900	1	2	0	2	1	2
AT4G03705	4	2	2	0	0	2
AT4G00890	0	0	0	0	0	0
AT4G03298	1	3	1	2	0	0
AT4G03565	1	3	2	5	3	3
AT4G24070	1	1	1	0	1	0
AT4G31630	2	2	1	1	1	2
ATMG01100	1	0	2	1	2	0
AT1G02070	0	0	1	0	0	0
AT1G04357	0	1	0	1	0	0
AT1G04913	1	1	0	1	3	3
AT1G12855	2	0	0	1	4	4
AT1G15540	0	0	1	0	4	0
AT1G05913	4	3	1	0	1	0
AT1G25240	1	2	0	2	2	1
AT1G26515	1	0	1	0	1	2
AT1G27670	0	0	0	1	1	0
AT1G28920	4	0	0	2	4	0
AT1G07963	1	2	0	3	0	1
AT1G68800	0	0	0	0	0	0
AT1G74810	0	0	0	0	0	0
AT1G75920	0	0	0	1	1	0
AT5G03495	0	0	0	2	4	1
AT5G10880	1	0	0	0	0	2
AT5G18661	0	1	0	0	0	0
AT5G05975	2	2	1	4	1	1
AT5G41030	1	0	0	3	2	0
AT5G45970	0	0	0	0	0	0
AT5G50800	0	0	0	0	0	0
AT5G08840	2	2	0	1	1	1
AT5G64190	0	0	0	4	1	1
AT5G09335	4	1	2	0	0	0
AT3G05035	0	0	0	2	1	0
AT3G24225	1	1	3	0	5	1
AT3G26620	0	0	0	1	0	1
AT3G28958	1	0	0	1	1	1
AT3G46910	0	1	0	0	0	1
AT3G50220	0	0	0	0	0	0
AT3G57370	1	1	0	1	2	1
AT3G60120	0	0	0	0	0	0
AT2G04435	2	3	0	6	0	3
AT2G16980	0	0	0	0	0	0
AT2G36210	0	0	0	0	2	0
AT2G47245	0	0	0	0	0	0
AT4G16050	2	4	2	2	1	0
AT4G17480	0	0	0	0	0	1
AT4G23280	0	2	0	0	0	1
AT4G26880	0	0	0	0	0	0
AT4G07975	0	2	0	0	0	0
AT4G32990	0	0	2	3	0	2
ATCG01070	2	1	1	0	4	1
AT1G12510	0	1	0	1	0	0
AT1G26610	0	0	0	0	0	0
AT1G32172	0	0	0	0	0	0
AT1G49330	0	0	0	0	0	0
AT1G07547	0	2	1	1	1	3
AT1G62000	0	0	1	1	0	0
AT1G74875	0	1	2	0	5	2
AT1G78460	0	0	0	0	0	0
AT5G03995	0	0	0	0	0	0
AT5G01125	0	1	4	2	1	1
AT5G14895	1	2	1	1	0	0
AT5G17167	0	0	0	0	0	0
AT5G18060	0	0	0	0	0	0
AT5G20640	1	3	1	0	0	0
AT5G51610	2	0	1	5	1	2
AT5G58050	0	0	0	0	0	0
AT3G11390	1	0	0	0	0	0
AT3G04495	0	0	0	0	0	0
AT3G26610	0	0	0	0	1	0
AT3G50390	0	0	0	4	3	0
AT3G50400	0	3	1	2	2	0
AT2G03210	0	0	0	0	1	0
AT2G05995	0	0	0	0	0	0
AT2G25240	0	0	0	0	0	0
AT2G33690	0	0	0	0	1	0
AT2G35980	0	4	0	0	5	3
AT2G38152	0	0	0	0	0	0
AT4G01535	0	2	0	3	1	1
AT4G03220	0	0	0	0	0	1
AT4G11521	0	2	0	2	1	2
AT4G13505	0	0	1	0	0	0
AT4G14390	0	0	0	0	0	0
AT4G19580	0	0	0	7	1	1
AT4G25010	0	0	0	0	0	0
AT4G25480	0	1	0	0	0	0
AT4G08295	6	1	0	0	0	0
ATMG09730	0	0	0	2	2	0
ATCG00010	0	1	1	0	0	0
AT1G08670	2	3	0	1	1	4
AT1G15825	2	3	3	1	3	0
AT1G18860	0	0	0	0	0	0
AT1G24880	2	0	0	1	0	0
AT1G49830	0	0	0	0	0	1
AT1G57670	0	0	0	0	0	0
AT1G65190	0	1	0	0	0	0
AT1G66800	0	0	0	0	0	0
AT1G09573	0	0	0	0	0	0
AT1G76530	0	0	0	1	0	0
AT1G78990	1	0	0	0	0	0
AT5G10580	2	5	2	0	2	0
AT5G02535	0	0	1	2	0	0
AT5G02595	1	0	1	3	1	0
AT5G24140	0	0	0	0	0	0
AT5G42580	0	0	0	0	0	0
AT5G48100	0	0	0	0	0	0
AT5G67430	0	0	0	0	0	0
AT3G09240	1	0	2	0	0	0
AT3G17320	1	6	1	1	0	4
AT3G19350	2	2	1	0	1	0
AT3G21870	0	0	0	0	0	0
AT3G28310	1	2	1	1	4	1
AT3G58860	0	0	0	3	1	1
AT3G61280	0	0	0	0	0	0
AT2G06305	0	3	0	1	0	0
AT2G18970	0	4	0	2	0	0
AT2G07355	3	0	0	0	5	1
AT2G38690	3	0	0	0	0	0
AT2G45550	1	0	4	0	1	3
AT4G04135	3	1	2	4	4	1
AT4G06195	0	0	0	0	0	0
AT4G16880	6	0	2	0	0	3
AT4G23170	0	0	0	4	1	0
AT4G25380	0	3	1	0	3	2
AT4G07745	3	5	4	1	2	2
AT1G05783	0	1	1	1	0	1
AT1G20180	1	1	0	2	0	2
AT1G22690	0	0	0	0	0	0
AT1G25055	0	1	0	0	0	0
AT1G07013	0	0	0	7	5	3
AT1G51920	0	0	0	0	0	2
AT1G57980	0	0	0	0	0	0
AT1G66830	0	0	0	0	0	0
AT5G25260	1	0	0	1	0	0
AT5G51030	0	0	0	0	0	0
AT5G67490	7	0	0	5	0	0
AT3G03260	0	0	0	0	0	0
AT3G13140	3	1	0	3	0	0
AT3G14780	0	0	0	4	1	3
AT3G03825	2	0	0	1	0	0
AT3G06645	0	1	1	5	3	0
AT3G08130	0	0	0	0	0	0
AT2G25169	2	0	2	0	0	1
AT2G32510	0	0	0	0	0	0
AT2G39040	0	0	0	0	0	0
AT2G43270	0	1	2	3	0	1
AT4G05315	0	0	0	2	0	0
AT4G21650	0	0	0	1	0	0
AT4G25400	0	0	0	0	0	0
AT4G27590	0	0	0	0	1	0
AT4G08045	0	3	1	2	4	0
AT4G31248	2	1	0	3	1	1
AT4G37850	0	0	0	0	0	0
AT4G38140	0	3	0	0	0	1
ATMG00680	0	0	0	2	0	0
ATMG01050	0	0	0	8	2	0
AT1G04083	0	0	0	1	3	3
AT1G10340	1	2	2	0	2	0
AT1G20132	3	2	0	3	4	1
AT1G22000	0	0	0	0	0	0
AT1G25277	0	0	0	0	0	0
AT1G28810	3	4	2	1	2	3
AT1G28970	5	0	1	1	1	0
AT1G30990	0	0	0	0	0	0
AT1G47370	2	0	0	3	2	2
AT1G52695	0	0	0	0	0	0
AT1G61710	0	0	0	0	0	0
AT1G65425	0	0	2	0	0	4
AT1G09293	1	4	0	0	1	0
AT1G73790	1	1	2	1	2	3
AT1G76135	0	0	0	1	0	0
AT1G78970	0	0	0	0	0	0
AT1G80580	1	0	1	1	1	1
AT5G01345	1	0	1	4	1	0
AT5G02665	0	2	1	0	3	2
AT5G24070	0	0	0	0	0	0
AT5G04185	0	0	1	2	0	0
AT5G27807	0	1	1	1	1	10
AT5G47150	0	1	1	4	1	4
AT5G47980	0	0	0	0	0	0
AT5G59390	2	1	2	0	1	0
AT3G01885	6	2	2	0	0	0
AT3G10015	0	0	0	0	0	0
AT3G15359	0	0	0	0	0	0
AT3G24535	0	0	0	0	0	0
AT3G27415	0	1	0	0	0	1
AT3G27970	0	0	0	1	0	0
AT3G06475	1	2	2	4	1	1
AT3G07895	1	3	0	0	3	0
AT2G03130	1	0	1	0	0	0
AT2G03200	0	0	0	0	0	0
AT2G05495	2	1	0	7	2	3
AT2G21237	0	0	0	1	0	0
AT2G28710	0	0	0	0	0	0
AT2G30730	5	1	1	2	0	3
AT2G34430	0	1	0	0	0	0
AT2G45760	0	0	0	0	0	0
AT4G01820	1	0	0	0	0	0
AT4G05540	0	0	0	2	1	0
AT4G18510	0	0	0	1	0	0
AT4G25750	0	0	4	0	2	2
AT4G26330	0	0	0	0	0	0
AT1G03743	2	0	1	0	3	2
AT1G05297	3	0	0	0	0	0
AT1G06593	1	0	0	3	0	2
AT1G44130	0	0	1	3	5	0
AT1G45616	0	0	0	1	0	0
AT1G47770	0	1	0	0	0	0
AT1G49640	0	0	1	0	0	1
AT1G56650	0	0	0	0	0	0
AT1G59730	0	0	0	0	0	0
AT1G09497	0	0	1	0	0	0
AT5G02000	0	0	0	1	0	0
AT5G09470	0	1	0	0	0	1
AT5G12270	1	0	0	0	1	1
AT5G14490	4	0	2	1	1	1
AT5G14602	0	3	0	1	3	5
AT5G23360	3	0	1	0	0	0
AT5G26650	1	0	1	2	5	3
AT5G37490	1	0	2	1	0	0
AT5G44690	3	2	1	1	0	1
AT5G50120	0	0	0	0	0	0
AT5G63340	0	0	0	1	0	1
AT3G02885	0	0	0	0	0	0
AT3G04410	1	2	2	4	2	0
AT3G02455	5	2	1	1	2	2
AT3G12220	0	0	0	1	0	1
AT3G21660	0	0	0	0	0	0
AT3G52310	0	1	0	0	0	0
AT3G62990	0	0	0	0	0	0
AT2G34555	1	1	0	9	2	2
AT2G09085	4	4	4	0	0	1
AT4G02670	0	0	0	0	1	0
AT4G04630	1	0	0	0	1	0
AT4G05360	4	3	1	1	0	1
AT4G12140	1	0	1	1	0	1
AT4G18425	0	0	0	0	1	0
AT4G18990	0	0	0	0	0	0
AT4G07065	1	1	1	4	1	2
AT4G23870	0	0	0	0	0	0
AT4G24180	3	1	2	0	0	1
AT4G07280	0	1	2	2	2	1
AT4G27550	5	0	4	4	1	0
AT4G28000	0	2	0	2	0	5
AT4G30880	0	2	1	0	1	1
AT4G37225	0	0	0	0	0	0
AT1G16150	0	0	0	0	0	0
AT1G18000	0	0	0	1	0	1
AT1G05703	6	1	1	0	1	0
AT1G27380	1	1	0	1	1	0
AT1G30170	5	2	3	1	0	0
AT1G46984	0	0	0	0	0	0
AT1G49210	1	0	0	0	1	0
AT1G54070	0	1	0	0	1	0
AT1G63245	0	0	0	0	2	0
AT1G64105	4	0	1	2	0	2
AT1G68880	0	0	0	0	0	0
AT1G09537	1	1	0	0	0	0
AT1G78440	0	0	0	0	0	0
AT5G01747	0	0	0	0	0	0
AT5G02510	0	0	0	0	0	0
AT5G01235	0	1	0	1	2	0
AT5G01245	2	2	0	1	1	1
AT5G22670	0	0	0	1	0	0
AT5G38030	0	0	0	0	0	0
AT5G40680	5	1	2	2	1	1
AT5G41908	1	0	0	0	0	1
AT5G46610	0	0	0	3	0	0
AT5G47077	0	3	0	0	0	0
AT5G48350	1	0	1	1	1	0
AT5G50270	2	0	1	0	1	0
AT5G57735	0	0	0	0	0	0
AT5G08990	4	2	0	2	0	0
AT5G61650	0	0	0	0	0	0
AT3G13437	0	0	0	1	0	1
AT3G21520	0	0	0	0	0	0
AT3G23630	0	0	0	0	0	0
AT3G27070	0	0	0	2	0	0
AT2G07656	0	1	0	5	0	1
AT2G22850	0	0	3	0	2	4
AT2G33900	4	3	1	1	2	1
AT4G08869	0	0	0	7	3	1
AT4G13890	0	0	0	0	0	0
AT4G16451	0	0	0	0	0	1
AT4G24170	0	1	0	0	1	4
AT4G33585	0	0	1	0	0	0
AT4G38092	0	0	0	0	0	0
ATCG00570	0	0	1	0	0	1
ATCG00600	0	1	1	0	0	0
ATCG00610	0	0	0	0	0	2
AT1G09176	2	1	1	0	1	0
AT1G05987	0	0	0	0	0	0
AT1G26970	0	0	0	0	0	0
AT1G27580	0	1	2	0	3	2
AT1G61224	0	0	0	0	0	0
AT1G63870	2	0	1	3	6	3
AT1G70030	0	0	0	0	0	0
AT1G09697	2	0	0	0	2	0
AT5G16080	0	0	0	0	0	0
AT5G02715	0	0	1	1	3	0
AT5G26090	0	0	0	0	0	0
AT5G05425	0	0	0	0	0	0
AT5G39260	0	4	0	0	3	0
AT5G41290	0	0	0	0	0	0
AT5G44050	0	0	0	0	0	0
AT5G48490	0	0	0	0	0	0
AT3G10590	0	0	0	0	2	0
AT3G16040	1	0	0	0	0	1
AT3G28216	0	1	0	0	4	0
AT3G28857	0	0	0	0	0	0
AT3G49330	0	0	0	0	0	0
AT3G53232	1	1	1	0	1	0
AT3G54625	2	1	0	3	1	3
AT2G01880	0	0	0	0	0	0
AT2G01960	0	0	0	1	5	0
AT2G03370	0	0	1	0	0	4
AT2G07795	0	1	1	1	4	0
AT2G26750	0	0	0	2	1	0
AT2G08430	0	0	0	0	1	0
AT2G41590	1	0	0	3	7	5
AT2G45220	0	0	0	0	0	0
AT2G45403	0	1	1	0	0	0
AT4G01190	0	0	0	0	1	0
AT4G08040	0	0	0	0	0	0
AT4G37860	1	2	0	1	1	0
AT4G38560	0	0	0	0	1	0
ATCG00230	0	0	0	0	2	0
AT1G03170	0	0	0	2	0	1
AT1G06030	0	0	0	2	1	1
AT1G12490	0	2	0	1	0	1
AT1G18960	0	0	1	3	0	0
AT1G05907	0	0	1	1	3	3
AT1G28170	0	0	0	0	0	0
AT1G30020	3	0	0	1	2	3
AT1G51645	0	1	0	0	0	1
AT1G07993	2	0	0	0	2	0
AT1G55591	0	2	0	0	2	3
AT1G68600	1	0	2	3	3	1
AT1G68700	1	0	0	1	0	0
AT1G09043	2	0	5	1	3	1
AT1G72980	1	3	0	1	0	2
AT1G73510	0	1	3	3	0	0
AT5G02065	0	0	0	1	0	0
AT5G00965	2	0	2	1	2	0
AT5G19410	0	0	1	0	3	0
AT5G22720	2	1	0	1	3	0
AT5G25000	0	0	1	2	1	0
AT5G34830	3	1	0	2	0	1
AT5G38120	0	0	0	0	0	0
AT5G05805	0	1	2	2	0	0
AT5G38940	0	0	0	0	0	0
AT5G06295	0	1	0	0	1	0
AT5G43840	0	0	0	0	0	0
AT5G45450	3	5	0	2	0	1
AT5G48175	0	0	0	0	0	0
AT5G57650	3	0	1	0	3	1
AT5G61100	1	2	0	0	0	1
AT5G09535	2	0	1	4	0	1
AT3G11385	0	0	0	0	0	0
AT3G03105	0	0	2	1	1	1
AT3G03865	3	0	0	0	1	0
AT3G23230	0	0	0	0	0	2
AT3G24605	0	4	1	1	2	1
AT3G28590	0	0	1	2	2	0
AT3G49820	0	0	1	0	0	0
AT3G50290	0	0	0	0	0	0
AT3G08150	0	1	2	4	1	1
AT3G51960	0	0	0	0	0	0
AT3G53150	0	0	0	0	0	2
AT3G60470	0	0	0	1	0	1
AT2G06765	0	0	0	1	0	0
AT2G17295	3	0	1	0	3	0
AT2G07345	0	2	0	1	1	0
AT2G23660	0	0	0	0	0	0
AT2G43060	0	0	0	0	0	0
AT4G05091	1	2	0	1	7	0
AT4G09780	0	0	0	0	0	0
AT4G10240	0	0	0	0	1	0
AT4G15400	0	0	2	0	0	0
AT4G16855	2	0	0	1	0	1
AT4G07545	1	1	2	2	0	2
AT4G27570	0	0	0	0	0	0
AT4G30120	4	3	2	0	3	0
AT4G30830	0	0	0	0	0	0
AT4G31265	0	1	0	1	0	0
AT4G39060	0	3	4	0	0	1
AT4G39700	0	0	0	1	0	0
ATMG00010	0	1	0	0	0	1
ATMG00400	0	0	1	1	1	0
ATMG01030	0	0	0	3	2	0
ATCG00110	0	0	0	0	0	0
AT1G04093	0	0	0	0	0	0
AT1G06170	6	5	2	0	0	0
AT1G04483	1	0	0	1	0	0
AT1G07900	1	0	0	2	0	0
AT1G13500	0	0	0	0	0	0
AT1G18810	0	0	0	0	0	0
AT1G19510	0	0	0	0	0	0
AT1G20795	5	2	0	0	0	1
AT1G24140	0	0	0	0	0	0
AT1G05933	1	0	2	3	1	0
AT1G29430	0	0	0	0	0	0
AT1G06487	0	0	0	2	1	0
AT1G07637	3	0	0	0	0	0
AT1G52580	0	0	0	3	3	1
AT1G07967	0	0	1	1	0	1
AT1G60410	0	4	1	1	1	0
AT1G73410	0	0	0	0	0	0
AT5G03435	1	0	1	0	3	0
AT5G11820	0	1	0	3	0	3
AT5G23990	0	0	0	0	0	0
AT5G25550	0	0	0	0	1	1
AT5G05235	1	0	0	0	1	1
AT5G46900	0	0	0	0	0	0
AT5G51720	0	0	0	0	0	0
AT5G54050	0	0	0	0	0	0
AT5G55360	0	0	0	2	1	0
AT5G57200	1	0	0	1	0	2
AT5G59385	0	0	3	2	1	1
AT5G62660	1	3	3	0	0	0
AT3G01830	0	0	0	2	2	4
AT3G10185	1	1	0	0	0	1
AT3G02485	4	0	1	2	3	2
AT3G12545	0	1	1	0	1	0
AT3G20460	0	5	0	0	0	1
AT3G04085	0	1	0	0	2	0
AT3G28610	0	0	0	2	1	1
AT3G06815	0	0	0	0	0	1
AT3G48080	2	1	1	3	2	2
AT2G15220	0	0	0	0	0	0
AT2G16953	0	0	0	2	1	0
AT2G17160	0	3	0	5	4	4
AT2G23096	1	0	2	3	0	1
AT2G24430	0	0	0	1	0	0
AT2G33670	0	0	0	0	0	0
AT2G35460	0	0	0	1	1	0
AT2G09125	3	2	1	0	2	1
AT2G41225	0	0	0	2	0	0
AT2G47115	0	2	1	1	0	1
AT4G11543	0	0	0	0	0	0
AT4G18290	2	0	0	0	0	0
AT4G37840	0	0	1	0	0	0
AT1G04193	3	0	0	0	0	0
AT1G07175	0	0	0	0	0	0
AT1G11655	1	0	0	0	0	0
AT1G05207	0	0	0	0	0	0
AT1G05293	4	0	3	1	0	0
AT1G05317	0	0	0	0	0	0
AT1G27820	1	2	1	2	1	0
AT1G27920	0	0	1	1	3	2
AT1G29270	0	1	0	0	0	0
AT1G06777	1	1	0	0	0	0
AT1G61810	0	0	0	0	0	2
AT1G63530	2	2	1	0	0	4
AT1G67980	0	0	0	2	0	6
AT1G68450	0	1	0	2	3	1
AT1G71450	0	1	0	5	1	0
AT1G73065	0	1	0	1	2	0
AT1G09783	0	0	0	1	1	0
AT5G17180	0	1	0	1	1	1
AT5G22315	2	2	1	3	0	1
AT5G04495	0	0	0	0	0	0
AT5G27765	3	1	0	1	2	0
AT5G05415	0	0	0	0	0	0
AT5G37980	0	0	0	0	0	0
AT5G39420	0	1	0	1	0	1
AT5G42930	0	0	0	0	0	0
AT5G43480	1	1	0	1	0	2
AT5G43890	0	0	0	0	0	0
AT5G45910	0	2	0	0	1	0
AT5G54400	0	0	1	0	0	0
AT5G56080	0	0	0	0	0	0
AT5G57760	0	0	1	0	0	0
AT5G62780	0	1	0	0	0	0
AT5G62970	2	1	3	3	2	2
AT5G64720	0	1	0	3	0	1
AT3G02035	0	1	0	2	0	2
AT3G13220	0	0	0	0	0	0
AT3G17760	1	1	0	0	0	0
AT3G23167	0	1	0	3	0	0
AT3G26110	0	3	1	1	0	1
AT3G06285	3	1	1	0	0	0
AT3G48346	0	0	0	0	1	0
AT3G52080	1	0	0	1	0	1
AT3G08300	4	1	1	2	3	1
AT3G56891	1	3	1	1	1	3
AT3G60966	0	0	0	0	0	0
AT2G03885	1	0	0	0	2	0
AT2G02455	0	0	1	0	1	0
AT2G16960	3	0	0	1	1	0
AT2G17470	0	0	0	0	0	0
AT2G17810	0	1	0	2	3	4
AT2G17940	0	0	0	0	0	0
AT2G18590	3	1	2	1	0	0
AT2G07265	0	5	1	2	1	2
AT2G21200	2	0	0	0	0	1
AT2G07575	1	0	1	1	0	0
AT2G25990	0	1	0	2	3	2
AT2G30560	3	0	0	1	4	0
AT2G32620	0	0	0	0	0	0
AT2G40925	0	1	0	0	0	0
AT2G44380	0	0	0	0	0	0
AT4G07820	0	0	0	2	0	2
AT4G13810	1	0	0	0	1	1
AT4G14805	2	1	0	0	0	2
AT4G21926	0	0	0	0	0	0
AT4G23220	1	0	0	0	1	0
AT4G27300	0	0	0	0	0	0
AT4G33860	0	1	1	3	0	0
AT4G36610	0	0	1	0	1	0
ATMG01400	0	0	1	1	2	2
AT1G02250	0	0	0	1	0	0
AT1G18510	0	0	0	0	0	0
AT1G20700	1	0	1	0	0	0
AT1G22670	3	0	1	1	0	1
AT1G53990	7	1	1	0	0	0
AT1G55207	0	2	2	1	1	3
AT1G58037	0	0	0	0	0	0
AT5G03204	0	0	0	0	0	0
AT5G05085	0	0	0	1	0	2
AT5G07322	1	0	0	1	1	1
AT5G23065	2	0	0	1	2	0
AT5G04085	0	2	0	8	1	1
AT5G35870	0	0	0	0	0	0
AT5G43300	0	1	0	0	0	1
AT5G44900	2	2	0	2	0	2
AT5G45000	0	0	0	1	0	0
AT5G50490	0	0	0	0	0	0
AT5G08975	0	0	0	0	0	1
AT5G61700	0	0	0	0	0	0
AT3G04110	0	0	0	0	0	1
AT3G05930	1	0	3	0	0	0
AT3G06895	3	1	0	1	2	0
AT3G02775	0	0	0	0	2	2
AT3G14250	1	0	0	0	0	0
AT3G04025	3	0	1	2	2	1
AT3G43970	0	0	0	0	0	0
AT3G45840	0	1	0	0	0	0
AT3G47580	1	1	1	0	0	0
AT3G50610	0	0	0	0	0	0
AT3G58440	0	0	1	1	0	0
AT2G15350	0	0	0	0	0	0
AT2G21990	0	0	0	0	1	2
AT2G07485	1	0	0	0	1	2
AT2G25565	0	3	0	2	1	0
AT2G26400	0	0	0	0	0	0
AT2G27270	0	3	2	1	0	0
AT2G30424	0	0	0	0	0	0
AT2G34100	1	1	3	4	1	0
AT2G37370	0	0	0	0	0	0
AT2G43890	0	0	0	0	0	0
AT2G47340	0	0	0	0	0	0
AT4G03380	1	4	0	0	1	0
AT4G04330	0	0	0	2	0	0
AT4G19850	0	0	0	0	0	0
AT4G32445	1	0	2	1	0	0
AT4G35165	0	0	0	0	0	0
ATMG00710	1	1	0	1	4	1
ATMG00970	1	0	0	0	1	3
novel.164	1	2	0	0	0	1
AT1G01305	3	2	1	0	0	0
AT1G04467	4	0	0	2	0	1
AT1G07728	0	0	0	0	0	0
AT1G33440	0	0	0	0	0	0
AT1G50760	0	0	1	0	0	0
AT1G62450	1	1	0	0	1	0
AT1G70220	0	0	0	0	3	0
AT1G09553	0	1	1	3	1	2
AT5G02900	0	0	0	0	0	0
AT5G06720	0	0	0	0	0	2
AT5G03235	1	0	1	2	1	0
AT5G24880	0	0	0	0	0	0
AT5G27510	0	0	0	0	1	1
AT5G37230	0	0	0	0	1	0
AT5G37270	0	0	0	2	2	2
AT5G37760	0	0	0	0	2	0
AT5G40180	1	0	1	1	1	1
AT5G41280	0	0	0	0	0	3
AT5G06765	0	0	3	1	1	6
AT5G59845	0	1	0	0	0	0
AT5G09135	2	0	1	0	1	1
AT5G65980	1	0	0	0	0	0
AT5G09965	0	0	0	0	1	4
AT3G03800	0	1	0	1	0	1
AT3G01585	0	1	0	0	2	4
AT3G05152	0	0	0	0	0	0
AT3G01745	0	1	0	1	0	0
AT3G05770	1	0	0	1	1	1
AT3G11370	0	0	0	0	0	0
AT3G13432	0	0	0	0	2	0
AT3G15440	0	0	1	4	8	1
AT3G15860	0	0	0	0	0	0
AT3G18720	0	0	1	2	3	1
AT3G23360	0	0	0	0	0	0
AT3G23550	0	0	0	2	0	0
AT3G29580	4	1	0	0	2	1
AT3G47720	0	0	0	0	0	0
AT3G47740	0	0	0	0	0	0
AT3G55485	0	3	0	0	0	2
AT3G57587	1	0	2	0	0	0
AT2G07621	0	0	0	1	2	0
AT2G05485	1	0	4	1	1	0
AT2G24103	0	0	0	0	0	0
AT2G26020	0	0	0	1	1	0
AT2G29130	0	0	0	1	1	0
AT2G09705	2	1	1	0	2	0
AT2G46720	0	0	3	0	0	0
AT4G16030	1	2	1	1	2	1
AT4G20240	1	0	0	0	0	0
AT4G25490	0	2	0	0	0	0
AT4G30662	0	1	0	1	1	0
AT4G35820	0	0	1	0	0	0
AT4G36950	1	0	0	0	2	0
ATMG01020	1	0	0	0	4	0
AT1G07680	0	4	0	0	0	0
AT1G12630	0	3	0	0	0	0
AT1G13607	0	0	0	0	0	0
AT1G16120	0	0	0	0	1	1
AT1G21940	0	0	0	3	2	0
AT1G23110	2	1	1	0	0	0
AT1G23160	0	0	0	0	0	0
AT1G30780	0	0	0	0	0	0
AT1G43140	0	0	0	2	0	0
AT1G07167	0	0	0	1	0	0
AT1G47990	0	0	0	0	0	0
AT1G48180	0	4	1	0	0	0
AT1G62760	0	1	0	1	2	0
AT1G66090	0	0	0	0	0	0
AT1G68630	3	2	1	0	0	0
AT1G68765	0	0	0	0	0	0
AT1G71120	1	0	0	1	0	1
AT1G71690	3	1	0	2	0	0
AT5G00790	0	0	0	0	0	0
AT5G06470	2	0	0	0	0	0
AT5G02095	0	0	0	0	1	0
AT5G14010	0	0	0	0	0	0
AT5G15833	0	0	0	0	0	0
AT5G17110	0	0	0	0	2	0
AT5G18890	0	0	0	1	1	3
AT5G27050	4	1	1	0	1	0
AT5G27570	0	0	1	0	0	0
AT5G36280	0	1	0	0	0	0
AT5G39810	2	1	0	1	0	1
AT5G50680	1	0	3	1	0	1
AT5G50820	0	0	0	1	0	1
AT5G08925	0	5	0	2	0	4
AT5G62065	0	0	0	0	3	1
AT3G06545	2	2	0	4	1	0
AT3G13010	0	0	0	0	0	0
AT3G24612	1	1	2	0	6	0
AT3G29305	0	0	0	1	0	0
AT3G47090	0	1	1	2	2	0
AT3G47760	0	0	0	0	0	0
AT3G52820	0	0	0	0	0	0
AT3G08405	0	0	1	0	1	1
AT3G62730	0	0	0	0	2	1
AT2G02250	0	0	0	0	1	3
AT2G03822	1	0	2	1	1	1
AT2G04910	0	2	1	0	0	0
AT2G07708	0	1	0	1	3	1
AT2G19572	0	1	0	0	1	0
AT2G08905	0	1	1	0	1	2
AT2G42610	0	0	0	0	0	0
AT4G02733	0	0	1	2	0	3
AT4G10440	2	0	0	3	0	1
AT4G11890	0	0	0	0	0	0
AT4G15680	0	0	0	0	0	0
AT4G20360	0	0	0	2	1	0
AT4G28580	0	0	0	0	4	0
AT4G31660	0	0	0	0	0	0
AT4G09365	1	0	1	1	0	1
AT4G37310	1	0	0	0	0	0
AT4G37980	0	0	0	0	1	0
AT4G39403	5	1	2	2	1	0
ATMG00720	0	0	0	3	0	0
ATCG00510	0	0	0	1	0	0
AT1G04103	0	0	0	1	0	1
AT1G12150	0	0	0	0	0	0
AT1G15630	2	0	0	0	0	0
AT1G18310	1	0	0	4	1	2
AT1G19210	0	1	0	3	0	0
AT1G20240	0	0	0	0	0	0
AT1G29962	0	0	0	0	0	0
AT1G06707	0	0	0	0	1	0
AT1G43605	0	0	0	0	0	0
AT1G47610	0	0	0	0	0	0
AT1G54590	0	2	0	0	0	0
AT1G54790	0	0	0	0	0	0
AT1G08573	0	0	0	1	0	0
AT1G63960	0	2	1	0	0	1
AT1G65450	0	0	0	0	0	0
AT5G02110	0	0	0	0	0	0
AT5G02930	1	2	2	0	0	2
AT5G03550	0	0	0	0	0	0
AT5G14670	0	2	1	5	3	2
AT5G17200	0	0	0	0	0	1
AT5G03575	2	1	0	1	2	0
AT5G24080	0	0	1	0	0	0
AT5G26840	0	0	0	0	0	5
AT5G35407	0	0	0	0	0	3
AT5G36800	0	0	0	0	0	0
AT5G38540	0	0	0	0	0	0
AT5G44005	1	3	1	0	2	2
AT5G44620	0	0	0	0	0	0
AT5G47530	0	1	0	0	0	0
AT5G57690	0	0	0	0	0	0
AT5G08810	0	0	0	0	0	2
AT5G61730	0	0	0	1	3	1
AT3G10870	1	0	1	0	1	0
AT3G10986	0	0	0	0	0	0
AT3G13500	0	0	2	1	0	0
AT3G18715	0	0	0	0	1	0
AT3G06215	3	0	0	0	0	0
AT3G08005	0	0	0	0	0	0
AT3G49070	3	0	0	0	1	0
AT3G53980	0	0	0	0	0	0
AT3G57210	0	4	0	0	0	3
AT3G61340	1	0	3	1	1	0
AT3G61730	0	0	1	1	2	1
AT2G04715	0	0	0	0	2	0
AT2G11270	0	0	0	5	0	2
AT2G25470	0	0	0	0	0	1
AT2G29120	0	0	0	0	0	0
AT2G42480	0	0	0	0	4	1
AT2G09500	0	1	0	1	3	0
AT4G04975	1	0	0	0	3	0
AT4G14450	0	0	1	1	4	0
AT4G14630	0	0	0	0	0	0
AT4G06375	0	0	0	2	1	2
AT4G17160	0	0	0	1	0	0
AT4G18940	0	3	0	0	0	0
AT4G18980	0	0	0	0	0	0
AT4G22870	0	0	0	1	0	0
AT4G24600	1	1	0	0	1	0
AT4G08245	0	0	0	1	1	0
AT4G31950	0	1	0	0	0	0
ATMG01110	1	0	0	0	1	1
AT1G02490	0	0	0	0	0	0
AT1G09610	0	0	0	0	0	0
AT1G10155	0	0	0	4	0	2
AT1G13890	0	2	0	0	0	1
AT1G17744	0	0	0	0	0	0
AT1G19250	0	0	0	0	0	0
AT1G05557	0	2	0	0	1	4
AT1G20500	0	0	1	2	1	2
AT1G23840	0	0	0	0	0	2
AT1G27890	0	0	0	0	0	0
AT1G29180	0	1	0	0	0	0
AT1G30760	0	0	0	0	0	0
AT1G06917	0	0	0	0	1	1
AT1G07027	0	0	1	0	1	0
AT1G47300	1	0	0	0	0	1
AT1G51860	0	0	0	0	0	0
AT1G55430	0	0	0	0	0	0
AT1G55917	0	0	0	1	0	1
AT1G08097	0	1	1	0	9	0
AT1G08143	0	0	0	0	0	0
AT1G08207	0	1	1	0	0	0
AT1G60570	0	3	0	3	0	1
AT1G60985	2	1	0	0	1	1
AT1G61300	0	1	0	3	0	2
AT1G63330	0	0	1	1	0	8
AT1G65800	0	0	1	0	0	1
AT1G66420	1	3	0	0	0	0
AT1G73270	0	0	0	0	0	0
AT1G76430	0	0	0	4	0	2
AT5G01881	0	1	0	1	0	0
AT5G02035	0	0	0	0	0	0
AT5G00975	0	0	0	0	0	2
AT5G06730	0	0	0	0	0	0
AT5G07650	0	0	0	0	0	0
AT5G19875	0	0	0	0	0	0
AT5G24210	0	0	0	0	0	0
AT5G38710	0	0	0	4	3	0
AT5G41640	0	2	0	3	0	2
AT5G41820	0	0	2	2	0	3
AT5G43490	2	2	2	0	0	0
AT5G54230	0	0	0	0	0	0
AT5G55720	0	3	0	0	0	0
AT5G55980	0	0	0	0	2	2
AT5G56300	1	2	2	1	0	0
AT3G05858	0	0	0	0	0	0
AT3G05950	0	0	2	0	0	1
AT3G09220	0	0	0	0	0	0
AT3G02575	0	0	3	0	0	0
AT3G20400	0	1	0	1	1	0
AT3G23460	0	0	0	0	0	0
AT3G25510	0	0	1	0	1	0
AT3G05175	0	0	0	0	3	0
AT3G27720	1	0	0	1	4	0
AT3G46730	1	0	1	0	0	0
AT3G48344	1	1	0	0	0	2
AT3G50270	0	0	0	0	0	0
AT3G57270	0	0	0	0	0	0
AT2G04735	3	0	0	0	3	5
AT2G04220	0	1	0	0	0	0
AT2G06960	0	0	0	2	4	2
AT2G10450	0	5	0	0	0	0
AT2G19610	0	0	0	0	0	0
AT2G08055	0	0	0	3	0	2
AT2G08255	0	0	0	0	0	1
AT2G29370	0	1	0	0	0	0
AT2G29950	0	0	2	0	1	0
AT2G35890	0	0	0	0	0	0
AT2G47190	1	0	1	1	1	0
AT4G08190	0	1	1	0	3	0
AT4G08450	0	0	0	0	0	0
AT4G15150	0	0	0	0	1	0
AT4G16355	0	0	0	0	0	0
AT4G20160	0	0	0	0	0	0
AT4G21745	0	0	0	0	0	0
AT4G23205	0	0	0	0	1	1
AT4G24010	0	0	0	0	0	0
AT4G37010	0	1	0	1	1	1
AT4G38065	3	0	1	0	0	0
ATCG00690	0	0	0	0	0	0
AT1G04147	1	0	2	0	2	1
AT1G04427	0	5	0	0	1	0
AT1G06810	1	0	1	0	0	4
AT1G07476	0	0	0	2	0	0
AT1G09930	0	0	0	0	5	2
AT1G04927	1	1	0	1	1	3
AT1G05017	0	0	0	0	0	0
AT1G16230	0	0	0	0	0	0
AT1G16705	2	0	1	2	0	1
AT1G05763	0	0	1	0	2	0
AT1G24068	1	0	1	0	1	0
AT1G06023	1	0	1	4	2	0
AT1G26921	2	0	4	1	0	0
AT1G35625	0	2	0	0	0	2
AT1G44180	0	1	0	0	0	0
AT1G52770	0	0	0	0	0	1
AT1G60783	0	1	0	0	0	0
AT1G08747	0	0	0	0	1	0
AT1G65330	0	0	0	0	0	0
AT1G66320	1	0	0	1	0	0
AT1G67640	0	0	0	0	0	0
AT1G68110	1	0	0	0	0	0
AT1G68480	0	0	0	2	0	0
AT1G78922	1	0	0	0	0	0
AT5G03930	0	0	2	1	0	0
AT5G04180	1	0	0	0	0	1
AT5G09805	0	0	0	0	0	0
AT5G15180	0	0	0	0	0	0
AT5G04055	0	0	0	1	3	1
AT5G04905	4	0	1	0	0	0
AT5G38320	0	0	0	1	0	0
AT5G39020	0	0	0	0	0	0
AT5G39870	0	0	0	0	0	0
AT5G53592	0	0	0	0	0	1
AT5G54450	0	1	0	2	0	0
AT5G59260	1	1	0	2	1	0
AT5G61120	0	0	0	0	0	0
AT3G02590	0	0	0	0	0	2
AT3G13280	0	1	0	2	1	2
AT3G03135	1	3	0	0	2	1
AT3G16210	0	0	0	0	0	0
AT3G24575	3	2	3	2	0	2
AT3G05825	2	0	0	0	1	0
AT3G43291	0	0	0	2	0	0
AT3G44710	0	0	0	0	0	0
AT3G44950	0	0	0	0	0	0
AT3G46613	0	0	0	0	0	0
AT3G49970	0	0	0	0	0	0
AT3G08985	2	0	0	0	1	1
AT3G09295	0	0	1	0	3	3
AT3G60000	0	0	0	0	0	0
AT2G08105	2	4	0	1	1	2
AT2G30362	0	1	0	0	0	0
AT2G32780	0	2	1	2	2	1
AT4G04025	0	0	0	0	0	0
AT4G10860	0	0	0	0	0	0
AT4G14530	0	0	3	3	2	1
AT4G22200	0	0	0	0	0	0
AT4G25585	0	0	0	0	1	0
AT4G08385	0	0	2	0	4	1
ATCG01170	1	0	0	0	0	1
AT1G04097	0	1	1	0	1	2
AT1G02940	0	0	0	0	1	0
AT1G05550	1	0	0	0	0	0
AT1G18197	3	3	1	0	0	2
AT1G05487	0	0	1	4	0	0
AT1G21510	0	0	0	0	0	0
AT1G24650	2	0	1	2	0	0
AT1G50190	0	0	0	1	0	0
AT1G50659	0	0	0	1	0	0
AT1G07757	0	0	0	1	1	0
AT1G08123	1	0	1	0	0	0
AT1G60110	0	0	0	0	0	0
AT1G60450	0	0	0	3	1	0
AT1G08457	0	0	0	1	0	3
AT1G64130	0	0	0	2	0	0
AT1G09023	0	0	0	1	3	0
AT1G70880	0	0	0	0	1	0
AT1G73610	0	0	0	0	0	0
AT1G09513	2	0	0	4	0	0
AT1G77655	0	3	0	3	0	1
AT5G10210	0	0	0	0	0	0
AT5G02905	1	0	2	0	0	1
AT5G20560	0	0	0	0	0	0
AT5G21130	0	0	0	0	0	0
AT5G22610	0	0	0	1	0	0
AT5G23000	0	0	0	0	0	2
AT5G25530	0	0	0	0	0	0
AT5G27580	2	0	0	0	0	0
AT5G41380	0	0	0	1	0	0
AT5G41905	0	0	0	0	1	0
AT5G44582	0	0	0	0	0	0
AT5G07805	1	1	6	1	0	0
AT5G52750	0	0	0	0	0	0
AT5G67120	0	0	0	3	2	0
AT3G03530	1	0	0	0	0	0
AT3G09590	0	0	0	0	0	1
AT3G12775	0	0	2	1	0	1
AT3G12910	0	0	1	0	3	0
AT3G20520	0	0	0	0	3	0
AT3G20530	1	0	1	0	0	1
AT3G24068	0	3	0	3	2	1
AT3G26818	0	0	0	0	0	0
AT3G29110	0	4	0	2	0	0
AT3G44980	0	0	0	0	0	0
AT3G45390	0	0	0	0	0	0
AT3G57100	0	0	0	0	1	1
AT3G09205	1	8	1	1	0	1
AT2G01580	3	1	0	0	1	0
AT2G02900	0	3	0	0	0	1
AT2G03610	1	0	0	0	0	0
AT2G03630	0	0	0	0	1	1
AT2G07738	0	0	0	2	1	2
AT2G05515	1	3	1	0	1	1
AT2G16245	2	0	0	0	1	2
AT2G16575	0	0	0	0	0	0
AT2G20720	3	0	0	2	0	1
AT2G07645	0	0	0	0	0	0
AT2G29045	4	0	5	0	0	0
AT2G08335	4	0	1	1	1	0
AT2G29840	0	1	2	1	0	0
AT2G30210	0	3	0	0	0	0
AT2G08440	1	0	0	1	1	0
AT2G38600	0	0	0	2	0	0
AT2G41750	1	0	0	1	0	0
AT2G43450	2	0	0	1	0	1
AT4G00130	0	0	0	0	0	0
AT4G02950	0	0	0	0	0	0
AT4G04570	0	0	0	0	0	0
AT4G09585	0	0	0	0	1	0
AT4G11650	0	0	0	0	0	0
AT4G13564	1	0	1	0	0	7
AT4G28088	0	0	0	0	0	0
AT4G29600	1	0	0	0	1	0
AT4G08445	2	0	0	0	1	2
ATMG00260	0	0	1	0	6	0
AT1G02570	0	0	0	0	0	1
AT1G06160	2	2	0	1	0	0
AT1G06920	1	0	0	0	0	1
AT1G18010	1	0	0	0	0	1
AT1G28870	3	0	0	2	0	0
AT1G43600	1	0	3	3	0	1
AT1G07543	1	1	2	3	0	0
AT1G55010	0	0	0	0	0	0
AT1G55775	1	0	0	0	1	0
AT1G63070	0	0	0	2	1	1
AT1G63206	0	2	0	0	3	0
AT1G67150	0	0	0	0	0	0
AT1G69720	0	0	0	1	3	0
AT1G69990	0	0	0	0	0	0
AT1G71235	0	0	0	1	0	1
AT5G02115	0	1	0	0	1	4
AT5G14980	0	0	0	1	0	1
AT5G22530	0	1	0	0	0	0
AT5G23030	0	0	0	0	0	0
AT5G23810	0	1	1	0	0	0
AT5G27810	1	0	0	0	1	1
AT5G42230	3	0	1	3	1	1
AT5G43200	0	0	0	0	0	0
AT5G06705	0	0	0	0	1	0
AT5G49600	0	1	0	0	0	2
AT5G49770	0	0	0	0	0	0
AT5G53230	1	3	3	1	1	0
AT5G55507	1	0	0	0	2	0
AT5G60408	0	0	0	1	4	2
AT5G08965	0	0	0	0	0	0
AT5G65730	0	0	1	3	0	1
AT3G05650	0	0	0	0	0	0
AT3G05975	0	0	0	1	0	0
AT3G07522	0	0	1	0	2	1
AT3G02285	0	0	0	0	0	1
AT3G03325	0	2	1	1	2	0
AT3G20865	0	0	0	0	0	0
AT3G44769	0	0	0	0	0	0
AT3G44805	0	0	0	0	0	0
AT3G45180	3	3	1	1	0	0
AT3G55540	1	0	0	2	0	0
AT3G56400	0	0	0	0	1	0
AT3G08685	1	0	0	0	1	1
AT3G57740	0	0	0	0	0	0
AT3G58420	0	0	0	0	0	0
AT3G59160	0	0	0	0	0	1
AT3G60176	0	1	2	0	0	0
AT3G60270	0	0	0	1	0	1
AT3G62528	5	0	0	0	1	0
AT2G02660	3	1	0	1	1	1
AT2G07732	1	0	2	0	3	1
AT2G17972	3	0	1	0	1	0
AT2G21610	0	0	0	0	0	0
AT2G22460	0	0	0	0	0	0
AT2G23321	0	0	1	1	0	0
AT2G25297	0	0	0	0	0	0
AT2G33930	2	0	0	0	3	0
AT2G38100	0	0	0	0	0	1
AT2G09035	1	2	1	0	0	0
AT2G09575	0	0	0	5	0	1
AT2G09615	0	0	0	0	0	0
AT4G04585	0	0	0	7	3	1
AT4G05435	2	0	0	0	1	0
AT4G08876	0	0	0	0	0	0
AT4G06160	0	0	0	0	2	0
AT4G15700	0	0	0	0	0	0
AT4G19630	0	0	0	0	1	0
AT4G25000	0	0	0	1	0	0
AT4G28405	0	0	0	2	0	1
AT4G30970	0	0	0	0	0	0
AT4G08915	0	0	0	0	1	1
AT4G34380	0	0	0	0	0	0
AT4G36350	0	0	0	0	0	0
AT1G03165	1	0	0	2	0	0
AT1G06830	0	0	0	0	0	0
AT1G17380	1	0	2	0	0	0
AT1G20750	0	0	0	0	0	2
AT1G22290	0	0	0	0	0	0
AT1G28220	0	0	0	0	0	0
AT1G32270	0	2	0	0	0	0
AT1G33030	0	0	0	0	0	0
AT1G36272	3	0	2	1	0	2
AT1G47130	1	1	0	0	0	0
AT1G07373	0	0	0	3	0	1
AT1G48820	0	0	0	0	0	0
AT1G52410	0	0	0	0	0	0
AT1G55420	2	0	2	0	1	0
AT1G60760	0	0	0	1	0	0
AT1G70910	0	0	0	1	0	0
AT1G09453	0	0	0	0	0	0
AT1G80730	0	1	0	0	0	2
AT5G01060	3	0	1	0	0	0
AT5G09711	0	0	0	0	0	1
AT5G13130	0	4	1	1	2	2
AT5G14160	0	0	0	2	3	1
AT5G19221	1	3	0	2	0	2
AT5G20370	0	2	0	3	0	0
AT5G24820	0	0	0	0	0	0
AT5G39120	1	1	2	0	0	0
AT5G40940	0	2	1	0	0	0
AT5G42180	0	0	0	0	0	0
AT5G42235	1	0	0	0	2	2
AT5G43440	0	0	1	1	0	0
AT5G06655	0	0	0	0	0	0
AT5G07995	0	0	0	0	0	1
AT5G53902	0	0	0	6	2	1
AT5G54560	0	2	0	0	0	0
AT5G60350	0	0	0	0	0	0
AT3G04330	0	0	0	0	0	0
AT3G05960	1	0	0	0	0	0
AT3G14520	0	0	0	0	0	0
AT3G16070	0	0	0	0	0	0
AT3G19085	0	0	0	0	1	0
AT3G20750	1	1	5	4	0	2
AT3G21590	0	0	0	0	0	0
AT3G22275	0	0	0	0	0	0
AT3G26147	0	0	0	0	0	3
AT3G29638	0	0	0	0	0	0
AT3G05925	0	0	2	1	0	1
AT3G46614	0	0	0	0	0	0
AT3G08075	0	0	0	2	1	2
AT3G54830	2	0	0	0	0	0
AT3G57310	0	0	0	0	0	0
AT2G04205	0	0	0	0	0	0
AT2G04060	3	0	2	0	0	1
AT2G05065	0	1	1	0	1	2
AT2G07140	0	0	0	3	1	1
AT2G05505	0	0	2	1	1	0
AT2G12480	0	0	0	0	0	1
AT2G25820	0	0	0	0	0	0
AT2G26720	0	1	0	0	0	1
AT2G08800	0	0	0	2	0	2
AT2G47050	0	0	0	0	0	1
AT2G09815	2	0	0	0	0	0
AT4G01340	0	0	0	0	0	0
AT4G02830	0	0	0	0	0	0
AT4G04900	0	0	0	0	0	0
AT4G05030	0	0	0	0	0	0
AT4G05025	0	3	0	1	0	0
AT4G05380	1	0	0	1	1	0
AT4G08875	0	1	0	0	0	0
AT4G09100	0	0	0	0	0	0
AT4G09870	0	0	0	3	2	1
AT4G05775	0	2	2	4	2	0
AT4G10270	1	0	2	3	3	3
AT4G12320	0	0	0	0	0	0
AT4G13235	0	0	0	1	0	0
AT4G24430	0	1	0	0	0	0
AT4G34320	0	0	1	0	0	0
AT4G35010	0	0	0	0	0	0
AT4G09105	1	0	1	0	0	0
AT4G36925	0	0	0	0	0	3
AT1G03987	0	0	0	4	0	2
AT1G07340	1	0	2	0	0	0
AT1G09260	1	0	1	1	0	0
AT1G10800	0	0	0	0	0	0
AT1G12960	0	0	0	4	0	0
AT1G13300	0	0	0	0	0	0
AT1G13650	0	0	0	0	0	0
AT1G18050	1	0	1	0	0	1
AT1G21530	0	0	0	0	0	0
AT1G06097	0	0	0	4	1	2
AT1G29510	0	0	0	0	0	0
AT1G30050	0	0	0	0	0	0
AT1G31885	0	1	2	0	0	0
AT1G44160	0	0	0	0	0	0
AT1G07457	2	2	1	0	0	0
AT1G51890	0	0	0	0	0	0
AT1G52325	0	0	0	1	1	1
AT1G53480	0	0	1	0	0	0
AT1G55365	0	1	1	0	0	0
AT1G65550	1	2	4	2	0	0
AT1G67238	0	0	0	0	0	0
AT5G06010	0	0	1	0	1	0
AT5G01275	0	2	1	1	0	0
AT5G07475	0	0	4	2	1	1
AT5G03035	0	0	0	0	0	1
AT5G03585	0	0	0	0	0	1
AT5G23370	3	0	2	0	1	0
AT5G35380	0	0	1	1	2	1
AT5G37470	1	3	0	0	0	0
AT5G38080	0	0	0	0	0	0
AT5G39750	2	0	0	0	5	0
AT5G48710	0	0	0	0	0	0
AT5G07365	0	0	1	0	1	0
AT5G07705	0	0	0	2	1	0
AT5G51420	1	0	0	0	0	0
AT5G65690	0	0	0	0	0	0
AT5G66390	0	0	0	0	0	0
AT3G06020	0	0	0	0	0	0
AT3G02385	0	0	0	0	0	0
AT3G19002	1	0	1	0	1	2
AT3G04475	0	0	0	0	0	0
AT3G27650	0	1	0	0	0	0
AT3G28470	0	1	0	0	0	1
AT3G06635	0	1	1	1	0	0
AT3G44326	0	0	0	0	0	1
AT3G46520	2	0	0	0	0	2
AT3G55650	0	0	0	0	0	0
AT3G58780	1	2	4	0	0	0
AT3G63110	3	0	0	0	0	0
AT2G01500	0	0	0	0	0	0
AT2G01900	0	0	0	0	0	0
AT2G05420	0	0	0	0	0	0
AT2G05540	0	0	0	0	1	0
AT2G07205	0	0	0	0	0	0
AT2G19980	0	0	0	0	0	0
AT2G08130	4	1	1	1	0	0
AT2G25780	0	0	3	0	5	1
AT2G31310	0	0	0	0	2	0
AT2G32315	0	0	0	0	0	2
AT2G36792	0	0	0	0	0	0
AT2G39510	1	0	0	0	0	0
AT2G40050	0	0	0	0	0	0
AT2G41690	0	0	0	0	1	0
AT2G09480	6	0	1	0	1	1
AT4G00970	0	0	0	0	0	0
AT4G05335	0	0	0	0	0	0
AT4G09880	1	0	1	0	0	1
AT4G12100	1	0	0	1	0	0
AT4G06155	0	0	0	1	2	0
AT4G14280	0	0	0	3	1	0
AT4G15096	0	0	0	1	0	3
AT4G16080	0	0	0	0	0	0
AT4G18790	0	0	0	0	0	0
AT4G19370	0	0	0	0	0	0
AT4G23210	0	0	2	0	2	0
AT4G32110	0	0	0	0	0	1
AT4G09005	0	0	0	0	0	0
ATCG00060	1	2	0	0	0	0
ATCG00830	0	0	0	0	1	0
AT1G11920	0	0	0	0	0	0
AT1G20860	0	0	0	0	0	0
AT1G05757	1	2	0	1	2	1
AT1G24485	0	0	1	2	0	1
AT1G28135	0	4	2	2	0	0
AT1G28860	0	0	1	0	2	1
AT1G35260	0	0	0	0	0	0
AT1G43040	0	0	0	0	0	0
AT1G48150	0	0	0	0	0	3
AT1G52390	0	0	0	0	0	0
AT1G53100	0	0	0	0	0	1
AT1G08027	0	0	1	0	0	0
AT1G55240	0	0	0	0	1	0
AT1G56540	0	0	0	0	0	0
AT1G72110	0	0	0	0	2	0
AT1G75160	0	0	0	2	0	0
AT1G76994	0	0	0	0	0	0
AT1G09913	0	0	0	1	0	0
AT5G01550	0	3	0	0	0	0
AT5G07050	0	0	1	0	0	2
AT5G04695	4	0	1	0	1	1
AT5G28345	1	2	2	0	1	0
AT5G35640	2	1	2	0	0	0
AT5G44540	0	0	0	0	0	0
AT5G49420	0	1	0	1	0	1
AT5G54585	0	0	0	0	0	0
AT5G54720	0	0	0	0	0	0
AT5G60380	0	0	1	0	0	0
AT5G62165	0	0	3	0	0	1
AT5G62730	1	2	0	0	1	0
AT5G65274	0	0	0	0	1	0
AT5G09465	0	0	0	1	0	0
AT5G67265	1	0	0	1	3	0
AT3G03430	0	1	0	0	0	1
AT3G04220	0	0	0	0	0	0
AT3G01845	2	0	0	2	0	1
AT3G18235	0	0	0	3	1	0
AT3G04845	1	0	0	0	1	0
AT3G43950	0	0	0	0	0	1
AT3G46660	0	1	0	1	0	0
AT3G48343	0	0	0	0	0	0
AT3G49700	0	0	0	0	0	0
AT3G55230	0	0	0	0	0	0
AT3G61840	0	0	0	0	1	0
AT2G10606	0	0	0	1	0	0
AT2G19890	0	0	0	0	0	2
AT2G21880	0	0	0	0	0	0
AT2G22180	0	0	0	0	0	0
AT2G23400	0	0	0	0	0	0
AT2G27535	0	0	0	0	0	0
AT2G27570	0	0	0	0	0	0
AT2G34990	1	0	0	0	0	0
AT2G35637	1	0	1	0	1	0
AT2G36920	0	0	0	1	4	0
AT2G38300	0	0	1	0	1	0
AT2G09010	0	0	0	1	0	0
AT2G09200	0	1	0	2	0	0
AT2G41178	0	0	0	0	4	0
AT4G08691	1	0	1	4	1	0
AT4G09430	0	0	0	0	0	2
AT4G11190	0	0	0	0	0	2
AT4G11250	2	0	3	0	0	0
AT4G13510	0	0	0	0	0	0
AT4G20900	0	0	0	0	1	1
AT4G22640	0	0	0	0	0	0
AT4G26701	2	0	1	0	0	0
AT4G29050	0	1	0	0	0	0
AT4G08595	0	1	0	2	0	3
AT4G09475	0	1	0	1	2	1
AT4G37230	0	0	0	0	0	0
AT4G37500	0	2	0	1	0	0
AT4G38850	0	0	0	0	0	0
ATMG01250	0	0	0	0	1	2
ATCG00240	0	0	0	1	1	0
AT1G01150	0	0	0	0	0	0
AT1G02065	0	0	0	0	0	0
AT1G04237	0	0	0	0	0	0
AT1G05650	0	0	0	0	0	0
AT1G11690	0	0	0	0	0	0
AT1G18382	0	1	0	0	3	0
AT1G21970	0	0	0	0	0	1
AT1G24070	0	0	0	0	0	0
AT1G27040	1	0	0	0	0	0
AT1G31490	0	0	0	0	0	0
AT1G34050	2	0	0	0	0	0
AT1G06783	0	0	0	1	0	0
AT1G53640	0	0	1	0	0	0
AT1G55070	2	0	0	0	1	0
AT1G66440	0	0	0	0	0	0
AT1G66783	0	0	0	0	0	0
AT1G67481	0	0	0	0	0	0
AT1G78160	3	0	0	1	0	2
AT5G02390	0	0	2	0	0	0
AT5G07175	0	0	0	0	0	0
AT5G09360	3	0	0	0	0	0
AT5G09500	0	2	0	0	0	0
AT5G12235	0	0	0	0	2	0
AT5G02745	0	0	1	6	0	0
AT5G03255	1	2	0	3	0	1
AT5G27130	0	1	0	0	3	0
AT5G30360	0	1	0	0	0	0
AT5G38450	0	1	0	0	0	0
AT5G42325	0	0	0	2	1	0
AT5G45640	0	0	1	0	1	0
AT5G46930	0	1	0	0	1	0
AT5G51860	1	0	0	1	0	0
AT5G52965	0	0	0	0	0	0
AT5G53680	0	0	0	1	0	3
AT5G56510	0	0	0	1	1	0
AT5G60740	0	0	0	1	0	0
AT5G64667	0	0	0	0	0	0
AT5G64855	0	0	0	1	0	3
AT3G05310	0	0	0	0	0	0
AT3G09020	0	0	0	1	0	0
AT3G09863	0	1	0	0	0	0
AT3G10000	0	0	0	0	0	0
AT3G14030	1	0	1	0	0	1
AT3G19310	0	0	0	0	0	0
AT3G03925	0	0	0	0	0	0
AT3G20360	0	0	0	0	0	0
AT3G22650	0	0	0	0	0	0
AT3G23955	0	0	0	1	0	1
AT3G24514	0	1	0	3	1	1
AT3G29630	0	0	0	0	0	0
AT3G30530	0	0	0	0	0	0
AT3G06075	0	0	0	0	2	0
AT3G06685	0	0	0	0	0	0
AT3G46617	0	0	0	0	0	0
AT3G48310	0	0	0	1	0	1
AT3G51325	0	0	0	0	0	0
AT3G58920	0	0	0	3	2	1
AT3G09645	1	0	0	2	0	0
AT3G62640	0	0	0	0	1	0
AT2G04440	0	1	0	0	3	0
AT2G19990	0	0	0	0	0	0
AT2G25370	0	0	0	0	0	0
AT2G33920	1	0	1	0	0	1
AT2G43795	0	0	0	0	0	0
AT2G09760	0	0	0	0	0	0
AT4G04015	0	0	0	0	1	0
AT4G02320	0	0	0	0	0	0
AT4G04995	0	0	0	0	0	0
AT4G10310	0	0	0	0	0	0
AT4G12510	0	0	0	0	0	0
AT4G05995	0	0	0	1	0	4
AT4G17220	0	0	0	0	0	0
AT4G28556	0	0	0	0	0	0
AT4G29580	0	0	0	0	0	0
AT4G32170	0	0	0	0	0	0
AT4G34060	0	0	0	0	0	0
AT4G36105	1	0	0	0	0	0
AT4G36590	0	0	0	0	0	0
AT4G36808	1	0	0	0	0	0
AT4G38870	0	0	0	1	0	0
ATMG00540	1	0	1	2	1	2
AT1G05990	0	0	0	0	0	0
AT1G10680	0	0	0	0	0	0
AT1G12610	1	0	2	0	0	0
AT1G04983	2	2	0	1	0	0
AT1G13010	0	0	0	0	0	2
AT1G15720	0	0	1	0	0	0
AT1G16400	0	0	0	0	0	0
AT1G16420	0	0	0	0	0	0
AT1G21850	0	0	0	0	1	0
AT1G22090	0	0	1	2	0	0
AT1G23270	0	1	4	0	0	1
AT1G29110	0	0	0	1	0	0
AT1G06287	1	0	1	0	1	0
AT1G32510	0	0	0	0	0	0
AT1G43680	0	0	0	2	0	0
AT1G07293	0	1	0	1	0	1
AT1G51880	0	0	0	0	0	0
AT1G51913	0	0	0	0	0	1
AT1G52950	0	1	0	0	0	1
AT1G55770	0	1	0	0	0	0
AT1G58050	0	0	0	1	2	0
AT1G08273	1	0	0	1	0	0
AT1G65630	1	0	3	0	0	1
AT1G65880	0	0	0	0	0	0
AT1G66465	1	0	0	0	0	0
AT1G66910	0	0	0	0	0	0
AT1G67160	0	0	0	0	1	2
AT1G67860	0	0	0	0	0	0
AT1G76230	0	0	0	0	0	0
AT1G09923	0	2	0	0	1	0
AT5G04400	0	0	0	0	0	0
AT5G01765	1	0	1	0	0	0
AT5G01935	0	4	0	2	0	1
AT5G01945	0	0	1	1	0	0
AT5G15290	0	0	3	0	0	1
AT5G17320	0	0	0	0	0	0
AT5G18240	0	0	0	1	0	0
AT5G20430	0	1	3	0	0	2
AT5G03515	0	0	1	0	1	1
AT5G24655	0	1	0	0	0	0
AT5G27340	0	1	0	0	0	4
AT5G05395	1	0	0	0	0	0
AT5G39400	1	0	0	2	0	1
AT5G39880	0	0	0	0	0	0
AT5G44140	2	0	0	0	3	0
AT5G45070	0	0	2	1	0	1
AT5G46025	0	0	1	0	0	0
AT5G55770	0	0	0	0	0	0
AT5G09475	0	1	0	0	0	0
AT5G66640	0	0	0	0	0	0
AT3G01140	0	0	0	0	0	1
AT3G01205	1	0	0	0	0	1
AT3G06985	0	0	0	1	0	0
AT3G01945	1	2	0	1	1	0
AT3G11180	2	0	0	0	0	1
AT3G02665	0	0	0	0	0	1
AT3G16600	0	0	0	2	0	0
AT3G20760	0	0	0	0	0	0
AT3G24517	0	0	0	1	0	1
AT3G06585	1	0	4	0	5	0
AT3G43930	0	0	0	0	0	0
AT3G49796	0	0	0	1	0	2
AT3G08105	1	0	1	0	0	0
AT3G50373	3	0	0	3	0	1
AT3G51690	0	0	0	0	1	0
AT3G52605	0	0	0	0	2	0
AT3G60020	1	0	0	0	0	0
AT3G09325	0	0	0	0	0	2
AT2G07719	0	0	1	1	0	2
AT2G16360	0	0	0	0	0	0
AT2G16592	0	0	0	0	0	0
AT2G18880	1	0	0	0	2	1
AT2G21420	0	0	0	0	0	0
AT2G22980	0	0	0	0	0	0
AT2G28340	2	0	1	1	1	1
AT2G33270	0	0	0	0	0	1
AT2G35765	0	0	0	0	0	0
AT2G36100	0	0	0	0	0	0
AT2G36815	0	0	0	0	0	0
AT2G08915	0	3	1	0	0	0
AT4G01180	3	0	0	2	0	1
AT4G05497	1	0	1	1	0	0
AT4G05700	1	1	0	2	0	1
AT4G12065	2	1	0	0	0	0
AT4G06260	0	0	0	1	2	0
AT4G15417	0	0	0	0	0	0
AT4G15460	0	0	0	0	0	0
AT4G06900	0	0	0	2	0	1
AT4G20450	0	0	0	0	0	0
AT4G21213	0	0	0	0	0	0
AT4G34410	0	0	0	2	0	1
AT4G36070	3	0	0	0	0	0
AT4G39490	0	0	0	2	0	2
AT1G01530	0	0	0	0	0	0
AT1G02790	0	0	0	0	0	0
AT1G03010	0	0	0	1	0	0
AT1G05450	0	0	0	0	0	0
AT1G05103	0	1	0	0	0	1
AT1G18350	0	2	0	2	0	0
AT1G21870	0	0	0	0	0	0
AT1G23730	0	0	0	0	0	0
AT1G28900	3	0	1	0	1	0
AT1G29460	0	2	0	0	0	0
AT1G31400	1	0	0	0	0	2
AT1G55755	1	0	0	0	0	0
AT1G59950	0	0	0	0	0	0
AT1G61720	0	0	0	0	0	0
AT1G62333	0	0	0	0	0	0
AT1G63540	0	0	0	1	0	0
AT1G66020	0	0	0	0	0	0
AT1G68905	3	0	0	0	2	0
AT1G69730	0	0	0	0	0	0
AT1G09213	1	0	0	0	0	0
AT1G73300	0	0	0	1	0	0
AT1G74190	1	0	0	0	0	2
AT1G78470	1	0	1	0	1	0
AT1G79240	0	0	0	0	0	0
AT5G03270	0	0	0	0	0	0
AT5G02485	0	0	0	0	0	0
AT5G16740	0	0	0	0	1	0
AT5G17500	1	1	2	1	0	0
AT5G23600	0	1	0	0	0	0
AT5G24316	0	0	1	0	0	2
AT5G04575	0	0	0	0	0	0
AT5G27910	0	0	0	2	0	0
AT5G36920	0	0	0	0	0	0
AT5G40260	0	0	0	2	0	1
AT5G42053	0	0	0	0	0	0
AT5G44590	0	0	0	0	0	0
AT5G06775	0	0	0	0	0	0
AT5G52340	0	0	0	0	2	0
AT5G08765	1	0	1	1	1	1
AT5G08800	0	0	0	4	0	0
AT5G58360	1	2	0	0	0	0
AT5G62240	0	0	0	0	0	0
AT5G09325	0	0	0	0	0	0
AT5G09365	0	0	0	0	0	0
AT3G01080	0	0	0	0	0	0
AT3G01475	0	0	0	0	0	3
AT3G02810	2	0	1	1	0	0
AT3G06100	0	0	0	0	0	1
AT3G06280	2	0	0	1	0	0
AT3G01835	0	0	0	0	1	0
AT3G08870	0	0	0	0	0	0
AT3G03265	0	0	0	0	0	0
AT3G16380	1	0	0	0	0	0
AT3G17530	0	0	0	0	2	0
AT3G20900	1	0	2	1	0	0
AT3G25720	0	0	0	0	0	0
AT3G05395	0	0	0	0	0	0
AT3G28390	0	0	0	0	1	1
AT3G28695	0	0	0	0	0	0
AT3G07505	0	0	0	0	0	0
AT3G47200	0	0	0	0	0	0
AT3G50170	0	0	0	0	0	0
AT3G50470	0	0	0	0	0	0
AT3G50808	0	0	0	0	0	0
AT3G56705	0	1	1	0	0	0
AT3G09075	0	0	1	1	0	0
AT3G09365	0	0	0	0	0	0
AT2G02610	0	0	0	0	0	0
AT2G03445	2	0	0	0	0	0
AT2G05045	1	0	0	0	0	0
AT2G05815	0	0	0	1	0	0
AT2G06605	2	0	4	0	0	1
AT2G20080	0	0	0	0	0	0
AT2G21187	0	0	0	0	0	0
AT2G21595	0	2	0	0	0	0
AT2G23445	0	0	0	0	0	0
AT2G24410	0	0	0	0	0	0
AT2G08290	0	0	0	0	0	0
AT2G31050	0	0	1	0	0	2
AT2G08795	1	2	0	0	0	0
AT2G39160	0	0	0	0	0	0
AT2G41360	0	0	0	0	1	0
AT2G42060	0	0	0	0	0	0
AT2G09360	0	0	0	0	0	0
AT2G43255	1	0	0	0	0	1
AT2G45405	0	0	0	0	1	0
AT2G09750	0	0	0	0	0	0
AT2G09835	1	0	1	0	0	0
AT2G47585	0	0	1	2	0	0
AT4G03845	1	0	0	0	3	0
AT4G01170	0	0	0	1	0	2
AT4G03040	4	0	1	0	0	0
AT4G04601	0	0	0	0	1	2
AT4G05255	2	3	0	1	1	0
AT4G08878	0	0	0	0	0	0
AT4G09210	1	1	1	1	1	2
AT4G09820	0	0	0	0	0	0
AT4G05810	0	0	1	0	1	0
AT4G12440	0	0	0	0	0	0
AT4G06080	0	0	0	0	0	0
AT4G13554	0	0	0	0	0	0
AT4G06115	0	0	3	0	1	0
AT4G15710	0	0	2	0	0	0
AT4G15920	0	0	1	0	0	0
AT4G17920	0	0	0	0	0	1
AT4G18110	1	0	0	0	1	0
AT4G19000	0	1	1	0	2	0
AT4G20470	0	0	1	0	2	1
AT4G07735	0	0	1	0	0	0
AT4G08215	4	0	0	0	0	0
AT4G09275	0	0	0	0	0	0
AT4G36490	0	0	0	0	0	0
AT4G36810	2	0	0	0	0	2
AT4G38000	0	0	0	0	0	0
AT4G39590	0	0	0	0	0	0
ATMG09450	0	0	0	3	0	0
ATMG00450	0	0	0	1	0	0
AT1G01560	0	1	0	1	0	0
AT1G01980	1	0	0	0	0	0
AT1G04367	0	0	0	0	0	0
AT1G05540	0	0	0	0	0	2
AT1G04393	0	0	1	0	0	1
AT1G09720	1	0	0	0	0	0
AT1G05163	0	0	0	0	0	2
AT1G15640	0	0	0	0	0	0
AT1G19060	0	2	0	0	0	0
AT1G05553	2	0	0	2	0	0
AT1G22480	0	0	0	0	0	0
AT1G22720	0	0	0	0	0	0
AT1G05867	0	0	0	0	0	0
AT1G24520	0	0	0	0	1	0
AT1G25180	1	0	0	0	0	0
AT1G27008	0	0	0	0	0	0
AT1G29500	0	0	0	0	0	0
AT1G29775	0	0	1	0	1	0
AT1G31243	0	0	0	0	0	0
AT1G06757	1	0	0	0	0	0
AT1G49930	2	1	0	0	0	0
AT1G52400	0	0	0	0	0	0
AT1G53023	0	0	0	0	0	0
AT1G53635	0	0	0	0	0	0
AT1G53940	4	0	1	0	0	0
AT1G55390	0	0	0	0	0	0
AT1G57570	0	0	0	0	0	0
AT1G59630	0	0	0	0	0	0
AT1G60050	0	0	0	0	0	0
AT1G61920	0	0	0	0	0	0
AT1G63350	0	0	0	0	0	0
AT1G63630	0	0	0	0	0	2
AT1G64370	0	0	0	0	0	0
AT1G69660	0	0	0	0	0	0
AT1G70130	1	0	1	0	0	0
AT1G70920	0	0	0	0	0	3
AT1G09487	0	0	4	0	0	0
AT1G09583	0	0	2	0	2	0
AT1G77525	0	0	1	0	0	0
AT5G01150	0	2	1	0	0	0
AT5G01665	0	1	0	0	0	0
AT5G13900	0	0	0	0	0	0
AT5G14130	0	0	0	0	2	0
AT5G15060	0	0	0	0	1	0
AT5G19315	0	0	0	1	0	0
AT5G32460	0	0	0	0	2	0
AT5G35390	1	0	0	0	0	0
AT5G37415	0	0	1	1	0	0
AT5G38386	1	0	0	4	1	0
AT5G41730	0	0	0	0	0	0
AT5G43510	0	0	0	1	0	0
AT5G43690	0	0	0	0	0	0
AT5G44065	0	0	0	0	0	0
AT5G44578	0	0	0	0	0	1
AT5G45307	0	0	0	0	0	0
AT5G46360	0	0	0	0	0	0
AT5G07125	1	2	0	0	2	0
AT5G51950	0	1	0	1	0	2
AT5G54420	1	0	0	2	0	0
AT5G54990	1	1	1	0	0	0
AT5G56110	1	0	0	0	1	2
AT5G56369	0	0	0	1	1	1
AT5G62830	0	0	0	0	0	3
AT3G01105	0	1	0	0	0	0
AT3G02715	0	0	0	0	0	0
AT3G16900	0	0	0	0	0	0
AT3G17230	0	0	2	2	0	0
AT3G17570	0	0	0	0	2	1
AT3G21371	0	0	0	1	2	0
AT3G22415	0	0	0	0	0	0
AT3G04375	0	0	0	0	0	0
AT3G05245	0	0	1	3	3	0
AT3G27475	0	0	0	0	0	0
AT3G28330	0	0	0	4	0	2
AT3G28560	0	0	0	0	0	0
AT3G05605	0	0	0	0	0	0
AT3G44840	0	0	0	1	1	0
AT3G47190	0	0	0	0	0	0
AT3G47870	0	0	0	0	1	0
AT3G08170	0	0	1	0	0	0
AT3G55735	0	0	1	0	0	2
AT3G55780	0	0	0	0	0	0
AT3G08795	0	0	0	0	0	0
AT3G60760	0	0	0	0	0	0
AT3G61035	0	0	0	0	0	4
AT3G62180	0	0	0	0	0	0
AT3G63020	0	4	0	0	0	1
AT2G03855	2	0	1	0	0	1
AT2G07646	0	0	0	0	0	0
AT2G09840	2	0	0	4	0	0
AT2G15318	0	0	0	0	0	0
AT2G06445	0	0	0	2	1	0
AT2G16200	0	0	0	0	0	0
AT2G18328	0	0	0	0	0	0
AT2G21920	0	0	0	0	0	1
AT2G08205	1	0	0	1	0	1
AT2G32790	0	0	0	2	0	0
AT2G41445	0	2	0	0	0	0
AT2G41616	0	0	1	0	0	0
AT2G42140	0	0	0	0	0	0
AT2G42940	0	0	0	1	0	0
AT2G46750	0	0	0	0	0	0
AT2G47810	0	0	0	0	0	0
AT2G47870	0	0	0	0	0	0
AT4G00893	0	0	0	0	0	0
AT4G02541	0	0	0	0	1	2
AT4G09420	0	0	0	0	0	0
AT4G13700	1	0	2	0	0	1
AT4G14380	0	0	0	0	0	0
AT4G15200	0	0	0	0	0	0
AT4G15660	0	0	0	0	0	0
AT4G15740	0	0	0	0	0	0
AT4G17098	0	0	1	0	0	0
AT4G18253	0	0	0	0	0	0
AT4G07015	2	0	0	0	0	0
AT4G23130	0	0	0	0	0	0
AT4G24950	0	0	0	0	0	0
AT4G25760	0	0	0	0	0	0
AT4G28340	0	1	0	3	2	0
AT4G32090	0	0	0	2	1	0
AT4G36100	2	0	0	0	1	0
AT4G38190	0	0	0	0	0	5
AT4G38905	0	1	0	0	0	0
ATCG00460	0	1	1	0	1	0
AT1G02965	0	0	1	0	0	0
AT1G04453	0	0	0	0	0	0
AT1G07485	0	0	0	0	0	0
AT1G09550	0	0	0	0	0	0
AT1G11230	0	0	0	0	0	1
AT1G11560	0	0	0	0	0	0
AT1G11590	1	0	0	0	1	0
AT1G12663	0	0	0	0	0	0
AT1G05083	0	0	0	0	0	0
AT1G14688	0	0	0	0	5	0
AT1G16980	0	0	0	0	1	0
AT1G17545	2	0	0	4	0	4
AT1G19160	0	1	0	0	1	0
AT1G20280	0	0	0	0	4	2
AT1G20420	0	1	1	0	0	2
AT1G30140	0	0	0	0	0	0
AT1G31370	0	0	0	0	0	0
AT1G06457	0	0	0	0	0	4
AT1G34392	0	0	0	0	1	0
AT1G44020	0	0	0	0	0	0
AT1G46696	0	0	1	2	2	0
AT1G48195	0	0	0	0	0	2
AT1G53885	0	1	0	0	0	0
AT1G53900	0	0	0	3	0	0
AT1G55650	0	0	0	0	0	0
AT1G59530	0	0	0	0	0	0
AT1G62421	0	0	0	0	0	1
AT1G63600	0	0	0	0	0	0
AT1G66170	1	0	0	0	0	0
AT1G67460	0	1	0	0	0	0
AT1G69630	0	0	0	2	0	0
AT1G70500	0	0	0	0	0	0
AT1G72855	0	0	0	0	1	1
AT1G73830	0	1	0	0	3	0
AT1G09437	3	0	1	0	0	1
AT1G09527	2	0	0	0	1	0
AT1G78090	0	0	0	0	0	0
AT1G80865	0	0	0	0	0	0
AT5G05070	0	0	0	0	0	0
AT5G07210	2	2	1	0	0	0
AT5G09520	0	0	0	0	0	0
AT5G02205	0	1	0	0	0	0
AT5G15430	0	0	0	0	0	0
AT5G26930	0	0	0	0	0	0
AT5G35605	1	0	0	1	0	0
AT5G35900	0	0	0	0	0	0
AT5G36907	0	0	0	0	0	0
AT5G37690	0	0	0	0	0	0
AT5G38000	0	0	0	0	0	0
AT5G39390	0	0	0	0	0	0
AT5G40990	0	0	0	0	0	0
AT5G41320	0	0	0	0	0	0
AT5G41840	0	0	0	0	0	0
AT5G43650	0	0	0	0	0	0
AT5G44440	0	0	0	0	0	0
AT5G54062	0	0	0	0	0	1
AT5G08195	0	0	0	3	0	0
AT5G56060	0	0	0	0	0	0
AT5G60615	0	0	0	0	0	0
AT5G60830	0	0	0	0	0	1
AT3G01125	2	0	1	0	0	0
AT3G03480	0	1	0	0	0	0
AT3G05110	1	0	0	0	1	0
AT3G05860	0	0	0	0	0	0
AT3G01935	0	0	2	1	0	0
AT3G09950	0	0	0	0	0	0
AT3G13950	0	0	0	3	0	0
AT3G03425	0	1	1	0	1	0
AT3G18590	2	0	0	0	0	0
AT3G26160	0	0	0	0	0	0
AT3G05735	0	0	0	0	0	0
AT3G06115	0	2	0	0	0	0
AT3G31910	1	0	0	0	0	0
AT3G43890	0	0	0	0	0	0
AT3G44444	3	0	0	1	0	0
AT3G44490	0	0	0	1	0	1
AT3G45760	2	0	0	1	1	1
AT3G48201	0	0	0	0	0	1
AT3G56380	0	0	0	0	0	0
AT3G59435	0	0	1	1	1	0
AT3G09305	0	0	0	0	0	2
AT3G61715	0	1	0	0	0	0
AT3G62210	0	0	0	0	1	0
AT3G62380	0	0	0	1	2	1
AT2G04115	0	0	0	0	0	0
AT2G04395	0	0	0	0	0	0
AT2G04515	0	0	0	0	0	0
AT2G04975	0	0	0	0	0	1
AT2G05555	0	0	0	0	0	0
AT2G13640	0	1	0	0	0	0
AT2G23672	0	0	0	0	0	0
AT2G26960	0	0	0	1	0	0
AT2G28225	0	0	0	0	0	0
AT2G28580	0	0	0	0	0	0
AT2G29100	0	0	0	0	0	0
AT2G30220	0	0	0	0	0	0
AT2G31085	0	0	0	0	0	0
AT2G31540	0	0	0	0	0	0
AT2G08455	0	0	1	1	0	0
AT2G34880	0	0	0	0	0	2
AT2G37435	0	3	1	0	0	0
AT2G38150	0	0	0	0	0	0
AT2G39590	0	0	3	0	0	1
AT2G39850	0	0	0	0	0	0
AT2G44070	0	0	0	0	0	0
AT2G46640	0	0	0	0	0	0
AT4G00165	0	0	0	0	0	0
AT4G00960	0	0	0	0	0	0
AT4G03157	1	0	0	0	0	0
AT4G05130	0	0	0	0	0	0
AT4G08620	0	0	0	0	0	0
AT4G09310	0	0	0	1	0	1
AT4G05745	0	0	0	1	0	2
AT4G11870	0	0	0	2	0	0
AT4G11880	0	0	0	2	0	0
AT4G12170	0	0	0	0	0	0
AT4G13410	0	0	0	0	0	0
AT4G20947	0	1	0	0	1	0
AT4G22265	0	0	0	2	0	1
AT4G22517	1	0	0	1	0	0
AT4G27845	0	0	0	0	0	0
AT4G08065	0	0	0	0	1	0
AT4G30430	0	0	0	0	1	0
AT4G33020	0	0	0	0	0	0
AT4G35650	1	0	2	0	0	0
ATMG00410	0	0	0	0	1	0
ATCG00700	0	0	0	0	1	0
AT1G12665	0	0	3	0	0	0
AT1G14048	0	0	0	0	0	0
AT1G19464	0	0	0	0	0	5
AT1G19900	0	0	0	0	0	0
AT1G20150	0	0	0	0	0	1
AT1G20925	0	2	4	0	1	0
AT1G21529	0	0	0	1	0	1
AT1G26140	0	0	1	0	0	0
AT1G28770	0	0	0	0	0	0
AT1G06197	0	0	0	1	0	0
AT1G29140	0	0	1	1	0	0
AT1G07267	0	0	3	0	0	2
AT1G44318	1	0	0	0	0	0
AT1G45246	0	0	0	0	0	0
AT1G07423	0	0	0	2	0	0
AT1G49220	0	0	0	0	0	1
AT1G51410	0	0	0	0	0	0
AT1G55330	0	0	0	1	0	0
AT1G55640	0	0	1	0	0	0
AT1G56085	0	0	0	0	0	0
AT1G61950	0	0	0	0	0	0
AT1G62515	0	0	1	0	0	2
AT1G66173	0	2	0	1	0	1
AT1G66610	0	1	0	1	4	0
AT1G68723	0	0	0	2	0	0
AT1G09263	0	0	0	0	0	0
AT1G72460	1	0	0	0	0	0
AT1G09493	0	2	0	0	1	1
AT1G75300	3	0	0	0	0	0
AT1G76290	0	0	0	0	0	0
AT1G76892	1	0	2	0	0	0
AT1G80760	0	0	0	0	0	0
AT5G02660	0	0	0	1	1	0
AT5G03750	0	0	0	0	0	0
AT5G09876	0	2	0	0	1	0
AT5G12380	0	0	2	0	0	0
AT5G13940	0	0	0	0	0	0
AT5G20440	2	0	0	2	0	0
AT5G21950	0	2	1	0	0	0
AT5G04305	0	0	0	1	1	2
AT5G04445	0	0	0	0	0	0
AT5G28720	0	4	0	0	0	0
AT5G37165	0	0	0	0	1	0
AT5G05445	0	0	0	0	0	0
AT5G37250	0	0	0	0	1	0
AT5G39490	0	0	0	0	0	0
AT5G41890	0	0	0	0	1	0
AT5G06415	0	0	0	0	0	0
AT5G43110	0	0	0	2	2	0
AT5G44265	0	0	0	0	0	0
AT5G44990	0	0	0	0	2	1
AT5G07015	0	3	0	0	0	0
AT5G51870	0	0	0	0	1	0
AT5G52655	0	0	0	0	0	0
AT5G55330	0	2	0	0	0	0
AT5G55800	0	0	0	0	0	2
AT5G08715	0	0	0	0	0	0
AT5G61630	0	0	0	1	0	0
AT5G62080	0	1	0	1	0	0
AT3G01175	0	1	0	0	0	0
AT3G01240	0	0	0	0	0	0
AT3G00980	0	1	2	0	0	1
AT3G02270	0	0	0	0	0	0
AT3G03080	0	0	0	0	3	0
AT3G07490	0	0	0	0	0	0
AT3G09870	0	0	0	0	0	0
AT3G12240	0	0	0	0	0	0
AT3G13784	0	0	0	0	0	0
AT3G14467	0	1	0	0	0	0
AT3G04115	0	0	0	0	0	0
AT3G04325	1	0	0	1	0	0
AT3G04695	0	0	0	0	0	0
AT3G24516	0	0	0	3	0	1
AT3G25240	0	0	0	0	0	0
AT3G26235	0	0	0	0	1	0
AT3G26616	0	0	0	1	1	0
AT3G28007	0	0	0	0	0	0
AT3G29690	0	0	0	2	0	0
AT3G43420	0	0	0	0	0	0
AT3G46480	1	0	0	0	0	0
AT3G46840	3	0	0	0	0	0
AT3G47050	0	0	0	0	0	0
AT3G07675	0	0	0	0	0	0
AT3G47440	3	1	0	0	0	1
AT3G07915	0	0	0	0	0	0
AT3G48290	0	0	0	0	0	0
AT3G58480	1	0	0	0	0	0
AT3G58950	0	0	0	1	0	0
AT3G59030	1	0	0	0	0	0
AT3G62960	0	0	0	0	0	0
AT2G02000	0	0	0	0	0	2
AT2G04175	0	0	0	0	0	0
AT2G05400	0	0	0	0	0	0
AT2G07771	0	0	0	1	0	0
AT2G07825	0	0	1	0	0	0
AT2G07661	0	2	0	0	1	0
AT2G09970	0	2	3	2	0	0
AT2G13422	0	0	0	0	2	0
AT2G16210	0	0	0	0	0	0
AT2G16594	0	0	0	0	0	0
AT2G07025	0	0	1	1	0	0
AT2G19290	0	0	0	0	0	0
AT2G22290	0	0	0	0	0	0
AT2G24692	0	0	0	0	4	0
AT2G25400	1	1	0	1	1	0
AT2G25540	0	0	0	0	0	0
AT2G26135	0	0	0	0	0	0
AT2G29263	0	0	1	0	1	0
AT2G29320	1	0	0	3	0	0
AT2G29350	0	0	0	0	0	0
AT2G29600	0	0	0	3	0	0
AT2G30115	0	0	0	1	1	0
AT2G31620	1	0	0	0	0	0
AT2G31902	3	0	1	0	0	0
AT2G37030	2	0	0	0	0	0
AT2G38350	1	0	0	0	0	0
AT2G09050	0	0	1	2	1	0
AT2G09265	0	0	0	0	0	0
AT2G45610	0	1	0	0	0	0
AT2G46480	0	0	0	0	0	0
AT4G00085	0	0	1	0	0	0
AT4G01780	0	0	0	0	0	2
AT4G05780	0	0	0	0	0	0
AT4G10720	0	0	0	0	0	0
AT4G13095	0	0	0	0	0	0
AT4G13480	0	0	0	0	0	0
AT4G14480	0	0	0	0	0	0
AT4G15040	1	0	0	0	0	0
AT4G15100	0	0	0	0	0	0
AT4G18250	0	0	0	0	0	0
AT4G18960	2	0	1	0	0	0
AT4G20800	0	0	0	0	0	0
AT4G21130	0	0	1	0	0	0
AT4G22110	0	0	0	0	0	0
AT4G22440	0	0	0	0	0	0
AT4G23310	0	1	1	0	2	1
AT4G24640	1	0	0	1	0	0
AT4G27330	0	0	1	0	0	0
AT4G09155	0	0	0	0	0	0
ATMG00270	0	0	0	2	0	3
ATMG01340	0	0	0	0	0	0
ATCG00930	0	0	0	1	0	0
AT1G01460	0	0	0	0	0	0
AT1G05250	0	0	0	0	0	0
AT1G06990	0	0	1	0	0	0
AT1G04783	0	0	0	0	0	0
AT1G13635	0	0	0	0	0	0
AT1G05077	0	1	1	0	0	2
AT1G17950	0	0	0	0	0	0
AT1G20600	0	0	0	1	1	0
AT1G05623	1	0	0	1	0	1
AT1G21240	0	0	0	0	0	0
AT1G21990	1	1	0	0	1	0
AT1G25025	0	0	1	0	0	0
AT1G25175	0	1	0	0	0	0
AT1G28790	1	1	1	0	1	0
AT1G06217	0	0	0	0	0	0
AT1G06527	0	0	0	0	0	0
AT1G34042	0	1	0	0	0	0
AT1G35183	0	0	0	0	0	0
AT1G35255	0	0	0	0	0	0
AT1G35614	1	2	1	0	1	0
AT1G44120	0	0	0	0	0	0
AT1G07413	0	0	0	0	0	0
AT1G47845	0	0	0	0	0	0
AT1G48020	0	0	0	0	0	0
AT1G50590	0	0	0	0	0	0
AT1G07907	0	0	0	0	0	0
AT1G53970	0	0	2	0	0	0
AT1G55525	0	0	0	0	0	0
AT1G55660	0	0	0	0	1	0
AT1G57835	2	0	0	0	0	0
AT1G57850	1	0	0	0	0	1
AT1G60470	0	0	0	1	0	0
AT1G61480	0	0	0	0	3	0
AT1G08393	0	0	0	0	0	0
AT1G63280	2	0	0	1	0	0
AT1G63295	0	0	0	0	1	0
AT1G67270	0	0	0	0	0	0
AT1G68740	0	0	0	0	0	0
AT1G70760	0	0	0	0	0	0
AT1G09197	0	0	0	0	0	0
AT1G72080	0	0	0	0	0	0
AT1G76750	0	0	0	0	0	0
AT5G01080	2	0	0	0	0	0
AT5G04267	0	0	0	1	1	0
AT5G09976	0	0	1	0	0	0
AT5G09978	0	0	0	0	0	0
AT5G11050	2	0	0	1	0	0
AT5G02075	2	0	0	2	1	2
AT5G15660	0	0	0	1	0	0
AT5G02765	0	0	0	0	0	0
AT5G17847	0	0	0	0	0	0
AT5G18404	0	0	0	1	0	3
AT5G03305	0	2	0	0	0	0
AT5G22765	0	0	0	2	2	1
AT5G26300	0	0	0	0	0	0
AT5G26950	0	0	0	0	0	0
AT5G27010	1	0	0	0	1	1
AT5G28810	0	0	0	1	0	0
AT5G34871	0	0	0	1	0	0
AT5G35090	0	0	0	0	0	0
AT5G36240	0	0	0	0	0	2
AT5G05755	0	0	0	0	0	0
AT5G39470	1	0	0	0	1	0
AT5G06235	0	0	1	1	0	0
AT5G44570	0	0	0	0	0	0
AT5G45960	0	0	0	2	0	0
AT5G47850	0	0	0	0	0	0
AT5G48190	0	0	0	0	0	0
AT5G07255	0	0	0	0	0	0
AT5G07555	0	0	0	0	0	0
AT5G07955	1	0	1	1	0	2
AT5G08815	0	0	0	0	0	0
AT5G58910	0	0	0	0	0	0
AT5G61420	0	0	0	0	0	0
AT5G67010	0	0	0	0	0	0
AT3G02310	0	0	0	0	0	0
AT3G02645	0	0	0	1	0	2
AT3G06560	0	0	0	0	0	0
AT3G02135	0	1	1	0	1	0
AT3G02605	0	0	0	0	0	1
AT3G14970	0	0	0	0	0	0
AT3G18180	0	0	0	2	0	3
AT3G18282	0	0	0	0	0	0
AT3G03935	0	0	0	0	0	0
AT3G20557	0	0	0	0	0	0
AT3G25270	0	0	0	0	0	0
AT3G25950	0	0	0	0	0	0
AT3G28230	0	2	0	0	0	0
AT3G07775	1	0	0	0	0	0
AT3G48057	0	0	0	0	0	0
AT3G48675	0	0	0	0	0	0
AT3G49110	0	0	0	0	0	0
AT3G52010	0	0	0	0	0	0
AT3G52765	0	0	0	0	0	2
AT3G09245	0	0	0	0	0	0
AT3G09415	0	1	0	0	0	0
AT3G61117	0	0	0	0	0	0
AT3G61390	0	0	0	0	1	1
AT2G02890	0	3	0	0	0	0
AT2G04765	0	0	0	0	1	2
AT2G05720	0	0	0	0	0	0
AT2G07213	0	0	0	1	0	1
AT2G10537	0	0	0	0	0	0
AT2G14290	0	0	1	0	1	0
AT2G14510	0	0	1	1	2	0
AT2G19210	0	0	0	0	0	0
AT2G07245	0	0	0	0	0	0
AT2G19770	0	0	0	1	0	0
AT2G20150	0	0	0	0	0	0
AT2G07315	0	0	0	0	0	1
AT2G21220	0	0	0	0	0	0
AT2G23210	0	0	0	0	0	0
AT2G23270	0	0	0	0	0	0
AT2G23650	0	0	0	0	0	0
AT2G24850	0	0	0	0	0	0
AT2G29170	0	0	0	0	0	0
AT2G31720	1	0	0	4	1	0
AT2G34120	2	1	1	0	0	0
AT2G35859	0	1	0	0	0	0
AT2G36600	0	1	0	0	1	1
AT2G08830	0	0	0	0	0	0
AT2G38110	0	0	0	0	0	0
AT2G39375	0	0	0	2	0	0
AT2G40004	1	1	1	0	0	3
AT2G40008	0	0	0	0	1	0
AT2G40740	0	0	0	0	0	2
AT2G09240	0	0	0	0	0	0
AT2G09415	2	0	0	1	3	0
AT2G47040	0	0	0	0	0	0
AT4G00155	0	0	0	2	0	0
AT4G04945	0	0	0	0	0	0
AT4G05015	1	0	0	0	0	1
AT4G04930	0	0	0	0	0	0
AT4G08780	0	1	0	0	0	0
AT4G12030	2	0	2	0	0	0
AT4G13790	0	0	0	0	0	0
AT4G14400	0	0	0	0	0	0
AT4G06225	0	4	0	0	0	0
AT4G06395	1	0	0	0	0	0
AT4G17470	0	0	0	0	0	0
AT4G17780	0	0	0	0	0	0
AT4G19470	0	0	0	0	1	0
AT4G21840	0	0	0	0	0	0
AT4G23240	0	0	0	0	0	0
AT4G29850	1	0	0	0	0	0
AT4G33880	0	0	0	0	0	0
AT4G35120	1	0	1	0	1	0
AT4G36110	0	0	0	0	0	0
AT4G09535	0	1	0	0	0	0
AT4G39250	0	0	0	0	0	0
AT4G39753	0	1	0	0	0	0
ATCG00250	1	0	2	0	0	0
ATCG00900	0	0	0	0	0	0
ATCG01000	0	0	0	0	0	1
AT1G01680	0	0	0	0	0	0
AT1G04437	0	0	0	0	0	0
AT1G05930	0	0	0	0	0	0
AT1G10010	0	0	0	0	0	0
AT1G10100	1	0	0	0	0	0
AT1G10747	0	3	0	1	0	1
AT1G15625	0	0	0	0	0	0
AT1G15990	1	0	0	0	0	0
AT1G16025	0	0	0	0	0	0
AT1G16489	0	0	0	0	0	0
AT1G19410	0	0	0	0	0	0
AT1G20290	0	0	0	1	1	0
AT1G20590	0	0	0	0	0	0
AT1G21890	0	0	0	0	0	0
AT1G22680	0	0	0	0	0	0
AT1G23640	0	0	0	0	0	0
AT1G24270	0	1	0	0	0	0
AT1G25330	2	1	0	0	2	0
AT1G28910	0	0	1	2	1	0
AT1G30560	0	0	0	0	0	0
AT1G31000	0	0	0	0	0	0
AT1G32225	0	1	0	1	0	0
AT1G06537	0	0	0	1	0	3
AT1G33320	0	1	0	0	0	0
AT1G33670	0	0	0	0	0	0
AT1G35210	0	0	0	0	0	0
AT1G35310	0	0	0	0	0	0
AT1G06947	0	0	0	0	0	0
AT1G40087	0	0	0	2	0	1
AT1G43020	0	0	0	0	0	0
AT1G44990	0	1	0	0	0	0
AT1G07287	0	1	1	0	0	0
AT1G47280	0	2	0	2	0	1
AT1G49200	0	0	0	0	1	0
AT1G50050	0	0	0	0	0	0
AT1G07693	1	0	1	1	0	0
AT1G54300	0	0	0	0	0	0
AT1G56250	0	0	0	0	0	0
AT1G08173	0	0	0	0	0	0
AT1G57730	0	0	0	0	2	0
AT1G08217	0	2	0	0	0	0
AT1G60830	1	0	0	0	0	0
AT1G08353	0	0	0	0	2	0
AT1G61563	0	0	0	0	0	0
AT1G62080	0	0	0	0	0	0
AT1G08577	0	0	0	0	0	0
AT1G62935	0	0	0	0	0	0
AT1G63410	0	1	1	0	0	0
AT1G64618	0	1	1	0	0	2
AT1G66795	0	0	0	0	0	0
AT1G70170	0	0	0	1	0	0
AT1G70380	0	0	0	0	0	0
AT1G75040	0	0	0	0	0	0
AT1G09607	1	0	0	2	0	0
AT1G78270	0	0	0	0	0	1
AT1G78476	0	0	0	0	0	0
AT1G79770	0	0	0	0	0	0
AT1G80133	2	0	1	0	1	0
AT1G80525	0	0	0	0	0	0
AT5G07570	0	0	0	2	0	0
AT5G15690	0	0	0	0	0	0
AT5G18015	0	0	1	0	0	0
AT5G18937	0	0	0	0	1	0
AT5G02945	0	0	2	0	0	0
AT5G20100	0	0	0	0	0	0
AT5G23980	0	0	0	0	0	0
AT5G25310	0	0	0	0	0	0
AT5G04105	0	0	1	0	0	0
AT5G28295	0	0	0	0	0	1
AT5G37160	0	0	0	0	0	0
AT5G38195	0	0	0	0	1	0
AT5G38350	0	0	0	0	0	2
AT5G38500	4	0	0	0	1	0
AT5G39493	0	0	0	2	0	0
AT5G40155	0	0	0	0	0	1
AT5G06275	0	0	0	0	0	0
AT5G06495	0	0	0	0	0	0
AT5G44400	0	0	0	0	0	0
AT5G45090	0	0	0	0	0	0
AT5G06875	0	0	0	0	0	0
AT5G48770	1	0	0	0	0	0
AT5G52260	0	0	0	0	0	0
AT5G53240	0	0	0	0	0	0
AT5G56200	0	0	0	0	0	0
AT5G60285	0	0	0	0	1	0
AT5G60780	0	0	0	0	0	0
AT5G62320	0	0	0	0	0	0
AT5G62510	0	2	0	0	1	0
AT5G63250	0	0	0	0	0	0
AT5G64890	0	0	0	0	0	0
AT5G65158	0	0	1	0	0	1
AT5G65330	0	0	0	0	0	0
AT5G66980	1	0	0	1	0	0
AT3G01270	0	0	0	0	0	0
AT3G01760	0	0	0	0	0	0
AT3G02100	0	0	0	0	0	0
AT3G02430	0	0	0	0	0	0
AT3G02970	0	0	1	0	0	0
AT3G03726	0	0	1	0	0	0
AT3G04430	0	0	0	0	0	0
AT3G04855	0	0	0	0	0	0
AT3G05730	0	0	0	0	0	0
AT3G06490	0	0	1	0	0	1
AT3G66656	0	0	0	3	0	0
AT3G36659	0	0	0	1	0	0
AT3G07820	0	0	0	0	0	0
AT3G12160	0	0	0	0	0	0
AT3G12470	1	0	0	0	0	0
AT3G12840	0	0	0	0	1	0
AT3G12880	0	0	0	0	0	0
AT3G14480	0	0	0	0	2	0
AT3G14490	0	0	0	2	1	1
AT3G03905	0	0	0	0	0	0
AT3G22235	0	0	0	0	0	0
AT3G22820	0	0	0	0	0	0
AT3G04785	0	0	0	0	1	0
AT3G26390	0	0	0	0	0	0
AT3G26820	0	0	0	0	0	0
AT3G26855	0	0	0	2	0	1
AT3G27495	0	1	0	0	0	0
AT3G43250	2	0	0	1	0	0
AT3G44660	0	0	3	0	1	0
AT3G45860	0	0	0	0	0	0
AT3G45960	0	0	0	0	0	0
AT3G07995	0	0	0	0	6	0
AT3G50570	0	0	0	0	0	0
AT3G50710	0	0	0	0	0	0
AT3G08185	0	1	0	0	0	0
AT3G08255	1	0	0	1	1	0
AT3G53200	0	0	0	0	0	0
AT3G08645	0	0	0	0	0	0
AT3G09095	0	0	0	0	0	0
AT3G09195	0	0	0	0	1	0
AT3G60100	0	0	0	0	2	0
AT3G62230	0	0	0	0	0	0
AT2G03040	0	0	0	0	0	0
AT2G06845	0	0	0	0	1	1
AT2G11810	0	0	1	0	0	0
AT2G05855	0	0	1	2	1	0
AT2G13125	0	0	0	0	0	0
AT2G14830	0	0	0	1	0	0
AT2G14920	0	0	0	0	0	0
AT2G15950	0	0	0	0	0	0
AT2G16505	0	1	0	0	2	0
AT2G18470	0	0	0	0	0	0
AT2G18969	0	0	0	0	0	0
AT2G21730	0	0	0	0	0	0
AT2G07845	0	0	1	0	0	0
AT2G22920	0	0	0	0	0	0
AT2G28990	0	0	0	0	0	0
AT2G30840	0	0	0	0	0	0
AT2G30900	0	0	0	0	0	0
AT2G08465	1	0	0	0	0	1
AT2G37805	0	0	0	0	0	2
AT2G08945	0	0	0	0	0	0
AT2G09005	0	0	0	0	0	0
AT2G40390	0	0	0	0	0	0
AT2G42090	0	0	2	0	0	0
AT2G09475	0	0	0	0	0	0
AT2G45130	0	0	0	0	0	0
AT2G45685	0	0	0	0	0	0
AT2G09875	0	0	0	0	0	0
AT2G48140	0	0	0	0	0	0
AT4G00580	0	1	3	0	0	0
AT4G01830	0	0	0	0	0	0
AT4G01985	0	0	0	0	0	0
AT4G03570	0	2	0	0	0	1
AT4G05055	0	0	0	0	0	0
AT4G05523	0	0	0	0	0	0
AT4G09250	0	0	0	0	0	0
AT4G05950	0	0	0	0	0	0
AT4G06085	0	1	1	0	0	0
AT4G16810	0	0	1	0	0	0
AT4G18422	0	0	0	0	0	0
AT4G19400	0	0	0	0	0	0
AT4G20095	2	0	0	0	0	0
AT4G25090	0	0	0	0	0	0
AT4G25434	0	0	0	0	0	0
AT4G07925	1	0	0	0	0	0
AT4G29370	0	0	0	0	0	0
AT4G31960	0	0	0	0	0	0
ATMG00390	0	0	0	0	0	0
ATCG00260	0	0	0	0	0	0
ATCG01240	0	0	1	0	1	1
AT1G02575	0	0	0	0	0	0
AT1G04157	1	0	0	0	0	0
AT1G04645	0	0	0	0	1	1
AT1G04737	0	0	0	0	0	0
AT1G11050	0	0	0	0	0	0
AT1G11110	0	0	0	0	0	1
AT1G11810	0	0	0	0	0	0
AT1G13130	1	0	0	0	0	0
AT1G14550	0	0	0	0	0	0
AT1G16290	0	0	0	0	0	1
AT1G16910	0	0	0	0	0	0
AT1G05287	0	0	0	0	0	0
AT1G17610	2	1	0	0	0	0
AT1G05367	2	0	0	0	0	0
AT1G18193	0	0	0	0	0	0
AT1G20405	1	2	2	0	0	0
AT1G21323	2	1	0	0	0	0
AT1G21722	0	0	0	0	0	0
AT1G23200	0	0	0	0	0	0
AT1G23965	0	0	1	0	0	0
AT1G24405	0	0	0	0	0	0
AT1G24577	0	0	1	0	0	0
AT1G05963	0	0	0	0	0	0
AT1G27610	0	0	0	0	4	1
AT1G28327	0	0	0	0	0	0
AT1G28880	0	1	0	0	0	1
AT1G32030	0	1	0	0	1	0
AT1G32250	0	0	0	0	0	0
AT1G06607	0	0	1	0	0	0
AT1G32850	0	0	0	0	1	0
AT1G33890	2	0	0	0	0	3
AT1G35350	0	0	0	0	0	0
AT1G35500	0	0	0	3	0	1
AT1G06983	0	0	0	0	0	0
AT1G42120	0	0	0	0	1	0
AT1G43260	0	0	0	0	1	0
AT1G45015	0	0	0	0	0	0
AT1G45242	0	0	0	0	0	0
AT1G07417	0	0	0	0	0	0
AT1G47813	0	0	0	0	0	0
AT1G47890	0	0	0	0	0	0
AT1G48145	0	0	0	0	0	0
AT1G50820	0	0	0	0	0	0
AT1G52800	0	0	0	0	0	0
AT1G55230	0	0	0	0	0	0
AT1G57650	0	0	0	0	0	0
AT1G59670	0	0	0	0	1	0
AT1G62262	0	0	0	0	0	0
AT1G62540	0	0	0	0	0	0
AT1G63910	0	0	0	0	0	0
AT1G08647	1	0	0	1	0	0
AT1G64120	0	0	0	0	0	0
AT1G65480	0	0	0	0	0	0
AT1G67855	0	0	0	0	0	0
AT1G09037	0	0	0	0	0	0
AT1G69085	0	0	0	0	0	0
AT1G70390	0	0	0	0	0	0
AT1G70890	0	0	0	0	0	0
AT1G71390	0	0	0	0	0	0
AT1G71470	1	1	0	0	0	0
AT1G74080	0	0	0	0	0	0
AT1G74990	0	0	0	0	0	1
AT1G77240	1	0	0	0	0	1
AT1G78250	3	0	0	0	0	0
AT1G79370	0	1	2	0	0	0
AT5G01440	0	0	0	0	0	0
AT5G02330	0	0	0	0	0	0
AT5G00885	0	0	0	0	0	0
AT5G06125	0	0	0	0	1	0
AT5G01205	1	0	0	1	0	0
AT5G07165	0	2	0	1	0	0
AT5G01385	0	0	0	0	0	0
AT5G07520	0	0	0	0	0	0
AT5G10220	0	0	0	0	0	0
AT5G01845	0	0	0	0	0	0
AT5G11130	0	0	0	0	0	0
AT5G11920	0	0	0	0	0	0
AT5G02255	0	0	0	0	2	0
AT5G14995	0	0	0	0	0	0
AT5G15100	0	0	2	0	1	0
AT5G18005	1	0	0	1	1	0
AT5G23190	0	0	0	0	0	0
AT5G03645	0	0	0	0	0	0
AT5G24550	0	0	0	0	0	0
AT5G24770	0	0	0	0	0	0
AT5G04225	0	0	0	0	0	0
AT5G04435	0	0	1	0	0	0
AT5G34869	0	0	0	0	0	0
AT5G05645	0	0	2	1	0	0
AT5G38680	0	0	2	0	0	0
AT5G39024	0	0	0	0	0	0
AT5G39190	0	0	0	0	0	0
AT5G41200	0	0	0	0	0	0
AT5G42635	0	0	3	0	0	1
AT5G42655	0	0	0	0	0	0
AT5G06405	0	0	0	0	0	0
AT5G43285	0	0	0	0	0	0
AT5G45113	0	0	0	0	0	0
AT5G46140	0	0	0	0	0	0
AT5G46200	0	0	0	0	0	0
AT5G49152	0	0	0	0	0	0
AT5G50560	0	0	0	0	0	0
AT5G50650	0	2	0	0	1	0
AT5G52400	3	0	2	0	0	0
AT5G52605	0	0	0	0	0	0
AT5G59505	0	0	0	0	0	0
AT5G60470	0	0	0	0	0	0
AT5G61050	0	0	0	0	0	0
AT5G09040	0	0	0	0	0	0
AT5G63595	0	0	0	0	0	0
AT5G66660	0	0	0	0	0	0
AT5G09815	0	0	0	0	0	0
AT3G01075	0	0	0	0	0	0
AT3G04370	0	0	0	0	1	0
AT3G02165	0	0	0	0	0	0
AT3G11435	0	0	0	0	0	0
AT3G02425	0	0	0	0	0	0
AT3G11920	0	0	0	0	0	0
AT3G13630	0	0	0	0	0	0
AT3G18775	0	0	0	0	0	0
AT3G19610	0	0	0	0	3	0
AT3G24540	0	0	0	0	0	0
AT3G27185	0	0	0	0	0	1
AT3G27785	1	1	0	0	0	0
AT3G28060	0	0	0	0	0	0
AT3G05445	0	0	0	0	0	0
AT3G28785	0	0	0	0	0	0
AT3G06295	0	0	0	0	0	0
AT3G06575	0	0	0	2	2	0
AT3G43583	0	0	0	0	0	0
AT3G44760	0	0	1	0	1	4
AT3G46130	0	0	0	0	0	0
AT3G47341	0	0	0	0	0	0
AT3G48450	0	0	0	0	0	0
AT3G07975	0	1	0	0	1	0
AT3G50320	0	0	0	0	0	1
AT3G51265	0	0	0	0	0	0
AT3G52600	0	0	0	0	0	0
AT3G53600	0	0	0	0	0	0
AT3G08370	0	0	0	0	0	0
AT3G55734	0	0	0	0	0	0
AT3G09065	0	0	0	2	0	0
AT3G60060	0	0	0	0	0	0
AT2G02440	3	0	0	0	0	0
AT2G04535	0	0	0	0	0	0
AT2G04420	0	0	0	0	0	0
AT2G06105	0	0	0	0	0	0
AT2G07684	0	1	0	1	0	0
AT2G07785	0	0	0	0	0	0
AT2G07696	0	0	0	0	0	0
AT2G10615	0	0	0	1	0	1
AT2G11778	0	0	0	0	0	0
AT2G14160	0	0	0	0	0	2
AT2G14635	1	0	0	0	0	0
AT2G16005	0	0	0	0	0	0
AT2G16490	0	0	0	0	1	0
AT2G06945	0	0	0	0	0	0
AT2G17600	0	0	0	0	0	0
AT2G07195	0	0	0	0	0	0
AT2G19410	0	0	0	0	0	0
AT2G20921	0	0	0	0	1	0
AT2G21235	0	0	2	0	0	0
AT2G07445	0	0	0	0	0	0
AT2G22760	0	0	0	0	0	0
AT2G24810	0	0	0	0	0	1
AT2G26820	0	0	0	0	3	0
AT2G27160	0	0	0	0	0	0
AT2G27750	1	0	0	0	0	0
AT2G08315	0	0	0	0	1	0
AT2G29870	0	0	0	0	0	0
AT2G31420	0	0	0	0	0	0
AT2G32820	0	0	0	1	2	0
AT2G33780	0	0	0	0	0	0
AT2G36260	0	0	0	0	0	0
AT2G36760	0	0	0	0	0	0
AT2G36985	0	0	0	0	0	0
AT2G38365	0	0	0	0	0	0
AT2G39380	1	0	0	0	0	0
AT2G40113	0	0	0	0	0	0
AT2G41860	0	1	0	0	0	0
AT2G09385	0	1	0	0	1	0
AT2G09390	0	0	0	0	1	0
AT2G09400	0	0	0	0	0	0
AT2G09450	0	0	1	0	0	0
AT2G44560	0	0	0	1	0	0
AT2G46375	0	0	0	0	0	0
AT2G47950	0	0	0	0	0	0
AT4G01735	1	0	0	0	0	0
AT4G02250	0	0	0	0	0	0
AT4G02655	0	0	0	0	0	0
AT4G03175	0	0	0	0	0	0
AT4G03470	2	0	1	0	0	1
AT4G04865	0	0	0	0	0	2
AT4G05115	0	1	0	0	0	2
AT4G08550	0	0	0	0	0	0
AT4G10500	0	0	0	0	0	0
AT4G10740	0	0	0	0	0	0
AT4G10820	0	0	0	1	0	0
AT4G11470	0	0	0	0	0	0
AT4G05930	0	0	0	0	0	0
AT4G05965	0	0	0	0	0	0
AT4G12490	0	0	0	0	0	0
AT4G18770	0	0	0	0	0	0
AT4G23230	0	0	0	0	0	0
AT4G23520	0	0	0	0	0	0
AT4G27890	1	0	0	0	0	0
AT4G28940	0	0	0	0	0	0
AT4G30300	0	0	0	0	2	0
AT4G09305	0	0	0	0	0	0
AT4G36820	0	0	0	0	0	0
AT4G38880	0	0	0	0	0	0
ATMG00220	0	0	0	0	0	0
ATMG00240	0	0	0	1	0	0
ATMG00860	0	0	0	0	0	0
ATMG01240	0	0	0	0	0	0
ATMG01300	0	0	0	0	0	0
AT1G02510	0	0	0	0	0	0
AT1G04257	0	0	2	0	0	0
AT1G04455	0	0	0	0	0	3
AT1G04387	1	0	0	0	0	0
AT1G07450	0	0	0	0	0	0
AT1G07885	0	0	0	0	0	0
AT1G09370	0	0	0	0	0	0
AT1G10455	0	0	0	0	0	0
AT1G10480	0	0	0	0	0	0
AT1G11145	0	0	0	0	0	0
AT1G11608	0	0	1	0	0	0
AT1G04863	0	1	0	0	0	0
AT1G14420	0	0	0	0	2	0
AT1G15090	0	3	0	0	1	0
AT1G05203	0	0	0	1	0	0
AT1G18520	0	0	0	0	0	0
AT1G05493	0	1	0	0	0	0
AT1G19460	0	0	1	0	0	0
AT1G20320	0	1	0	1	0	0
AT1G21528	0	0	0	0	0	0
AT1G22760	0	0	0	0	0	0
AT1G05777	2	0	0	0	0	0
AT1G23130	0	0	0	0	0	0
AT1G23300	0	0	0	0	0	0
AT1G23830	0	0	0	0	0	0
AT1G25150	2	0	0	1	0	0
AT1G26390	0	2	1	0	0	0
AT1G28000	0	0	0	1	0	0
AT1G28780	0	0	1	0	0	0
AT1G28815	0	0	0	1	0	0
AT1G29420	0	0	0	0	1	0
AT1G29860	0	0	0	0	0	0
AT1G06307	0	0	0	0	0	0
AT1G06443	0	0	0	0	0	0
AT1G31990	0	0	0	0	0	0
AT1G32460	0	0	0	0	1	0
AT1G06617	0	0	0	0	0	0
AT1G36640	0	0	0	0	0	0
AT1G37000	0	0	0	0	0	0
AT1G44030	0	0	0	0	0	0
AT1G44542	0	0	0	0	0	0
AT1G44940	0	0	0	0	1	0
AT1G45063	0	0	0	0	0	0
AT1G07317	0	0	0	0	0	1
AT1G07347	0	0	0	0	0	0
AT1G07407	0	0	0	0	0	0
AT1G47660	0	0	0	0	4	0
AT1G49030	0	0	0	0	0	0
AT1G49250	0	0	0	0	0	0
AT1G51260	0	0	0	0	0	0
AT1G51480	0	0	0	0	0	0
AT1G51780	3	0	0	0	0	0
AT1G54240	0	0	0	0	0	0
AT1G08043	1	0	0	0	0	0
AT1G55600	0	0	0	0	0	0
AT1G56233	0	0	0	0	0	0
AT1G08237	0	0	0	0	0	0
AT1G59810	0	0	0	1	1	0
AT1G60880	0	0	0	1	1	0
AT1G61270	0	0	0	0	0	0
AT1G61575	2	0	0	0	0	0
AT1G08447	0	0	0	0	0	0
AT1G08453	1	0	2	0	0	1
AT1G62220	0	0	0	0	0	0
AT1G63522	0	0	0	0	0	0
AT1G64480	0	0	0	0	0	0
AT1G64800	0	3	0	0	0	0
AT1G65346	0	0	0	0	1	0
AT1G66290	0	0	0	0	0	0
AT1G66970	0	0	0	0	0	1
AT1G67455	0	0	0	1	0	0
AT1G68320	0	0	0	0	0	0
AT1G68960	0	0	0	0	0	0
AT1G69470	0	0	0	0	0	0
AT1G70645	0	0	0	0	0	0
AT1G70860	0	0	0	0	0	0
AT1G71290	0	0	0	0	0	0
AT1G71300	0	0	0	0	0	1
AT1G09407	0	0	0	0	0	0
AT1G75050	0	0	0	0	0	0
AT1G76190	0	0	0	0	0	0
AT1G09653	0	0	0	0	1	0
AT1G76910	0	0	0	0	0	0
AT1G76954	0	0	0	0	0	0
AT1G79980	0	0	2	0	0	0
AT1G80590	0	0	0	0	0	1
AT5G01320	0	0	0	0	0	0
AT5G00940	0	0	0	0	0	0
AT5G03920	0	0	0	0	0	0
AT5G05260	0	0	0	0	0	0
AT5G05653	0	0	0	0	1	0
AT5G06380	0	0	0	0	0	0
AT5G07490	0	0	0	0	0	0
AT5G07550	0	0	0	0	0	0
AT5G09755	0	0	0	0	0	0
AT5G11977	0	0	0	0	0	0
AT5G02125	0	0	0	0	0	0
AT5G14400	0	0	0	0	0	1
AT5G15620	0	0	0	0	0	0
AT5G15800	0	2	0	0	0	0
AT5G16920	0	0	0	0	0	0
AT5G18000	0	0	0	0	0	0
AT5G19870	0	0	0	0	0	0
AT5G20460	0	0	0	0	0	0
AT5G22791	0	0	1	0	1	0
AT5G23270	0	0	0	0	0	0
AT5G23470	0	0	0	0	0	0
AT5G24190	0	0	0	0	0	0
AT5G24200	0	0	0	0	0	0
AT5G24780	0	0	0	0	0	0
AT5G24860	0	0	0	0	0	0
AT5G28620	0	0	0	0	0	0
AT5G37620	0	0	0	0	0	0
AT5G05525	0	0	0	1	0	0
AT5G37860	0	0	0	0	0	0
AT5G38310	0	0	0	0	0	0
AT5G40981	0	2	0	1	0	0
AT5G42242	0	0	0	0	0	2
AT5G06635	0	0	0	0	0	0
AT5G45890	0	0	0	0	1	2
AT5G46260	0	0	0	0	0	0
AT5G50070	0	0	1	0	0	0
AT5G50140	0	0	0	0	0	0
AT5G51470	0	0	0	0	0	0
AT5G52940	0	0	0	0	0	0
AT5G08035	0	0	0	1	2	0
AT5G08105	0	0	0	0	0	0
AT5G55080	0	0	0	0	0	0
AT5G57569	0	0	0	0	0	0
AT5G58412	0	0	0	0	0	0
AT5G58460	0	0	0	0	0	0
AT5G08930	0	0	0	0	0	0
AT5G09020	0	0	0	0	0	0
AT5G63085	0	0	0	0	0	0
AT5G09160	0	0	0	0	0	0
AT5G09375	1	0	0	0	0	1
AT5G09765	0	0	0	0	0	0
AT3G01322	0	0	0	0	0	0
AT3G02940	0	0	0	0	0	0
AT3G03820	0	0	0	0	0	0
AT3G03830	0	0	0	0	0	0
AT3G04250	0	1	0	0	0	1
AT3G04510	0	0	0	0	0	0
AT3G01535	0	1	0	0	0	0
AT3G01865	0	0	0	0	0	1
AT3G07025	0	0	0	0	0	0
AT3G07425	0	0	0	0	0	0
AT3G09380	0	0	0	0	3	0
AT3G10750	0	0	0	0	0	0
AT3G13229	0	0	0	0	3	0
AT3G14735	1	0	1	0	0	0
AT3G16117	0	0	0	0	0	0
AT3G03495	0	0	0	0	0	0
AT3G18120	0	0	0	0	1	0
AT3G18362	0	0	0	0	0	0
AT3G03915	0	0	1	0	0	0
AT3G04035	0	0	0	0	0	0
AT3G22250	0	0	0	0	0	0
AT3G22421	0	2	0	0	0	0
AT3G25795	0	0	0	0	0	0
AT3G26237	0	0	0	0	0	0
AT3G26660	0	0	0	0	0	1
AT3G26800	0	0	0	0	1	1
AT3G27040	0	0	0	1	0	1
AT3G27884	0	0	0	0	0	1
AT3G28335	0	0	0	0	0	0
AT3G28415	0	0	1	0	0	0
AT3G05585	0	0	0	2	0	0
AT3G28925	0	0	0	2	0	1
AT3G28960	0	0	0	0	0	0
AT3G29680	0	0	0	0	0	0
AT3G42830	0	0	0	0	2	0
AT3G44060	0	0	0	0	0	0
AT3G44766	0	0	0	0	0	0
AT3G45330	0	0	1	0	0	0
AT3G46370	0	0	0	0	0	0
AT3G07485	0	0	0	0	1	0
AT3G46750	0	0	0	0	0	0
AT3G47790	0	0	0	0	0	0
AT3G48960	1	2	1	0	0	0
AT3G49130	0	0	0	0	0	0
AT3G49200	0	0	0	0	0	0
AT3G49230	0	0	0	0	0	0
AT3G51642	0	0	0	1	1	0
AT3G54240	0	0	0	0	0	0
AT3G55810	0	0	0	0	0	1
AT3G55870	2	0	0	0	0	0
AT3G56920	0	0	1	0	0	0
AT3G57460	0	0	0	0	0	0
AT3G09045	0	0	1	0	2	1
AT3G58165	0	0	0	1	0	0
AT3G60961	0	0	0	0	0	1
AT3G09945	0	2	0	0	1	0
AT3G63440	0	0	0	0	0	0
AT2G01530	0	0	0	0	0	0
AT2G02340	0	0	0	0	0	0
AT2G03740	0	0	0	0	5	0
AT2G04775	0	0	0	0	0	0
AT2G07768	0	0	0	2	0	0
AT2G07623	0	0	0	0	1	0
AT2G07627	0	0	0	0	0	0
AT2G07761	0	0	0	0	0	0
AT2G05585	0	0	0	0	0	0
AT2G05705	0	0	0	0	0	0
AT2G13900	0	1	1	0	0	0
AT2G14095	0	0	0	0	0	1
AT2G15780	0	1	0	0	1	0
AT2G17040	0	0	0	0	0	0
AT2G17180	0	0	0	0	0	0
AT2G18190	0	0	0	0	0	0
AT2G18460	0	0	0	0	0	1
AT2G19060	0	0	0	0	0	0
AT2G19802	0	0	0	3	0	0
AT2G21010	0	0	0	0	0	0
AT2G07425	0	0	0	0	0	0
AT2G21725	0	0	0	0	0	0
AT2G25150	0	2	1	0	0	0
AT2G25312	0	0	0	1	0	0
AT2G25700	0	0	0	0	2	0
AT2G26410	0	0	0	0	0	0
AT2G26610	0	0	0	0	0	0
AT2G26620	0	0	0	0	0	0
AT2G27320	0	0	0	0	0	0
AT2G28210	0	0	0	0	0	0
AT2G30650	0	0	0	0	0	0
AT2G32110	0	0	0	0	0	1
AT2G32310	2	0	0	0	0	0
AT2G33350	0	0	0	0	0	0
AT2G33705	0	0	0	0	0	0
AT2G33890	0	0	2	0	0	1
AT2G34890	1	0	1	0	1	0
AT2G37140	0	0	0	0	0	0
AT2G42550	0	1	0	1	0	0
AT2G43440	0	0	0	0	0	0
AT2G09640	0	0	0	1	0	0
AT2G46120	0	0	1	1	0	0
AT2G46493	0	0	0	0	0	0
AT2G46995	0	1	0	0	1	0
AT2G47030	0	0	0	0	0	0
AT4G00280	2	0	0	0	0	0
AT4G00320	0	0	0	0	0	0
AT4G00885	0	0	0	0	0	0
AT4G03360	0	0	0	0	0	0
AT4G04835	0	0	1	0	0	0
AT4G04480	0	0	0	0	0	0
AT4G07965	0	0	0	0	0	2
AT4G08640	0	0	0	0	0	0
AT4G05625	0	0	0	0	0	0
AT4G09965	0	0	0	0	0	0
AT4G10595	0	0	0	0	0	0
AT4G11070	0	0	0	0	0	0
AT4G11580	0	1	0	0	2	0
AT4G12210	0	2	0	0	0	0
AT4G12530	0	0	0	0	0	0
AT4G13760	0	0	0	0	0	0
AT4G15242	0	0	0	0	0	0
AT4G06385	0	0	0	0	0	0
AT4G18180	2	0	0	0	0	0
AT4G18190	0	0	0	0	0	0
AT4G06820	0	1	0	0	0	0
AT4G06970	0	0	0	0	0	0
AT4G21080	0	0	0	0	0	0
AT4G21340	0	0	0	0	1	0
AT4G23300	0	0	0	0	0	0
AT4G23320	0	0	0	0	0	0
AT4G24980	0	0	0	0	0	0
AT4G27110	0	0	0	0	0	0
AT4G28870	0	0	0	1	0	1
AT4G29570	0	0	0	1	0	0
AT4G31900	0	0	0	0	0	0
AT4G32080	0	0	0	1	1	0
AT4G34930	0	0	0	0	0	0
AT4G35700	0	0	0	0	0	0
AT4G39770	0	0	0	0	1	0
ATMG00550	0	0	0	0	0	0
ATMG01140	0	0	0	0	0	1
ATCG00905	0	0	0	0	0	0
ATCG01230	0	0	0	0	0	0
11/15/01	0	0	0	0	0	0
AT1G03720	4	0	0	0	0	0
AT1G03982	0	0	0	0	0	1
AT1G04450	0	0	0	0	0	0
AT1G04670	0	0	0	0	0	0
AT1G05040	0	0	0	0	0	0
AT1G04353	0	0	0	0	0	0
AT1G04593	0	0	0	0	1	0
AT1G07560	0	0	0	0	0	0
AT1G08645	0	0	0	0	2	0
AT1G09350	0	0	0	0	0	0
AT1G10980	0	0	0	0	0	0
AT1G11510	0	0	0	1	1	0
AT1G04853	0	0	0	0	0	0
AT1G11770	0	0	0	0	0	0
AT1G05027	0	0	0	0	0	0
AT1G14686	0	0	0	0	0	0
AT1G14880	0	0	0	0	2	0
AT1G15015	0	0	0	0	0	0
AT1G17310	0	0	0	0	0	0
AT1G17860	0	0	0	0	0	0
AT1G18486	1	0	0	0	0	1
AT1G19371	0	0	0	0	0	0
AT1G19780	0	0	0	0	0	0
AT1G21270	0	0	0	0	0	0
AT1G24159	0	0	0	0	0	0
AT1G24260	0	0	0	0	0	0
AT1G24881	0	1	0	0	0	0
AT1G25145	0	0	0	0	0	0
AT1G25270	0	0	0	0	0	0
AT1G25410	0	0	0	0	0	0
AT1G06073	0	0	0	0	0	0
AT1G28020	0	0	0	0	0	0
AT1G28335	0	0	0	0	0	0
AT1G28430	0	0	0	0	0	0
AT1G29100	0	0	0	0	0	0
AT1G31050	0	0	0	0	0	0
AT1G34540	0	0	0	0	0	0
AT1G35750	0	0	0	0	0	1
AT1G06943	0	0	0	0	0	0
AT1G36240	0	1	0	0	0	0
AT1G06997	0	0	0	0	1	3
AT1G07023	0	0	0	0	0	0
AT1G07193	0	0	0	0	0	0
AT1G07243	0	0	1	0	0	0
AT1G44191	2	0	2	0	0	0
AT1G07437	0	0	0	0	0	0
AT1G07593	0	0	0	0	0	1
AT1G50690	1	0	0	0	2	0
AT1G51150	0	0	0	0	0	0
AT1G51990	0	0	0	0	0	0
AT1G54540	0	0	0	0	0	0
AT1G55990	0	0	1	0	1	0
AT1G56160	0	0	3	0	0	0
AT1G56240	0	0	0	0	0	0
AT1G57943	0	0	0	0	0	0
AT1G08267	0	0	0	0	0	0
AT1G08327	0	0	0	0	1	0
AT1G61080	0	0	0	0	0	0
AT1G61610	0	0	0	0	0	0
AT1G08473	1	0	0	1	0	0
AT1G62340	0	0	0	0	0	0
AT1G08567	0	0	0	0	0	0
AT1G08603	0	0	0	0	1	0
AT1G63340	0	0	1	0	1	0
AT1G64030	0	0	0	0	0	0
AT1G65050	0	0	0	1	0	1
AT1G08743	0	0	0	0	0	2
AT1G65850	0	0	0	0	0	0
AT1G66145	0	0	0	0	0	0
AT1G68420	0	0	0	0	0	0
AT1G68907	0	0	0	0	0	0
AT1G69190	0	0	0	0	0	0
AT1G69650	0	0	0	0	0	0
AT1G09137	0	0	0	0	0	0
AT1G09207	0	0	0	0	0	0
AT1G72141	0	1	0	0	2	0
AT1G72910	0	0	0	0	0	0
AT1G74220	0	3	0	0	0	0
AT1G74458	0	0	0	0	0	0
AT1G75530	0	0	0	0	0	0
AT1G76960	0	0	0	0	0	0
AT1G09797	0	0	0	0	0	0
AT1G09947	0	0	0	0	0	0
AT5G00810	0	0	0	0	0	0
AT5G00845	0	0	0	0	0	0
AT5G03980	0	0	0	0	0	0
AT5G04045	0	0	0	1	0	0
AT5G00950	0	0	0	0	0	0
AT5G00955	0	4	0	0	0	0
AT5G06040	0	0	0	0	1	0
AT5G07430	2	0	0	0	0	0
AT5G08712	0	0	0	0	0	0
AT5G09370	0	0	0	0	2	0
AT5G09610	0	0	0	0	0	0
AT5G11180	0	0	0	0	0	0
AT5G02015	0	0	0	0	0	0
AT5G16410	0	0	0	0	1	0
AT5G16530	0	0	0	0	0	0
AT5G17140	0	0	0	0	0	0
AT5G18010	0	0	0	0	0	0
AT5G18037	1	0	0	0	0	0
AT5G18350	0	0	0	0	0	0
AT5G19880	0	0	0	0	0	0
AT5G20690	0	0	0	0	0	0
AT5G20940	0	0	0	0	0	0
AT5G22555	0	0	0	1	0	0
AT5G25920	0	0	0	0	1	0
AT5G25970	2	0	0	0	0	0
AT5G26250	2	0	0	0	0	0
AT5G28615	0	0	0	0	0	0
AT5G05105	0	0	0	0	0	0
AT5G35490	0	0	0	0	0	0
AT5G37478	0	0	0	0	0	0
AT5G37610	0	0	0	0	0	0
AT5G05515	1	0	0	0	0	0
AT5G37950	0	0	0	0	0	0
AT5G38180	0	0	0	0	0	0
AT5G38240	0	1	0	0	3	0
AT5G40000	0	0	0	1	1	0
AT5G42170	0	0	0	0	0	0
AT5G43180	0	0	0	0	0	0
AT5G43590	0	0	0	0	0	0
AT5G44316	0	0	0	0	0	0
AT5G44630	0	0	0	1	0	0
AT5G06745	0	0	0	0	0	0
AT5G45820	0	0	0	0	0	0
AT5G46540	0	0	0	0	0	0
AT5G06945	2	0	0	0	0	0
AT5G06995	0	0	0	0	0	0
AT5G07605	0	0	0	0	0	0
AT5G51465	0	0	0	0	0	0
AT5G52045	0	0	2	0	0	0
AT5G52360	0	0	0	0	0	0
AT5G52930	0	0	0	0	0	0
AT5G53820	0	0	0	0	0	0
AT5G55010	0	0	1	0	0	0
AT5G57720	0	0	0	0	0	0
AT5G57885	0	0	0	0	0	0
AT5G58180	0	0	0	0	0	0
AT5G58500	0	0	0	0	0	0
AT5G59810	0	0	0	0	0	0
AT5G60966	0	0	0	0	0	1
AT5G09090	0	1	0	0	0	0
AT5G09435	0	0	0	0	2	0
AT5G67310	0	0	0	0	0	0
AT3G01085	0	0	0	0	0	0
AT3G00975	0	1	0	0	0	0
AT3G01230	0	0	0	0	0	0
AT3G01331	0	0	0	0	0	0
AT3G00995	0	0	0	1	0	0
AT3G01095	0	0	0	0	0	0
AT3G03750	0	0	0	0	0	0
AT3G03840	0	0	0	0	0	0
AT3G05727	0	0	0	0	0	0
AT3G07450	0	1	0	0	0	0
AT3G08636	0	0	0	0	0	0
AT3G02295	0	0	0	0	0	0
AT3G10240	0	0	0	0	0	0
AT3G12230	0	0	0	0	0	0
AT3G02585	0	0	0	0	0	0
AT3G02945	0	0	0	0	0	0
AT3G17400	0	1	0	0	0	0
AT3G17490	0	0	0	0	0	0
AT3G18291	0	0	0	0	0	0
AT3G19070	0	0	0	0	3	0
AT3G20155	0	0	0	0	0	0
AT3G23320	0	0	0	0	0	0
AT3G04815	0	0	0	0	0	0
AT3G25170	0	0	0	0	0	0
AT3G25577	0	0	0	0	0	0
AT3G26815	0	0	0	0	0	0
AT3G27600	0	0	0	0	0	0
AT3G27845	0	0	0	1	0	0
AT3G28320	0	0	0	0	0	0
AT3G29190	0	0	0	0	0	0
AT3G29410	0	0	0	0	0	0
AT3G05915	0	0	0	0	0	0
AT3G05985	0	0	0	0	0	0
AT3G06025	0	0	0	0	0	0
AT3G30820	0	0	0	0	0	0
AT3G06245	0	0	0	0	0	0
AT3G44665	0	0	0	0	0	0
AT3G07045	0	0	0	0	0	0
AT3G45280	0	0	0	0	0	0
AT3G07345	0	0	0	0	0	2
AT3G46616	1	0	0	0	0	0
AT3G07515	0	0	0	0	0	0
AT3G07745	1	0	0	0	0	0
AT3G49520	0	0	0	0	0	0
AT3G08290	0	0	0	0	0	0
AT3G52970	0	0	0	1	0	0
AT3G08410	0	0	0	0	0	0
AT3G54800	0	0	0	0	0	0
AT3G55935	1	1	0	0	0	0
AT3G56085	0	0	0	0	0	0
AT3G08735	0	0	0	0	0	0
AT3G08805	0	0	0	1	0	0
AT3G08965	0	0	0	0	0	0
AT3G57787	0	0	0	0	0	0
AT3G58210	0	0	0	0	0	0
AT3G58795	0	0	0	0	0	0
AT3G59250	0	0	0	0	0	0
AT3G09565	0	0	0	0	0	0
AT3G62170	0	0	0	0	0	0
AT3G63093	0	0	0	1	0	0
AT2G01045	0	0	0	0	0	0
AT2G01310	0	0	0	0	2	0
AT2G02497	0	0	0	0	0	0
AT2G02515	0	0	0	0	0	0
AT2G02520	0	0	0	0	0	0
AT2G04325	0	0	2	0	0	0
AT2G06020	1	0	0	0	0	0
AT2G07776	0	0	0	0	1	0
AT2G07754	0	0	0	0	0	0
AT2G07714	1	1	0	0	0	0
AT2G07815	0	0	0	0	0	1
AT2G10025	0	0	0	0	0	0
AT2G10975	0	0	0	0	0	0
AT2G11010	0	0	0	0	0	0
AT2G13620	0	0	0	0	1	1
AT2G14540	0	0	0	0	0	0
AT2G14710	0	0	0	2	0	0
AT2G06365	0	0	0	0	0	0
AT2G06395	0	0	0	0	0	0
AT2G06695	2	0	0	0	0	0
AT2G18917	1	0	0	0	1	0
AT2G19150	0	0	0	0	0	0
AT2G19970	0	0	0	0	0	0
AT2G20030	0	0	0	1	0	0
AT2G20170	0	0	1	2	0	0
AT2G07895	0	0	0	0	0	0
AT2G07940	0	0	0	0	0	0
AT2G23830	0	0	0	0	2	0
AT2G23900	0	0	0	0	0	0
AT2G08150	0	0	0	0	0	0
AT2G08155	0	0	0	0	0	0
AT2G08165	0	0	0	0	0	0
AT2G27780	0	0	1	0	0	0
AT2G08230	0	0	0	1	0	0
AT2G29110	0	0	0	0	0	0
AT2G29452	0	2	0	0	0	0
AT2G08410	0	0	0	0	0	0
AT2G31432	0	0	0	0	0	0
AT2G31550	0	0	0	0	0	0
AT2G32645	0	0	0	0	0	0
AT2G32740	0	0	0	0	0	0
AT2G33030	0	0	0	0	0	0
AT2G33810	0	0	0	0	0	1
AT2G33870	0	0	0	0	0	0
AT2G37900	0	0	0	0	0	0
AT2G08965	0	0	0	0	0	0
AT2G39885	0	0	0	0	0	0
AT2G40116	0	0	0	0	0	0
AT2G40990	0	0	0	0	0	0
AT2G41930	0	0	0	0	0	0
AT2G43960	0	0	0	0	0	1
AT2G44320	0	0	1	0	0	0
AT2G09650	0	0	0	0	0	0
AT2G45800	0	0	0	0	0	0
AT2G45840	0	0	0	0	0	0
AT2G46308	0	0	0	0	1	0
AT2G09885	0	0	0	0	0	0
AT2G09955	0	0	0	0	0	0
AT4G00232	0	0	0	0	0	0
AT4G00985	0	0	0	0	0	0
AT4G04055	0	0	0	0	0	0
AT4G04355	0	0	0	0	0	0
AT4G03450	0	0	0	1	0	0
AT4G04510	4	0	0	0	0	0
AT4G05075	0	0	0	0	0	0
AT4G05350	0	0	0	1	0	2
AT4G05365	0	0	0	0	0	0
AT4G08593	0	0	0	0	2	0
AT4G10010	0	0	0	0	0	0
AT4G10305	0	0	0	0	0	0
AT4G11020	0	0	0	0	0	0
AT4G05915	1	0	0	0	0	0
AT4G05990	0	0	0	0	0	0
AT4G14225	0	0	0	0	0	0
AT4G14730	0	0	0	0	0	0
AT4G15075	0	0	0	0	0	0
AT4G15562	0	1	0	0	0	0
AT4G16530	0	0	0	0	0	0
AT4G17215	0	0	0	0	0	0
AT4G17565	0	0	0	0	0	0
AT4G17860	0	0	0	0	1	0
AT4G18215	0	0	0	1	0	0
AT4G18823	1	0	0	0	0	0
AT4G06975	0	0	0	0	0	0
AT4G22170	0	0	0	0	4	0
AT4G07085	0	0	0	0	0	0
AT4G23090	0	0	2	0	1	0
AT4G23515	0	0	0	0	0	0
AT4G07135	0	0	0	1	0	0
AT4G23900	0	0	0	1	0	0
AT4G24140	0	0	0	0	0	0
AT4G24231	0	0	0	0	0	0
AT4G24650	0	0	0	0	0	0
AT4G25435	0	0	0	0	0	1
AT4G25845	0	0	0	0	0	0
AT4G26288	0	0	0	0	0	0
AT4G07575	0	0	0	0	0	0
AT4G26820	0	0	0	0	0	0
AT4G07955	0	0	0	0	1	0
AT4G08415	0	0	0	0	0	0
AT4G31690	0	1	0	0	0	0
AT4G32342	0	0	0	0	0	0
AT4G33790	0	0	0	0	0	0
AT4G34415	0	0	0	0	1	0
AT4G09025	0	2	0	0	1	0
AT4G35375	0	0	0	0	0	0
AT4G35680	0	0	0	0	0	1
AT4G09285	0	0	0	0	0	0
AT4G09315	0	0	0	0	0	0
AT4G36510	0	0	0	0	0	0
AT4G09415	0	0	0	0	0	0
AT4G37770	0	0	0	0	0	0
AT4G09755	0	0	0	0	0	0
ATMG00330	0	0	0	0	0	0
ATMG01000	0	0	0	0	1	0
ATMG01270	1	0	0	1	0	0
ATCG00320	0	0	0	0	1	0
ATCG01030	0	0	0	0	2	0
ATCG01190	0	0	0	1	0	0
ATCG01250	0	0	1	0	0	0
AT1G02040	0	0	0	0	1	0
AT1G04183	0	0	0	0	0	0
AT1G03700	0	0	0	0	0	0
AT1G04283	0	0	0	0	0	0
AT1G05035	0	0	0	0	0	0
AT1G05291	0	0	0	0	0	0
AT1G06135	0	0	0	0	0	0
AT1G07051	0	0	0	1	0	0
AT1G07730	0	0	0	0	0	0
AT1G08120	0	0	0	0	0	0
AT1G08135	0	0	0	0	0	0
AT1G09483	0	0	0	0	0	0
AT1G10588	0	0	0	0	0	0
AT1G10745	0	0	0	0	0	0
AT1G11684	0	0	0	0	0	0
AT1G04883	0	0	0	0	0	1
AT1G11765	0	0	0	0	0	1
AT1G14315	0	0	0	0	0	1
AT1G05133	0	0	0	1	0	1
AT1G05333	0	0	0	0	0	0
AT1G05363	0	0	0	0	0	0
AT1G20000	0	0	0	0	0	0
AT1G20080	0	0	0	0	0	0
AT1G21800	0	0	0	0	0	0
AT1G22210	0	0	0	0	0	1
AT1G23240	0	0	0	0	0	0
AT1G23580	0	0	0	0	0	0
AT1G24230	0	1	0	0	1	0
AT1G24807	0	0	0	0	0	0
AT1G26355	0	0	0	0	0	0
AT1G28180	0	0	0	0	0	0
AT1G06263	0	0	1	0	0	0
AT1G32480	0	0	0	0	0	0
AT1G34575	0	0	0	1	0	0
AT1G35501	0	0	0	0	2	0
AT1G07183	0	1	1	0	0	0
AT1G45100	0	0	1	2	0	0
AT1G45244	0	0	0	0	0	1
AT1G48080	0	0	0	0	0	0
AT1G48095	0	0	0	0	0	0
AT1G07477	0	0	0	0	0	0
AT1G48910	0	0	0	0	0	0
AT1G49015	0	0	0	0	0	0
AT1G49680	0	0	0	1	0	0
AT1G51010	0	0	0	0	0	0
AT1G51120	0	0	1	1	0	0
AT1G51870	0	0	0	0	0	0
AT1G55720	0	0	0	0	0	0
AT1G56100	0	0	0	0	0	0
AT1G56225	0	0	0	0	0	0
AT1G08177	0	0	0	0	0	0
AT1G58007	0	0	0	0	0	0
AT1G58090	0	0	0	0	0	0
AT1G08257	0	0	0	0	0	0
AT1G59930	0	0	0	0	0	0
AT1G60350	0	0	0	0	0	0
AT1G60980	0	0	0	0	0	0
AT1G60987	0	0	0	0	0	0
AT1G61200	0	0	0	0	0	1
AT1G08427	0	0	0	0	0	0
AT1G62225	0	0	0	0	0	0
AT1G62840	2	0	0	0	0	0
AT1G63580	0	0	0	0	0	0
AT1G64255	0	0	0	1	0	0
AT1G64340	0	0	0	0	0	0
AT1G64585	0	0	0	0	0	0
AT1G64910	0	0	0	0	0	0
AT1G08757	0	0	0	0	0	0
AT1G08767	0	0	0	0	0	0
AT1G66000	0	0	0	0	0	0
AT1G08903	0	0	0	0	0	0
AT1G67265	0	0	0	0	0	0
AT1G67390	0	0	0	0	0	0
AT1G67540	0	0	0	0	0	2
AT1G67865	0	0	0	0	0	0
AT1G68526	0	0	0	0	1	0
AT1G68568	1	0	0	0	0	0
AT1G68950	0	0	0	0	1	1
AT1G69130	0	0	0	0	0	0
AT1G69588	0	0	0	0	0	0
AT1G69797	0	0	0	0	0	0
AT1G09193	0	0	0	0	0	0
AT1G09223	0	0	0	0	1	0
AT1G71528	0	0	0	0	1	0
AT1G71828	0	0	0	0	0	0
AT1G72350	0	1	0	0	0	0
AT1G74140	0	0	2	0	0	0
AT1G09463	0	0	0	0	0	0
AT1G09507	0	0	0	0	0	0
AT1G75717	0	0	0	0	0	0
AT1G09577	0	0	0	0	0	0
AT1G75890	0	0	0	0	0	0
AT1G09893	0	0	0	0	0	0
AT1G80220	0	0	0	0	0	0
AT1G80250	0	0	0	0	2	0
AT1G09963	0	0	0	0	0	0
AT5G01690	0	0	0	0	0	0
AT5G00835	0	0	0	0	0	0
AT5G03580	0	0	0	0	0	0
AT5G03710	0	0	0	0	0	0
AT5G04350	0	0	0	0	0	0
AT5G05020	0	0	0	0	0	0
AT5G05720	1	0	0	0	0	0
AT5G06500	0	0	2	1	0	0
AT5G06920	2	0	0	0	0	0
AT5G07230	0	0	0	0	0	0
AT5G08350	0	0	0	0	0	0
AT5G09445	0	0	0	0	0	0
AT5G10455	0	0	0	0	0	0
AT5G10760	0	1	0	0	0	0
AT5G11225	0	0	1	0	0	0
AT5G12460	0	0	0	0	0	0
AT5G14345	0	0	0	0	0	1
AT5G02245	0	0	0	0	2	0
AT5G02265	0	0	0	0	0	0
AT5G14900	0	0	0	0	0	0
AT5G02395	0	0	0	0	0	0
AT5G15685	0	0	0	0	0	0
AT5G16020	0	0	0	0	0	0
AT5G16090	0	0	0	0	0	0
AT5G17340	0	0	0	0	0	0
AT5G17740	0	0	0	0	0	0
AT5G17970	0	0	0	0	0	0
AT5G18080	0	0	0	0	0	0
AT5G18085	0	0	0	0	0	0
AT5G18600	0	0	0	0	0	0
AT5G03115	0	0	0	0	1	0
AT5G03145	0	0	0	0	0	0
AT5G20860	0	0	0	0	0	0
AT5G23020	0	0	0	0	0	0
AT5G24040	0	0	0	0	1	0
AT5G25625	0	0	0	0	3	0
AT5G04725	0	0	0	0	0	0
AT5G28560	0	0	0	0	1	0
AT5G28730	0	0	0	0	0	0
AT5G35610	0	0	0	0	0	0
AT5G36970	0	0	0	0	0	0
AT5G36980	2	0	0	0	0	0
AT5G05375	0	0	0	0	0	0
AT5G38670	3	0	0	0	0	0
AT5G05875	0	2	0	0	0	0
AT5G39480	0	0	0	0	0	0
AT5G39650	0	0	0	0	0	0
AT5G40220	0	0	0	0	0	0
AT5G06145	0	0	0	0	0	0
AT5G06155	0	0	0	0	0	1
AT5G06445	0	0	0	0	0	0
AT5G43090	0	0	0	0	0	0
AT5G44575	0	0	0	0	0	0
AT5G45180	0	0	0	0	1	0
AT5G45470	0	0	0	0	0	0
AT5G46270	0	0	0	0	0	0
AT5G46320	0	0	0	0	0	0
AT5G46670	0	0	0	0	0	0
AT5G46871	0	0	0	0	0	0
AT5G47340	0	0	0	0	0	0
AT5G07035	1	0	0	0	0	0
AT5G48835	0	0	0	1	0	0
AT5G49590	0	0	0	2	0	0
AT5G50220	0	0	0	0	0	0
AT5G50520	0	0	0	0	0	0
AT5G50670	0	0	0	0	0	0
AT5G50790	0	0	0	0	0	0
AT5G52320	0	0	0	0	0	0
AT5G52500	0	0	0	0	0	0
AT5G52760	0	0	0	0	0	0
AT5G53640	0	0	0	0	0	0
AT5G53720	0	0	0	0	0	0
AT5G55132	0	0	0	0	1	0
AT5G55440	0	0	0	0	0	0
AT5G08435	0	0	0	0	0	0
AT5G08605	0	0	0	0	0	0
AT5G08785	0	0	0	0	0	1
AT5G59395	0	0	0	0	0	0
AT5G59732	0	0	0	0	0	0
AT5G60130	0	0	0	0	0	0
AT5G60510	0	0	0	0	0	0
AT5G60910	0	0	0	0	0	0
AT5G62110	0	0	0	0	0	2
AT5G63180	0	0	0	0	0	0
AT5G63580	0	0	0	0	0	3
AT5G09200	2	0	0	0	0	1
AT5G65370	0	0	0	0	0	0
AT5G65800	0	0	0	0	0	0
AT5G66370	0	0	2	0	0	0
AT5G09705	0	0	0	0	0	0
AT5G66815	0	0	0	0	0	0
AT3G01550	0	0	0	0	0	0
AT3G01880	0	0	0	0	0	0
AT3G01195	0	0	0	0	0	0
AT3G03850	0	0	0	0	0	0
AT3G04443	0	0	0	0	0	0
AT3G01635	1	0	0	0	0	0
AT3G05440	0	0	0	0	0	0
AT3G01925	0	1	0	0	0	0
AT3G07830	0	0	0	0	0	0
AT3G07850	0	0	2	0	0	0
AT3G02145	0	0	0	0	0	0
AT3G09290	0	0	0	0	0	0
AT3G09930	0	0	0	0	0	0
AT3G02695	0	0	0	0	0	0
AT3G15490	0	0	0	0	0	0
AT3G03125	0	0	1	0	0	0
AT3G15605	0	0	0	0	0	0
AT3G16540	0	0	0	0	0	0
AT3G17140	0	0	0	0	0	0
AT3G17150	0	0	0	2	0	0
AT3G17620	0	0	0	0	0	0
AT3G18220	0	0	0	1	1	0
AT3G18815	1	0	0	0	0	0
AT3G03805	0	1	0	0	0	0
AT3G19320	0	0	0	0	0	0
AT3G19410	0	0	0	0	0	0
AT3G19530	0	0	0	0	0	0
AT3G20362	0	0	0	1	0	0
AT3G22125	0	0	0	0	0	0
AT3G23380	0	0	0	0	0	0
AT3G24130	0	1	0	0	0	0
AT3G04745	0	0	2	0	0	0
AT3G25050	0	0	0	0	0	0
AT3G25190	0	0	0	0	0	0
AT3G25280	0	1	0	0	0	0
AT3G27410	0	0	0	0	0	0
AT3G05285	0	0	0	0	0	0
AT3G27910	0	0	1	0	0	0
AT3G27920	0	0	0	0	0	0
AT3G28080	0	0	0	0	0	0
AT3G05385	0	0	0	0	0	0
AT3G28270	0	0	0	0	0	0
AT3G28890	0	0	0	0	0	1
AT3G28918	0	0	0	0	0	0
AT3G29080	0	0	0	0	0	0
AT3G29095	0	0	0	0	0	0
AT3G29385	0	0	0	0	0	1
AT3G29570	0	0	0	0	0	1
AT3G29791	0	0	0	0	0	0
AT3G30160	0	1	0	0	0	0
AT3G30210	0	0	0	0	0	0
AT3G32047	0	0	0	0	0	0
AT3G42160	0	0	0	0	0	0
AT3G43833	0	0	0	0	0	0
AT3G44703	0	0	0	0	0	0
AT3G45570	1	0	0	0	0	0
AT3G45790	0	0	0	0	0	0
AT3G46160	0	0	1	0	0	1
AT3G07435	0	0	0	0	0	0
AT3G46650	1	0	0	0	0	0
AT3G46810	0	0	0	0	0	0
AT3G07555	0	0	0	0	0	0
AT3G46875	0	0	0	0	0	0
AT3G48208	0	0	0	0	0	0
AT3G48640	0	0	0	0	0	0
AT3G49030	0	0	0	0	0	0
AT3G49760	0	0	0	0	0	0
AT3G51210	1	0	0	0	0	0
AT3G08260	0	0	0	0	0	0
AT3G52510	0	1	0	0	0	0
AT3G52742	0	0	0	0	0	0
AT3G54340	0	1	0	0	0	0
AT3G54550	0	0	0	0	0	0
AT3G08415	0	0	0	0	0	0
AT3G55190	0	0	0	0	0	0
AT3G08535	1	0	0	0	0	0
AT3G55590	0	0	0	1	0	1
AT3G56420	0	0	0	0	0	0
AT3G58540	0	0	0	0	0	0
AT3G09185	0	0	0	0	0	0
AT3G59230	0	0	0	0	0	0
AT3G59460	0	0	0	0	0	0
AT3G09335	0	0	0	0	0	0
AT3G60975	0	0	0	1	0	0
AT3G09675	0	1	0	0	0	0
AT3G63088	0	0	0	0	0	0
AT2G04195	0	0	0	0	0	0
AT2G02147	0	0	1	0	0	0
AT2G02498	0	0	0	0	0	0
AT2G03300	0	1	1	0	0	1
AT2G03320	0	0	0	0	0	0
AT2G04565	0	0	0	0	0	0
AT2G03790	0	0	0	0	0	2
AT2G05140	0	1	0	0	0	0
AT2G05035	1	0	0	0	0	0
AT2G07565	0	0	0	0	0	0
AT2G07749	0	0	0	1	0	0
AT2G07625	0	0	0	0	1	0
AT2G07702	0	0	0	1	0	0
AT2G10553	0	0	0	1	0	0
AT2G10608	0	0	0	0	0	0
AT2G05675	1	0	0	0	0	0
AT2G05785	0	0	0	0	0	0
AT2G13570	0	0	0	0	0	0
AT2G14070	0	0	0	0	0	0
AT2G16380	0	0	0	1	0	0
AT2G06935	0	0	0	0	0	0
AT2G17920	0	0	0	0	0	0
AT2G07045	0	0	0	0	0	0
AT2G18370	0	0	0	0	1	0
AT2G19230	0	0	0	0	0	0
AT2G19365	0	0	0	0	0	0
AT2G19500	0	0	0	0	0	0
AT2G19700	0	0	0	0	0	0
AT2G20970	0	0	0	0	0	0
AT2G21040	0	0	0	0	0	0
AT2G22050	0	0	0	0	0	0
AT2G22060	0	0	0	0	0	0
AT2G22580	0	0	2	0	0	0
AT2G22820	0	0	0	0	1	0
AT2G07990	0	1	0	0	0	0
AT2G07995	0	0	0	0	0	0
AT2G08110	0	0	0	1	0	0
AT2G25360	0	0	0	0	0	0
AT2G08135	0	0	0	2	0	0
AT2G26120	0	0	0	0	0	0
AT2G26370	0	0	0	0	0	0
AT2G26490	0	0	0	0	0	0
AT2G26850	0	0	0	0	0	0
AT2G27220	0	0	0	0	0	0
AT2G08265	0	0	0	0	0	0
AT2G28680	1	0	0	1	0	0
AT2G28730	0	0	0	0	0	0
AT2G30385	0	0	0	0	0	0
AT2G30615	0	2	0	0	0	0
AT2G31083	0	0	0	0	0	0
AT2G31750	0	0	0	0	0	0
AT2G32290	0	0	0	0	0	0
AT2G32370	0	1	0	0	0	0
AT2G33420	0	0	0	0	0	0
AT2G33750	0	0	0	0	0	0
AT2G33775	0	0	0	0	0	2
AT2G33950	1	0	0	0	0	0
AT2G08675	0	0	0	0	0	0
AT2G08710	0	0	0	0	0	3
AT2G08775	0	0	0	0	0	0
AT2G36190	0	0	0	0	0	0
AT2G36325	0	0	0	0	0	0
AT2G37125	0	0	0	0	0	0
AT2G37720	0	0	0	0	0	0
AT2G37800	0	0	0	0	0	0
AT2G08895	0	0	0	0	0	0
AT2G08935	0	0	0	0	0	0
AT2G09120	0	0	0	0	0	0
AT2G41390	0	0	0	0	0	0
AT2G41515	1	0	0	1	0	0
AT2G09290	0	0	0	0	0	0
AT2G42020	0	0	0	0	0	0
AT2G42725	0	0	2	0	0	0
AT2G09405	0	0	0	0	0	1
AT2G09410	0	0	0	0	0	0
AT2G43730	0	0	0	0	0	0
AT2G43740	0	0	0	0	0	0
AT2G44340	0	0	0	0	0	0
AT2G44390	0	0	0	0	0	0
AT2G44810	0	0	0	0	0	0
AT2G45580	0	0	0	0	0	0
AT2G46130	0	0	0	0	0	0
AT2G46360	0	0	0	0	0	0
AT2G46880	0	0	0	0	0	0
AT2G46960	0	0	0	0	0	0
AT4G00140	0	1	0	0	0	0
AT4G00467	0	0	0	0	0	0
AT4G03655	0	0	0	0	0	0
AT4G01671	0	0	0	0	0	0
AT4G03495	0	0	0	0	0	0
AT4G03945	2	0	1	0	0	0
AT4G05105	0	0	0	0	0	0
AT4G05170	0	0	0	0	0	0
AT4G06643	0	0	0	0	0	0
AT4G05275	0	0	0	0	0	3
AT4G08760	0	0	0	0	0	0
AT4G05615	0	0	0	0	0	0
AT4G09110	0	0	0	0	0	0
AT4G05705	0	0	2	0	0	0
AT4G05710	0	0	1	0	0	0
AT4G05800	0	0	0	0	0	0
AT4G12940	0	0	0	0	0	0
AT4G13090	0	0	0	0	0	0
AT4G13770	0	0	0	0	0	1
AT4G14080	0	1	0	0	0	0
AT4G14226	0	0	0	2	0	0
AT4G14260	2	0	0	0	0	0
AT4G14345	0	1	1	0	0	0
AT4G06330	0	0	0	0	0	0
AT4G15885	0	0	0	0	0	0
AT4G16165	0	0	0	0	1	2
AT4G16555	0	0	0	0	0	0
AT4G17850	0	0	0	0	0	0
AT4G06755	1	0	0	1	0	0
AT4G18540	0	0	0	0	0	0
AT4G18870	0	0	0	0	2	0
AT4G21330	0	0	0	0	0	0
AT4G21595	0	0	0	0	0	0
AT4G07055	0	0	0	0	0	0
AT4G23380	0	0	0	0	0	0
AT4G23387	0	0	0	0	0	0
AT4G23390	0	0	0	0	0	0
AT4G24300	0	0	0	0	0	0
AT4G07265	0	0	0	0	0	0
AT4G07715	0	0	0	0	0	0
AT4G27360	0	0	0	0	0	0
AT4G07845	0	0	0	0	0	0
AT4G27920	0	0	0	0	0	0
AT4G08005	0	0	0	0	0	1
AT4G28362	0	0	1	0	0	0
AT4G29460	0	0	0	0	0	0
AT4G29980	0	0	0	0	0	1
AT4G30740	0	0	0	0	0	0
AT4G31695	0	0	0	0	0	1
AT4G33450	0	0	0	0	0	0
AT4G33610	0	0	0	0	0	0
AT4G08865	0	0	0	0	0	0
AT4G35170	0	0	0	0	0	0
AT4G09645	0	0	0	0	0	0
AT4G37895	0	0	0	0	0	0
AT4G38030	0	0	0	0	0	0
AT4G09985	0	0	2	0	0	0
AT4G40011	0	0	0	0	0	0
AT4G40100	0	0	0	0	0	0
ATMG00190	0	0	0	0	1	0
ATMG00230	0	0	0	0	0	1
ATMG01210	0	0	0	0	0	0
ATCG00310	0	0	0	0	0	0
ATCG00960	0	0	0	0	0	0
ATCG01200	0	0	0	0	0	0
AT1G04137	0	0	0	0	0	0
AT1G03050	0	0	0	0	2	0
AT1G04167	0	0	1	0	0	0
AT1G03490	0	0	0	0	0	0
AT1G04470	0	0	1	0	0	0
AT1G05580	0	0	0	0	0	0
AT1G06002	0	0	0	0	0	0
AT1G06000	0	0	0	0	0	0
AT1G06340	0	0	0	0	0	0
AT1G07760	1	0	0	0	0	0
AT1G08440	0	0	0	0	0	0
AT1G04673	0	0	0	0	0	0
AT1G09790	0	0	0	0	0	0
AT1G04747	0	0	0	0	0	0
AT1G04793	0	0	1	0	0	0
AT1G10586	0	0	0	0	0	0
AT1G11520	0	0	0	0	0	0
AT1G11550	0	0	0	0	0	0
AT1G12211	0	0	0	0	0	0
AT1G12411	0	0	1	0	0	0
AT1G04957	0	0	0	0	0	0
AT1G13200	0	0	0	0	0	0
AT1G04997	0	0	0	0	0	0
AT1G13490	0	0	0	0	0	0
AT1G05023	0	0	2	0	0	0
AT1G13755	0	0	0	0	0	0
AT1G14185	0	0	0	0	0	0
AT1G14250	0	0	0	0	0	0
AT1G14800	0	1	0	0	0	0
AT1G15360	0	0	0	0	0	0
AT1G05177	0	0	0	0	0	0
AT1G16380	0	0	0	0	0	0
AT1G05227	0	0	0	1	0	0
AT1G05237	0	0	0	0	0	0
AT1G16790	0	0	0	0	0	0
AT1G17000	0	0	0	0	0	0
AT1G18130	0	0	0	0	0	0
AT1G18220	0	0	0	0	0	0
AT1G18530	0	0	1	0	0	0
AT1G19040	0	0	0	0	1	0
AT1G05543	0	0	0	0	0	0
AT1G20740	0	0	1	0	0	0
AT1G05663	0	0	0	0	0	1
AT1G21960	2	0	0	0	0	0
AT1G22420	0	0	0	0	0	0
AT1G23147	0	0	0	0	0	0
AT1G23250	0	0	0	0	0	0
AT1G23680	0	0	0	0	0	2
AT1G24148	0	0	0	0	0	0
AT1G24388	0	0	0	0	0	0
AT1G05967	0	0	0	0	0	0
AT1G26240	0	0	0	0	0	0
AT1G26815	0	0	0	0	0	0
AT1G06043	0	0	0	0	1	0
AT1G06147	0	0	0	0	0	0
AT1G28630	0	0	0	0	0	0
AT1G28700	0	0	0	0	0	0
AT1G29000	0	0	0	0	0	0
AT1G29450	0	0	0	0	0	0
AT1G29870	0	0	0	0	0	0
AT1G30370	0	0	0	0	0	0
AT1G06343	0	0	0	0	0	0
AT1G06383	0	0	0	0	0	0
AT1G31140	0	0	0	0	0	0
AT1G31270	0	0	0	0	0	0
AT1G32010	0	0	0	2	0	0
AT1G32300	0	0	0	0	0	0
AT1G32361	0	0	0	0	0	0
AT1G32720	1	0	0	0	0	0
AT1G06627	0	0	0	0	2	0
AT1G33840	0	0	0	0	0	0
AT1G33950	0	0	0	0	0	0
AT1G34047	0	0	1	0	0	0
AT1G34310	0	0	0	0	0	0
AT1G35330	0	0	0	0	0	0
AT1G35540	0	0	0	0	0	0
AT1G06953	0	0	0	0	0	0
AT1G36078	0	0	0	0	0	0
AT1G42680	0	0	0	0	0	0
AT1G43310	0	0	0	0	0	0
AT1G44085	0	0	0	0	0	0
AT1G44941	0	0	0	0	0	0
AT1G45243	0	0	0	0	0	0
AT1G46840	0	0	0	0	0	0
AT1G47495	0	0	0	1	0	0
AT1G47657	0	0	0	0	0	0
AT1G47780	0	0	0	0	0	1
AT1G48720	0	0	0	0	0	0
AT1G49120	0	0	0	0	0	0
AT1G49205	0	0	0	0	0	0
AT1G49460	0	0	0	2	0	0
AT1G49770	0	0	0	0	0	0
AT1G50090	0	0	0	0	0	0
AT1G50470	0	0	0	0	0	0
AT1G51030	0	0	0	0	0	0
AT1G51402	0	0	0	0	0	0
AT1G51440	0	0	1	0	0	0
AT1G51915	0	0	0	0	0	0
AT1G52830	0	0	0	0	0	0
AT1G52857	0	0	0	0	0	0
AT1G52970	0	0	0	1	0	0
AT1G54760	0	0	0	0	0	0
AT1G55030	0	0	0	0	0	0
AT1G57550	0	0	0	0	0	0
AT1G59550	2	0	0	0	0	0
AT1G60380	0	0	0	0	0	1
AT1G60983	0	0	0	0	0	0
AT1G08417	0	0	0	0	1	0
AT1G61630	0	0	0	0	0	0
AT1G62170	0	0	0	0	0	0
AT1G08543	0	0	0	0	0	0
AT1G64070	0	0	0	0	0	0
AT1G64195	0	0	0	0	0	0
AT1G65790	0	0	0	0	0	0
AT1G66030	0	0	0	0	0	0
AT1G66235	0	0	0	0	0	0
AT1G66570	0	0	0	0	0	0
AT1G67148	0	0	0	0	0	0
AT1G08913	1	0	0	1	0	0
AT1G67290	0	0	0	0	0	0
AT1G67775	0	0	0	0	0	0
AT1G67990	0	0	0	0	0	0
AT1G08967	0	0	0	0	0	0
AT1G68380	0	0	0	0	0	0
AT1G68970	1	0	1	0	0	0
AT1G09033	0	0	0	0	0	0
AT1G09127	0	0	0	0	0	0
AT1G70040	0	0	0	0	0	1
AT1G70120	0	0	0	0	1	0
AT1G09153	0	0	0	0	0	0
AT1G72260	0	0	0	0	0	0
AT1G72780	0	0	0	0	0	0
AT1G73290	0	0	0	0	0	0
AT1G73325	0	0	0	0	0	0
AT1G74480	0	0	0	0	0	0
AT1G75070	0	0	0	0	0	0
AT1G75891	0	0	0	0	0	0
AT1G09743	0	0	0	0	0	0
AT1G77815	0	0	0	0	0	0
AT1G77932	0	0	0	0	0	0
AT1G09803	0	0	0	0	1	0
AT1G78635	0	0	0	0	0	0
AT1G09887	0	0	0	0	0	0
AT1G09967	0	1	0	1	0	0
AT5G01225	2	0	0	0	0	0
AT5G00775	0	0	0	0	0	0
AT5G02025	0	2	0	0	0	0
AT5G02385	0	0	0	1	0	0
AT5G02700	0	0	0	0	0	0
AT5G03130	0	0	0	0	0	0
AT5G03590	0	0	0	0	1	0
AT5G04730	0	0	1	0	0	0
AT5G06070	0	0	1	0	0	0
AT5G06170	0	0	0	0	0	0
AT5G06865	0	0	0	0	0	0
AT5G07410	0	0	0	0	0	0
AT5G07530	0	0	0	0	0	0
AT5G07600	0	0	0	0	0	0
AT5G09280	0	0	0	0	0	0
AT5G09550	0	0	0	0	0	0
AT5G10180	0	0	0	0	0	0
AT5G01685	0	0	0	0	0	0
AT5G10500	0	0	0	0	0	0
AT5G10695	0	2	0	0	0	0
AT5G11080	0	0	0	0	0	0
AT5G01875	0	0	0	0	1	1
AT5G11830	0	0	0	0	0	0
AT5G12000	0	0	0	0	0	0
AT5G12060	0	0	0	2	0	0
AT5G13380	0	0	2	0	0	0
AT5G02175	0	0	0	0	0	0
AT5G14300	0	0	0	0	0	0
AT5G15030	0	0	0	0	0	0
AT5G02405	0	0	0	0	0	0
AT5G15420	0	0	1	0	0	0
AT5G16375	0	0	0	0	0	0
AT5G17590	0	0	0	0	0	0
AT5G02825	0	0	0	0	2	0
AT5G18403	0	0	0	1	0	0
AT5G18560	0	0	0	0	0	0
AT5G19640	1	0	1	0	0	0
AT5G19720	0	0	0	0	0	0
AT5G03275	0	0	0	0	0	0
AT5G22180	0	0	1	0	0	0
AT5G22505	0	0	0	0	0	0
AT5G22560	0	0	0	0	0	0
AT5G22570	0	0	0	0	0	0
AT5G22960	0	0	0	0	0	0
AT5G03605	0	0	0	0	0	0
AT5G24050	0	0	0	0	0	0
AT5G24560	0	0	0	0	0	0
AT5G25600	0	0	0	0	0	0
AT5G26620	0	0	0	0	0	0
AT5G04345	0	0	0	0	0	0
AT5G27440	0	0	0	0	0	0
AT5G28090	0	0	0	0	0	0
AT5G28235	0	0	0	0	0	0
AT5G28410	0	0	0	0	0	0
AT5G28960	0	0	0	0	0	0
AT5G33370	0	0	0	0	0	0
AT5G33898	0	0	0	0	0	0
AT5G05255	0	0	0	0	0	0
AT5G35950	0	2	0	0	0	0
AT5G36700	0	0	0	0	0	0
AT5G36710	0	0	0	0	0	0
AT5G37030	0	0	0	0	0	0
AT5G05385	0	1	0	0	0	0
AT5G37900	0	0	0	0	0	0
AT5G37990	0	0	0	0	0	0
AT5G39180	0	0	0	0	1	0
AT5G39690	0	0	0	0	0	0
AT5G39860	1	0	0	0	0	0
AT5G40384	0	0	0	0	0	0
AT5G41310	0	1	0	0	0	0
AT5G41390	0	0	0	0	0	0
AT5G41450	0	0	0	0	0	0
AT5G41490	0	0	0	0	0	0
AT5G41540	0	0	0	0	0	0
AT5G06255	0	0	0	0	0	0
AT5G42430	0	0	0	0	0	0
AT5G43120	0	0	0	0	0	0
AT5G06535	0	0	0	0	0	0
AT5G43935	0	0	0	0	0	0
AT5G44550	0	0	0	0	0	0
AT5G44760	0	0	0	0	0	0
AT5G46490	0	0	0	0	0	0
AT5G46660	0	0	0	0	0	0
AT5G46795	0	0	0	0	0	0
AT5G06885	0	0	0	0	0	0
AT5G47000	0	0	0	0	0	0
AT5G06965	0	0	0	0	0	0
AT5G47280	0	0	0	0	0	0
AT5G48750	0	0	0	0	0	1
AT5G50190	1	0	0	0	0	0
AT5G50345	0	0	0	0	0	0
AT5G50423	0	0	0	0	0	0
AT5G50470	0	0	0	0	0	0
AT5G51055	1	0	0	0	0	0
AT5G51580	0	0	0	0	0	0
AT5G07865	0	1	0	0	0	0
AT5G52670	0	0	0	0	0	0
AT5G53390	0	0	0	0	0	0
AT5G08085	0	0	0	0	0	0
AT5G54010	0	0	0	0	0	0
AT5G54460	0	0	0	1	1	0
AT5G08215	0	0	0	0	0	0
AT5G54610	0	0	0	0	0	0
AT5G54700	0	0	0	0	0	0
AT5G55505	0	0	0	0	0	2
AT5G55835	0	0	0	0	0	0
AT5G56690	0	0	0	0	0	0
AT5G56800	0	0	0	0	0	0
AT5G58390	0	0	0	0	0	0
AT5G58820	0	1	0	0	0	0
AT5G59040	0	0	0	0	0	0
AT5G60110	0	0	0	0	0	0
AT5G60140	0	0	0	0	0	0
AT5G60900	0	0	0	0	0	0
AT5G61997	0	0	0	2	0	0
AT5G09060	0	0	0	0	0	0
AT5G62750	0	0	0	0	0	0
AT5G09305	0	0	0	0	0	0
AT5G65305	0	0	0	0	0	0
AT5G09455	0	0	0	0	0	0
AT5G66970	0	0	0	0	0	0
AT5G09945	0	0	0	0	0	0
AT3G01030	0	0	0	2	0	0
AT3G03910	0	0	0	0	0	0
AT3G04190	0	0	0	0	0	1
AT3G04765	0	0	0	0	0	0
AT3G05610	0	0	0	0	0	1
AT3G01975	0	0	0	0	0	0
AT3G09130	0	0	0	0	0	0
AT3G02305	0	0	0	0	0	0
AT3G10455	0	0	0	0	0	0
AT3G11060	0	0	0	0	0	0
AT3G11285	0	0	1	0	0	0
AT3G11380	0	0	0	0	0	0
AT3G11430	0	0	0	0	0	0
AT3G11480	0	0	0	0	0	0
AT3G11980	0	0	0	0	0	0
AT3G12440	0	0	0	0	0	0
AT3G12502	0	0	0	0	0	0
AT3G12890	0	1	0	0	0	0
AT3G02615	0	0	0	0	0	0
AT3G13228	0	0	0	0	0	0
AT3G13335	0	0	0	0	0	1
AT3G02685	0	0	0	0	0	0
AT3G13840	0	0	0	0	0	0
AT3G14040	0	0	0	0	0	2
AT3G02845	0	0	0	0	0	0
AT3G14385	0	0	0	0	0	0
AT3G02955	0	0	0	0	0	0
AT3G16690	0	0	0	0	0	0
AT3G17480	0	0	0	0	0	0
AT3G17655	0	0	0	1	0	1
AT3G03535	0	0	0	0	0	0
AT3G18217	0	0	0	0	0	0
AT3G03685	0	0	0	2	0	0
AT3G03765	0	1	0	0	0	0
AT3G19270	0	0	0	0	0	0
AT3G19690	0	0	0	0	1	0
AT3G21170	0	0	0	0	0	0
AT3G21450	0	0	0	0	0	1
AT3G21850	0	0	0	0	0	0
AT3G22360	0	0	0	0	0	0
AT3G23010	0	0	0	0	0	0
AT3G23120	0	0	1	0	0	0
AT3G04505	0	0	0	0	0	0
AT3G04555	0	0	0	0	0	0
AT3G04625	0	0	0	0	0	0
AT3G04705	0	0	0	0	0	0
AT3G04725	0	0	0	0	0	0
AT3G25505	0	0	0	0	0	0
AT3G25550	0	0	0	0	0	0
AT3G25830	0	0	0	0	0	0
AT3G25960	0	0	0	0	0	0
AT3G26140	0	0	0	0	0	0
AT3G26747	0	0	0	0	0	0
AT3G26813	0	0	0	0	0	0
AT3G05195	0	0	0	0	0	0
AT3G27835	0	0	0	0	0	0
AT3G27840	0	0	0	0	0	0
AT3G28680	0	0	0	0	0	0
AT3G28830	0	0	0	0	0	0
AT3G28980	0	0	0	0	0	0
AT3G28990	0	0	0	0	0	0
AT3G29020	0	0	0	0	0	0
AT3G29635	0	0	0	0	0	0
AT3G29637	0	0	0	0	0	0
AT3G06015	0	1	0	0	0	0
AT3G30260	0	0	0	0	0	0
AT3G32050	0	0	0	0	0	0
AT3G42770	0	0	0	0	0	0
AT3G43180	0	0	0	0	0	0
AT3G44070	0	0	0	0	0	0
AT3G06765	0	0	0	1	0	0
AT3G44763	0	0	0	0	0	0
AT3G44810	0	0	0	0	0	0
AT3G45080	0	0	0	0	0	0
AT3G45670	0	0	0	0	0	0
AT3G45680	0	0	0	0	0	0
AT3G45955	2	0	0	0	0	0
AT3G07325	0	0	0	0	0	0
AT3G46260	0	0	0	0	0	0
AT3G46270	0	0	0	0	0	0
AT3G46850	0	0	0	0	0	0
AT3G47150	0	0	0	0	0	0
AT3G07935	0	0	0	0	0	0
AT3G07985	0	0	0	0	0	0
AT3G49020	0	1	0	0	0	0
AT3G49450	0	0	0	0	2	0
AT3G49620	0	0	0	0	0	0
AT3G51238	0	0	0	0	0	0
AT3G51360	0	0	0	0	0	0
AT3G08200	0	0	1	0	0	1
AT3G52000	0	0	0	0	0	0
AT3G52550	0	0	0	0	0	0
AT3G53330	0	0	0	0	0	0
AT3G53640	0	0	0	0	0	0
AT3G08585	0	0	0	0	0	0
AT3G56180	0	0	0	0	0	0
AT3G56540	0	0	0	0	0	0
AT3G08775	0	0	1	0	0	0
AT3G57240	0	0	0	0	0	0
AT3G58290	0	0	0	0	0	0
AT3G59620	0	0	0	0	1	0
AT3G59960	0	0	1	0	0	0
AT3G60090	0	0	0	0	0	0
AT3G09445	0	0	0	0	0	0
AT3G60700	0	0	0	0	0	0
AT3G60710	0	0	0	0	0	0
AT3G61500	0	0	0	0	0	0
AT3G09695	0	0	0	0	0	1
AT3G09845	0	0	0	0	0	0
AT3G62710	0	0	0	0	0	0
AT2G01035	0	0	0	0	0	0
AT2G01240	0	0	0	0	0	0
AT2G01780	0	0	0	0	0	0
AT2G01810	0	0	0	0	0	0
AT2G04485	0	0	0	0	0	0
AT2G04020	0	0	0	0	0	0
AT2G04038	1	0	0	0	0	1
AT2G05360	0	0	0	0	0	0
AT2G04945	0	0	0	0	1	0
AT2G05850	0	0	0	0	0	0
AT2G06904	0	1	0	1	0	0
AT2G06983	0	0	2	0	0	0
AT2G07560	0	0	0	0	0	0
AT2G07672	0	0	0	0	0	0
AT2G07748	0	0	0	0	0	0
AT2G07626	0	0	0	1	0	0
AT2G07707	0	0	0	0	0	0
AT2G05315	0	0	0	0	0	0
AT2G05465	0	0	0	0	1	0
AT2G10965	0	0	0	0	0	0
AT2G12405	0	0	0	0	0	0
AT2G05965	0	0	0	0	0	0
AT2G14378	0	0	0	0	0	0
AT2G15610	0	2	0	0	0	0
AT2G15710	0	0	0	0	0	0
AT2G06535	0	0	0	0	0	0
AT2G16220	0	0	0	0	0	0
AT2G16385	0	0	0	0	0	0
AT2G06685	0	0	0	0	0	0
AT2G16810	0	0	0	0	0	0
AT2G06905	0	0	0	0	0	0
AT2G17690	0	0	0	0	0	0
AT2G07055	2	0	0	0	0	0
AT2G18480	0	0	0	0	0	0
AT2G07085	0	0	0	2	0	0
AT2G18870	0	0	0	0	0	0
AT2G19146	0	0	0	0	0	0
AT2G20430	0	0	0	0	0	0
AT2G21030	0	0	0	0	0	0
AT2G07375	0	0	0	0	0	0
AT2G21400	0	0	0	0	0	0
AT2G07475	0	0	0	0	0	1
AT2G22055	0	0	0	0	0	0
AT2G07555	0	0	0	0	0	0
AT2G22942	0	0	0	0	0	0
AT2G23260	0	0	0	0	0	0
AT2G23834	0	0	0	0	0	0
AT2G23990	0	0	0	0	0	0
AT2G08035	0	0	0	0	0	0
AT2G08095	0	0	0	1	0	0
AT2G25500	0	0	0	0	0	0
AT2G26160	0	0	0	0	0	0
AT2G26380	0	0	0	0	0	0
AT2G08160	0	0	0	0	0	0
AT2G08190	0	0	0	0	0	0
AT2G27410	0	0	0	0	0	0
AT2G28220	0	0	0	0	0	0
AT2G08275	0	0	0	0	0	0
AT2G28755	0	0	0	0	0	0
AT2G28970	0	0	0	0	0	0
AT2G08360	0	0	0	0	0	0
AT2G30300	0	0	0	0	0	0
AT2G08395	0	0	0	0	0	0
AT2G31470	0	0	0	0	0	0
AT2G31850	0	0	0	0	0	0
AT2G31930	0	0	0	0	0	0
AT2G31981	0	0	0	0	0	0
AT2G32350	0	0	0	0	0	0
AT2G32470	0	0	0	0	0	0
AT2G33160	0	0	0	0	0	1
AT2G33300	0	0	0	0	2	0
AT2G33940	0	0	0	0	0	0
AT2G33970	0	0	0	0	0	0
AT2G34123	0	0	0	0	0	0
AT2G34290	0	0	0	0	0	0
AT2G34350	0	0	0	1	0	0
AT2G35070	0	0	0	0	0	0
AT2G35250	0	0	0	2	0	0
AT2G35990	0	0	0	0	0	0
AT2G08790	0	0	0	0	0	0
AT2G36710	0	0	0	0	0	0
AT2G08820	0	0	0	0	0	0
AT2G37730	0	0	0	0	0	0
AT2G38590	0	0	0	0	0	0
AT2G08975	0	0	0	2	0	0
AT2G08980	0	0	0	0	0	0
AT2G38910	0	0	0	1	0	0
AT2G08995	0	0	0	0	0	0
AT2G39370	0	0	0	0	0	0
AT2G09110	0	0	0	0	0	0
AT2G09210	0	0	0	0	0	0
AT2G09235	0	0	0	0	0	0
AT2G09255	0	0	0	0	0	0
AT2G43390	0	0	0	0	0	0
AT2G44220	0	0	0	0	0	0
AT2G44330	0	0	0	0	0	0
AT2G44745	0	0	0	0	0	0
AT2G44890	0	0	0	0	0	0
AT2G45315	0	0	0	0	0	0
AT2G45650	0	0	0	0	0	0
AT2G46190	0	0	0	2	0	0
AT2G09765	0	0	2	0	0	0
AT4G00190	1	0	0	0	0	0
AT4G00234	0	0	0	0	1	0
AT4G00610	0	0	0	0	0	0
AT4G01335	0	0	0	0	0	0
AT4G02040	0	0	0	0	0	0
AT4G04115	0	0	0	0	0	0
AT4G04325	0	1	0	0	0	0
AT4G03153	0	0	0	0	0	0
AT4G03290	0	0	0	0	0	0
AT4G04415	0	0	0	0	0	0
AT4G04500	0	0	0	0	0	0
AT4G04690	0	0	0	0	0	0
AT4G04730	0	0	0	0	0	1
AT4G04965	0	0	0	0	0	0
AT4G05095	0	0	0	0	0	0
AT4G05097	0	0	0	0	0	0
AT4G05200	0	0	0	0	0	0
AT4G05125	0	0	0	0	0	0
AT4G05490	0	0	0	0	0	1
AT4G08140	0	2	0	0	0	0
AT4G05445	0	0	0	0	0	0
AT4G05545	0	0	0	0	0	0
AT4G05565	0	0	0	0	0	0
AT4G09530	0	0	0	0	0	0
AT4G05730	0	0	0	0	0	0
AT4G10670	0	0	0	0	0	0
AT4G10680	0	0	0	0	0	0
AT4G10780	0	0	0	0	0	0
AT4G11000	0	0	1	0	0	0
AT4G11355	0	0	0	0	0	0
AT4G11480	0	0	0	0	0	0
AT4G05895	0	0	0	0	0	0
AT4G11730	0	0	0	1	0	0
AT4G12350	0	0	0	0	0	0
AT4G12810	0	0	0	0	0	0
AT4G06000	0	0	0	0	0	0
AT4G13440	0	0	0	0	0	0
AT4G13450	0	0	0	0	0	0
AT4G13985	0	0	0	0	1	0
AT4G14105	0	0	0	0	0	0
AT4G14670	0	0	0	0	0	0
AT4G14815	0	0	0	0	0	0
AT4G15330	0	0	0	0	0	0
AT4G15340	0	0	0	0	0	0
AT4G15650	0	0	0	0	0	0
AT4G15990	0	0	0	0	0	0
AT4G06365	0	0	0	0	0	0
AT4G16095	0	0	0	0	0	0
AT4G06400	0	0	0	1	0	0
AT4G16980	0	0	0	0	0	0
AT4G17690	0	0	0	0	0	0
AT4G06760	0	0	0	1	0	0
AT4G18080	0	0	0	0	0	0
AT4G18090	0	0	2	0	0	0
AT4G18255	0	0	0	0	1	0
AT4G18395	0	0	0	0	0	0
AT4G06800	0	0	2	0	0	0
AT4G06860	0	0	0	0	1	1
AT4G19038	0	0	0	0	0	0
AT4G19360	0	1	0	0	0	1
AT4G06905	0	0	0	0	0	0
AT4G19690	0	0	0	0	0	0
AT4G19720	0	0	0	0	0	0
AT4G19905	0	0	0	0	0	0
AT4G06960	0	0	0	1	0	0
AT4G20680	0	2	0	0	0	0
AT4G20703	2	0	0	0	0	0
AT4G21250	0	0	0	0	0	0
AT4G22210	0	0	0	0	0	0
AT4G22630	0	0	0	0	0	0
AT4G23110	0	0	0	0	0	0
AT4G23370	0	0	0	0	0	0
AT4G23915	0	0	0	0	0	1
AT4G24350	0	0	0	0	0	0
AT4G24565	0	0	0	0	0	0
AT4G07465	0	0	0	0	0	0
AT4G26250	0	0	0	0	1	0
AT4G26582	0	0	0	0	0	0
AT4G07805	0	0	0	0	0	0
AT4G07815	0	0	0	0	0	0
AT4G29250	0	0	0	0	0	0
AT4G29548	0	0	0	0	0	0
AT4G08475	0	0	0	0	0	0
AT4G31895	0	0	0	0	0	0
AT4G08585	0	0	0	0	0	0
AT4G32475	0	1	0	0	0	1
AT4G32714	0	0	0	0	0	0
AT4G33320	0	0	0	0	0	0
AT4G09065	0	0	0	0	0	0
AT4G35810	0	0	0	0	1	0
AT4G09265	0	0	0	0	0	0
AT4G09335	0	0	0	0	0	0
AT4G36570	0	0	0	0	0	0
AT4G09515	0	1	0	0	0	0
AT4G09865	0	0	0	0	0	0
ATMG00780	0	0	0	0	0	0
ATMG00880	0	0	0	0	0	1
ATMG00920	0	0	0	2	0	0
ATMG01010	0	0	0	0	0	0
ATMG01060	0	0	0	0	1	0
ATMG01150	0	0	0	0	0	0
ATMG01290	0	0	0	0	0	0
ATCG00860	0	0	0	0	0	0
ATCG00890	0	0	0	0	0	0
ATCG00940	0	0	0	0	0	0
ATCG00970	0	0	0	0	0	0
ATCG01160	0	0	0	0	0	0
ATCG01280	0	0	0	0	1	0
AT1G01270	0	0	0	0	0	0
AT1G01280	0	0	0	0	0	0
AT1G02480	0	0	1	0	0	0
AT1G02590	0	0	0	0	0	0
AT1G02760	0	0	0	0	0	0
AT1G03515	0	0	0	0	0	0
AT1G03570	0	0	0	0	0	0
AT1G04105	0	0	0	0	0	0
AT1G04500	0	0	0	0	0	0
AT1G04720	0	0	0	0	0	0
AT1G04890	0	0	0	0	0	0
AT1G04293	1	0	0	0	0	0
AT1G05085	0	0	0	0	0	0
AT1G04337	0	0	0	0	0	0
AT1G04397	0	1	0	0	0	0
AT1G04443	1	0	0	0	0	0
AT1G06120	0	0	0	0	0	0
AT1G06137	0	0	0	0	0	0
AT1G06925	0	0	0	0	0	0
AT1G04573	0	0	0	0	0	0
AT1G07580	0	0	0	0	1	0
AT1G04603	0	0	0	0	0	0
AT1G04607	0	0	0	0	0	0
AT1G04623	0	0	0	0	0	0
AT1G08140	0	0	0	0	0	0
AT1G08695	0	0	0	0	0	0
AT1G08870	0	0	0	0	0	0
AT1G09157	0	0	0	0	0	0
AT1G04753	0	0	0	1	0	0
AT1G10250	0	0	0	0	0	0
AT1G10585	0	0	0	0	0	0
AT1G11040	0	0	0	0	0	0
AT1G11362	0	0	0	0	0	0
AT1G11591	0	1	0	0	0	0
AT1G11640	0	0	0	0	0	0
AT1G12010	0	0	0	0	0	0
AT1G12180	0	0	0	0	0	0
AT1G12615	0	0	0	0	0	0
AT1G04993	0	0	0	0	0	0
AT1G05007	0	0	0	0	0	0
AT1G05013	0	0	0	0	0	0
AT1G13470	0	0	0	0	0	0
AT1G13760	0	0	0	0	0	0
AT1G14160	0	0	0	0	0	0
AT1G05117	0	0	0	0	0	0
AT1G05123	0	0	0	0	0	0
AT1G15000	0	0	0	0	0	0
AT1G15600	0	0	0	0	0	0
AT1G05217	0	0	0	0	0	1
AT1G05223	0	0	0	0	0	0
AT1G16410	0	0	0	1	0	0
AT1G16760	1	0	0	0	0	0
AT1G16940	0	0	0	0	0	0
AT1G17150	0	0	0	0	0	0
AT1G17910	0	0	0	0	0	0
AT1G05387	0	0	0	0	0	0
AT1G18790	0	0	0	0	0	0
AT1G05443	0	0	0	0	1	0
AT1G18970	0	0	0	0	0	0
AT1G05477	0	0	0	0	0	0
AT1G19320	1	0	0	0	0	0
AT1G19390	0	0	0	0	0	0
AT1G19470	0	0	0	0	0	0
AT1G19968	0	0	0	0	0	0
AT1G05527	0	0	0	0	0	0
AT1G20170	0	0	0	0	0	0
AT1G20360	0	0	0	0	0	0
AT1G20691	0	0	0	0	0	0
AT1G21950	0	0	0	0	0	0
AT1G05713	0	0	0	0	0	0
AT1G05793	0	0	0	0	0	0
AT1G23590	0	0	0	1	0	0
AT1G05843	0	0	0	0	0	0
AT1G24000	0	0	0	0	0	0
AT1G24420	0	0	0	0	0	0
AT1G05947	0	0	0	0	0	0
AT1G25300	0	0	0	0	0	0
AT1G26480	0	0	0	0	0	0
AT1G27240	0	0	0	0	0	0
AT1G27940	0	0	0	0	1	0
AT1G06203	0	0	0	0	0	0
AT1G29265	0	0	0	0	0	0
AT1G29440	0	0	0	0	0	0
AT1G29570	0	0	0	0	0	0
AT1G06293	0	0	0	0	0	0
AT1G29720	0	0	0	0	0	0
AT1G06323	0	0	0	0	0	0
AT1G30750	0	0	0	0	0	0
AT1G30814	0	0	0	0	0	0
AT1G31250	0	0	0	0	0	0
AT1G06447	0	0	0	0	0	0
AT1G31620	0	0	0	0	0	0
AT1G32180	0	0	0	0	0	0
AT1G06533	0	1	0	0	0	0
AT1G06543	0	0	0	0	0	0
AT1G06603	0	0	0	0	0	0
AT1G32970	0	0	0	0	0	0
AT1G32980	0	0	0	0	0	0
AT1G33070	0	0	0	0	0	0
AT1G06673	0	1	0	0	0	0
AT1G06697	0	0	0	0	0	0
AT1G33760	0	0	0	0	0	0
AT1G06723	0	0	0	0	0	0
AT1G34070	0	0	0	0	0	0
AT1G34140	0	0	0	0	0	0
AT1G34490	0	0	0	0	0	0
AT1G34650	0	0	0	0	0	0
AT1G06827	0	0	0	0	0	0
AT1G06857	0	1	0	0	0	0
AT1G36340	0	0	0	1	0	0
AT1G36925	0	0	0	0	0	0
AT1G42560	0	0	0	0	1	0
AT1G44080	0	0	0	0	0	0
AT1G44090	0	0	0	0	0	0
AT1G44125	0	0	0	0	0	1
AT1G44895	0	0	0	0	0	0
AT1G07283	0	0	0	0	0	0
AT1G45190	0	0	0	0	0	0
AT1G47389	0	0	1	0	0	0
AT1G47485	0	0	0	0	0	0
AT1G07383	0	0	0	0	0	0
AT1G07453	0	0	0	0	0	0
AT1G48285	0	0	0	1	0	0
AT1G48800	0	0	0	0	0	0
AT1G49100	0	0	0	0	0	0
AT1G07617	0	0	0	0	0	0
AT1G50325	0	0	0	0	0	0
AT1G07633	0	0	0	0	1	0
AT1G50530	0	0	0	0	0	0
AT1G50610	0	0	0	0	0	0
AT1G07657	0	0	0	0	0	0
AT1G51035	0	0	0	0	0	0
AT1G51210	0	0	0	0	0	0
AT1G51270	0	0	0	0	0	0
AT1G07763	0	0	0	0	0	0
AT1G51910	0	0	0	0	0	0
AT1G52030	0	0	0	0	0	0
AT1G52180	0	0	0	0	0	0
AT1G52495	0	0	1	0	0	0
AT1G07837	0	0	0	0	0	0
AT1G52860	0	0	0	0	0	0
AT1G53220	0	0	0	0	0	0
AT1G53610	0	0	0	0	0	0
AT1G53815	0	0	0	0	0	0
AT1G53930	0	0	0	0	0	0
AT1G54095	0	0	0	0	0	0
AT1G54420	0	0	0	0	0	0
AT1G54670	0	0	0	0	0	0
AT1G55060	0	0	0	0	0	0
AT1G55190	0	0	0	0	0	0
AT1G08057	0	0	0	0	0	0
AT1G55560	0	0	0	0	0	0
AT1G55710	0	0	0	0	0	0
AT1G57830	0	0	0	0	0	0
AT1G58055	0	0	0	1	0	0
AT1G58120	0	0	0	0	0	0
AT1G58936	0	0	0	0	0	0
AT1G59171	0	0	0	0	0	0
AT1G59885	0	0	0	0	0	0
AT1G60095	0	1	0	0	0	0
AT1G60400	0	0	0	0	0	0
AT1G60840	0	0	1	0	0	0
AT1G61050	0	0	0	0	0	0
AT1G61097	0	0	0	0	0	0
AT1G08383	0	0	0	0	0	0
AT1G61330	0	0	0	0	0	0
AT1G61566	0	0	0	0	0	0
AT1G08433	0	0	0	0	1	0
AT1G08553	0	0	0	0	0	0
AT1G63030	0	0	0	0	0	0
AT1G63320	0	0	0	0	0	1
AT1G63550	0	0	0	0	0	0
AT1G08627	0	0	0	0	0	0
AT1G08637	0	0	0	0	0	0
AT1G08697	0	0	0	0	0	0
AT1G64590	0	0	0	0	0	0
AT1G65165	0	0	0	0	0	0
AT1G65300	0	0	0	0	0	0
AT1G65350	0	0	0	0	0	0
AT1G65860	0	0	0	0	0	0
AT1G66110	0	0	0	0	0	0
AT1G66300	0	0	0	0	0	0
AT1G66640	0	0	0	0	0	0
AT1G66850	0	0	0	0	0	0
AT1G67025	0	0	0	0	0	0
AT1G67328	0	0	0	0	0	0
AT1G67670	0	0	0	0	1	0
AT1G09007	0	0	0	0	0	0
AT1G68877	0	0	0	0	0	0
AT1G69000	0	0	0	0	1	0
AT1G69150	0	0	0	0	0	0
AT1G09047	0	0	0	0	0	0
AT1G09057	0	0	0	0	0	0
AT1G09107	0	0	0	0	0	0
AT1G69828	0	0	0	0	0	1
AT1G09133	0	0	0	0	0	0
AT1G09353	0	0	0	0	0	0
AT1G09377	0	0	0	0	0	0
AT1G09457	0	0	0	0	0	0
AT1G09477	0	0	0	0	0	0
AT1G09547	0	0	0	0	0	0
AT1G75880	0	0	0	0	0	0
AT1G09603	0	0	0	0	0	1
AT1G76000	0	0	0	0	0	0
AT1G76370	0	0	0	0	0	0
AT1G09667	0	0	0	0	0	0
AT1G09703	0	0	0	0	0	0
AT1G77150	0	0	0	0	0	0
AT1G77160	0	0	0	0	0	0
AT1G78710	0	0	0	0	0	0
AT1G80140	0	0	0	0	0	0
AT1G80430	0	0	0	0	0	1
AT1G09977	0	0	0	0	0	0
AT5G00730	0	0	0	0	0	0
AT5G02340	0	0	0	0	0	0
AT5G02725	0	0	0	0	0	0
AT5G02920	0	0	0	0	0	0
AT5G03000	0	0	0	0	0	0
AT5G03360	0	0	0	0	0	0
AT5G03480	0	0	0	0	0	0
AT5G04275	0	0	0	0	0	0
AT5G05150	0	0	0	0	0	0
AT5G05598	1	0	0	0	0	0
AT5G05635	0	0	0	0	0	0
AT5G06490	0	0	0	0	0	0
AT5G06650	0	0	0	0	0	0
AT5G07152	0	0	0	0	0	0
AT5G07315	0	0	0	0	0	0
AT5G01405	0	0	0	1	0	0
AT5G07540	0	0	0	0	0	0
AT5G07572	0	0	0	0	0	0
AT5G08141	0	0	0	0	0	1
AT5G08505	0	0	0	0	0	0
AT5G08695	0	0	0	0	0	0
AT5G08717	0	0	0	0	0	1
AT5G01585	0	0	0	0	0	0
AT5G10600	0	1	0	0	0	0
AT5G01805	0	0	0	1	0	0
AT5G01885	0	0	0	0	0	0
AT5G11940	0	0	0	0	0	0
AT5G12043	0	0	0	0	0	0
AT5G12910	0	0	0	0	0	0
AT5G01965	0	0	0	0	0	0
AT5G14290	0	0	0	0	0	0
AT5G14560	0	0	0	0	0	0
AT5G15008	0	0	0	0	0	0
AT5G15500	0	0	0	0	0	0
AT5G16100	0	0	0	0	0	0
AT5G16430	0	0	0	0	0	0
AT5G16700	0	0	0	0	0	0
AT5G16770	0	0	0	0	0	0
AT5G02685	0	0	0	0	0	0
AT5G02795	0	0	0	0	0	0
AT5G02865	0	0	0	0	0	0
AT5G18150	0	0	0	0	1	0
AT5G18330	0	0	0	0	0	0
AT5G18748	0	0	0	0	0	1
AT5G02955	0	0	0	0	0	0
AT5G02985	0	0	0	0	0	0
AT5G03005	0	0	0	0	1	0
AT5G19095	0	0	0	0	0	0
AT5G19270	0	0	0	0	0	0
AT5G19473	0	0	0	0	0	0
AT5G20310	0	0	0	0	0	0
AT5G03215	0	0	0	0	0	0
AT5G03295	0	0	0	0	0	0
AT5G22260	0	0	0	0	0	0
AT5G22380	0	0	0	0	0	0
AT5G03405	0	0	0	0	0	0
AT5G22910	0	0	0	0	0	0
AT5G23180	0	0	0	0	0	0
AT5G23212	0	0	0	0	0	0
AT5G03595	0	0	0	0	0	0
AT5G23411	0	0	0	0	0	0
AT5G24215	0	0	0	0	0	0
AT5G24220	0	0	0	0	0	0
AT5G24480	0	0	0	0	0	0
AT5G03765	0	0	0	0	0	0
AT5G03815	0	0	0	0	0	0
AT5G03925	0	0	0	1	0	0
AT5G04115	0	0	0	0	0	0
AT5G04125	0	0	0	0	0	0
AT5G04165	0	0	0	0	0	0
AT5G26120	0	0	0	0	1	0
AT5G26140	0	0	0	0	0	0
AT5G26310	0	0	0	0	0	0
AT5G26320	0	0	0	0	0	0
AT5G26890	0	0	0	0	0	0
AT5G04325	0	0	0	0	0	0
AT5G27020	0	0	1	0	0	0
AT5G27370	1	0	0	0	0	0
AT5G27870	0	0	0	0	0	0
AT5G27880	0	0	0	0	0	0
AT5G04605	0	0	0	0	0	0
AT5G04755	0	0	0	0	0	0
AT5G28780	0	0	0	0	0	0
AT5G04855	0	0	0	0	0	0
AT5G28824	0	0	0	0	0	0
AT5G33406	0	0	0	0	0	0
AT5G33806	0	0	0	0	0	0
AT5G35069	0	0	0	0	0	0
AT5G35698	0	0	0	0	0	0
AT5G36080	0	0	0	0	0	0
AT5G36780	1	0	0	0	0	0
AT5G37150	0	0	0	0	0	0
AT5G37220	0	0	0	0	0	0
AT5G37795	0	0	0	0	0	0
AT5G05555	0	0	0	0	0	0
AT5G38190	0	0	0	0	1	0
AT5G05665	0	0	0	0	1	0
AT5G38260	0	0	0	0	0	0
AT5G38396	0	0	0	0	0	0
AT5G05815	0	0	0	1	0	0
AT5G38760	0	0	0	0	0	0
AT5G39150	0	0	0	0	0	0
AT5G39370	0	0	0	0	0	0
AT5G39460	0	0	0	0	0	0
AT5G39535	0	0	0	0	0	0
AT5G39560	0	0	0	0	0	0
AT5G40020	0	0	0	0	0	0
AT5G40070	0	0	0	0	1	0
AT5G40430	0	0	0	0	0	0
AT5G41090	0	0	0	0	0	1
AT5G42530	0	0	0	0	0	0
AT5G42567	0	0	0	0	0	0
AT5G43000	0	0	0	1	0	0
AT5G43068	0	0	0	0	0	0
AT5G43185	0	0	0	0	0	0
AT5G43340	0	0	0	0	0	0
AT5G43370	0	0	0	0	0	0
AT5G43525	0	1	0	0	0	0
AT5G43540	0	0	0	0	0	0
AT5G43755	0	0	0	0	0	0
AT5G06545	0	0	0	0	0	0
AT5G44330	0	0	0	0	0	1
AT5G45080	0	0	0	0	0	0
AT5G45573	0	0	0	0	0	0
AT5G46000	0	0	0	1	0	0
AT5G46130	0	0	0	0	1	0
AT5G47175	0	0	0	0	0	0
AT5G48420	0	0	0	0	0	0
AT5G48550	0	0	0	0	0	0
AT5G48700	0	0	0	0	0	0
AT5G49435	0	0	0	0	0	0
AT5G51250	0	0	0	0	0	0
AT5G51360	0	0	0	0	0	0
AT5G51680	0	0	0	0	1	0
AT5G07785	0	0	0	0	0	0
AT5G07885	0	0	0	0	0	0
AT5G52480	0	0	0	0	0	0
AT5G52620	0	0	0	0	0	0
AT5G53100	0	1	0	0	0	0
AT5G53486	0	0	0	0	0	0
AT5G53520	0	0	0	0	0	0
AT5G54075	0	0	0	0	0	0
AT5G54350	0	0	0	0	0	0
AT5G54410	0	0	0	0	1	0
AT5G54745	0	0	0	0	0	0
AT5G54790	0	0	0	0	0	0
AT5G54865	0	0	0	0	0	0
AT5G08395	0	0	0	0	0	0
AT5G08485	0	0	0	0	0	0
AT5G56325	0	1	0	0	0	0
AT5G56368	0	0	0	0	0	0
AT5G56410	0	0	0	0	0	0
AT5G08585	0	0	0	0	0	0
AT5G56770	0	0	0	0	0	0
AT5G56960	0	0	0	0	0	0
AT5G08725	0	0	0	0	0	0
AT5G08775	0	0	0	0	0	0
AT5G08845	0	0	0	0	0	0
AT5G58780	0	0	0	0	0	0
AT5G58880	0	0	0	0	0	0
AT5G59105	0	0	0	0	0	0
AT5G59280	0	0	0	0	0	0
AT5G60090	0	0	0	0	0	0
AT5G61160	0	0	0	0	0	0
AT5G61445	0	0	0	0	0	0
AT5G61690	0	0	0	0	0	0
AT5G61850	1	0	0	0	0	0
AT5G09035	0	0	0	1	0	0
AT5G62120	0	0	0	0	0	0
AT5G62160	0	0	0	0	0	0
AT5G09055	0	0	0	0	0	0
AT5G09085	0	0	0	0	0	0
AT5G63720	0	0	0	0	0	0
AT5G09215	0	1	0	0	0	0
AT5G64700	0	0	0	0	0	0
AT5G65005	0	0	0	0	0	1
AT5G09395	0	0	0	0	0	0
AT5G09555	0	0	0	0	0	0
AT5G66335	0	0	0	0	0	0
AT5G66340	0	0	0	0	0	0
AT5G09635	0	0	0	0	0	0
AT5G09695	0	0	0	0	0	0
AT5G66816	0	0	0	0	0	0
AT5G09875	0	0	0	0	0	0
AT3G01530	0	0	0	0	0	0
AT3G01045	0	0	0	0	0	0
AT3G01870	0	0	0	1	0	0
AT3G03400	0	0	0	0	0	0
AT3G03845	0	0	0	1	0	0
AT3G04100	0	0	0	1	0	0
AT3G04525	0	0	0	0	0	0
AT3G04545	0	0	0	0	0	0
AT3G04943	0	0	0	0	0	0
AT3G04990	0	0	0	0	0	0
AT3G01615	0	0	0	0	0	0
AT3G01665	0	0	0	0	0	0
AT3G01765	0	0	0	0	0	0
AT3G06665	0	0	0	0	0	0
AT3G07055	0	0	0	0	0	0
AT3G09340	0	0	0	0	0	0
AT3G02195	0	0	0	0	0	0
AT3G09585	0	0	0	0	1	0
AT3G09960	0	0	0	0	0	0
AT3G10195	0	0	0	0	0	0
AT3G10415	0	0	0	0	0	0
AT3G10580	0	0	0	0	0	0
AT3G10890	0	0	0	0	0	0
AT3G11310	0	0	0	0	0	0
AT3G11350	0	0	0	0	0	0
AT3G11415	0	0	0	0	0	0
AT3G02405	0	0	0	0	0	0
AT3G12420	0	0	0	0	0	0
AT3G12430	0	0	0	0	0	1
AT3G02635	0	1	0	0	0	0
AT3G02655	0	0	0	0	0	0
AT3G13370	0	0	0	0	0	0
AT3G13710	0	0	0	0	0	0
AT3G13890	0	0	0	0	0	0
AT3G02825	0	0	0	0	0	0
AT3G14260	0	0	0	0	0	0
AT3G15050	0	0	0	0	0	0
AT3G15585	0	1	0	0	0	0
AT3G03155	0	0	0	0	0	0
AT3G15830	0	0	0	0	0	0
AT3G15960	0	0	0	0	0	0
AT3G16130	0	0	0	0	0	0
AT3G03335	0	0	0	1	0	0
AT3G16580	0	0	0	0	0	0
AT3G16660	0	0	0	0	0	0
AT3G17227	0	0	0	0	0	0
AT3G17270	0	0	0	0	1	0
AT3G17370	0	0	0	0	0	0
AT3G17550	0	0	0	0	0	0
AT3G18450	0	0	0	0	0	0
AT3G18700	0	0	0	0	0	0
AT3G18810	0	0	0	0	0	0
AT3G18905	0	0	0	0	0	0
AT3G03795	0	0	0	0	0	0
AT3G19140	0	0	0	0	0	0
AT3G19550	0	0	0	0	0	0
AT3G19890	0	0	0	0	0	0
AT3G19940	0	0	0	0	0	0
AT3G20610	0	0	0	0	0	0
AT3G04005	0	0	0	1	0	0
AT3G21473	0	0	0	0	0	0
AT3G21475	0	1	0	0	0	0
AT3G21880	0	0	0	0	0	0
AT3G21970	0	0	0	0	0	0
AT3G22072	0	0	0	0	0	0
AT3G22580	0	0	0	0	0	0
AT3G23123	0	0	0	0	0	0
AT3G23270	0	0	0	0	0	0
AT3G23420	0	0	0	0	0	0
AT3G23637	0	0	0	0	0	0
AT3G24260	0	0	0	0	0	0
AT3G24310	0	0	0	0	1	0
AT3G04665	0	0	0	0	0	0
AT3G24510	0	0	0	0	0	0
AT3G24580	0	0	0	0	0	0
AT3G24620	1	0	0	0	0	0
AT3G24790	0	0	0	0	0	0
AT3G25080	0	0	0	0	0	0
AT3G25490	0	0	0	0	0	0
AT3G25650	0	0	0	0	0	0
AT3G25715	0	0	0	0	0	0
AT3G25717	0	0	0	0	1	0
AT3G25850	0	0	0	0	0	0
AT3G26190	0	0	0	0	0	0
AT3G26250	1	0	0	0	0	0
AT3G26270	0	0	0	0	0	0
AT3G26940	0	0	0	0	0	0
AT3G05185	0	1	0	0	0	0
AT3G27503	0	0	0	0	0	0
AT3G27810	0	0	0	0	0	0
AT3G27999	0	0	0	0	0	0
AT3G28120	0	0	0	0	0	0
AT3G28223	0	0	0	0	0	0
AT3G05495	0	0	0	0	0	0
AT3G28674	0	0	0	0	0	0
AT3G28780	0	0	0	0	0	0
AT3G28790	1	0	0	0	0	0
AT3G05705	0	0	0	0	0	1
AT3G29152	0	0	0	0	0	0
AT3G29430	0	0	0	0	0	0
AT3G05895	0	0	0	0	0	0
AT3G30165	0	0	0	0	0	1
AT3G30340	0	0	0	0	0	0
AT3G30370	0	0	0	0	0	0
AT3G31550	0	0	0	0	0	1
AT3G31950	0	0	0	0	0	0
AT3G32030	0	0	0	0	0	0
AT3G32040	0	0	0	0	0	0
AT3G42310	0	0	0	0	0	0
AT3G42550	0	0	0	0	0	0
AT3G06465	0	0	0	0	0	0
AT3G42723	0	0	0	0	0	0
AT3G42880	0	0	0	0	0	0
AT3G42960	0	0	0	0	0	0
AT3G43170	0	0	0	0	0	1
AT3G43500	0	0	0	0	0	1
AT3G43660	0	0	0	0	0	0
AT3G43750	0	0	0	0	0	0
AT3G43860	0	0	0	0	0	0
AT3G43990	0	0	0	0	0	0
AT3G06745	0	0	0	0	0	0
AT3G44210	0	0	0	0	0	0
AT3G06795	0	0	1	0	0	0
AT3G44485	0	0	0	0	0	0
AT3G45450	0	0	0	0	0	0
AT3G07165	0	0	0	0	0	0
AT3G46050	0	0	0	0	0	0
AT3G07335	0	0	0	0	0	0
AT3G07355	0	0	0	0	0	0
AT3G07395	0	0	0	0	0	0
AT3G46330	0	0	0	0	0	0
AT3G46880	0	0	0	0	0	0
AT3G47020	0	0	0	0	0	0
AT3G47130	0	0	0	0	0	0
AT3G47220	0	0	0	0	0	0
AT3G07755	0	0	0	0	0	0
AT3G47920	1	0	0	0	0	0
AT3G48950	0	0	0	0	0	0
AT3G50090	0	0	0	0	0	0
AT3G50720	0	0	0	0	0	0
AT3G51171	0	0	0	0	0	0
AT3G08190	0	0	0	0	0	0
AT3G52130	0	0	0	0	0	0
AT3G52565	0	0	0	0	0	0
AT3G52620	0	0	0	0	0	0
AT3G08295	0	0	0	0	0	0
AT3G52941	0	0	0	0	0	0
AT3G53050	0	0	0	0	0	0
AT3G08340	0	0	0	1	0	0
AT3G53590	0	0	0	0	0	0
AT3G54430	0	0	0	0	0	0
AT3G08435	0	0	0	0	0	0
AT3G54925	0	0	0	0	0	0
AT3G55254	0	0	0	0	0	0
AT3G55930	0	0	0	0	0	0
AT3G56390	0	0	0	1	0	0
AT3G08745	0	0	0	0	0	0
AT3G57465	0	0	0	0	0	0
AT3G57850	0	0	0	0	0	0
AT3G57960	0	0	0	0	0	0
AT3G58415	0	0	0	0	0	0
AT3G58585	0	0	0	0	0	0
AT3G59884	0	0	0	0	0	0
AT3G09315	0	0	0	0	0	0
AT3G60570	0	0	0	0	0	0
AT3G09485	0	0	0	0	0	0
AT3G60990	0	0	0	0	0	0
AT3G62340	0	0	0	0	0	0
AT3G62670	0	0	0	0	0	0
AT2G01050	0	1	0	0	0	0
AT2G01370	0	0	0	0	0	0
AT2G01520	0	0	0	0	0	0
AT2G04085	0	0	0	0	0	0
AT2G02300	1	0	0	0	0	0
AT2G02580	0	0	0	0	0	1
AT2G04465	0	0	0	1	0	0
AT2G03160	0	0	0	0	0	0
AT2G03170	0	0	0	1	0	0
AT2G03410	0	0	0	0	0	0
AT2G04066	0	0	0	0	1	0
AT2G04745	0	0	0	0	0	0
AT2G04495	0	0	0	0	0	0
AT2G04750	0	0	0	0	0	0
AT2G04830	0	0	0	0	0	0
AT2G05050	0	0	0	0	0	0
AT2G04985	0	0	0	0	0	0
AT2G06420	0	0	0	0	0	0
AT2G07020	0	0	0	0	0	0
AT2G05125	0	0	0	0	0	0
AT2G07673	0	0	0	0	0	0
AT2G07746	1	0	0	0	0	0
AT2G07628	1	0	0	0	0	0
AT2G07634	0	0	0	0	0	0
AT2G07691	0	0	0	0	0	0
AT2G07724	0	0	0	0	0	0
AT2G07820	0	0	0	0	0	1
AT2G07734	0	0	0	0	0	0
AT2G07759	0	0	0	0	0	0
AT2G07766	0	0	0	0	0	0
AT2G07750	0	0	1	0	0	0
AT2G11015	0	0	0	0	0	1
AT2G11620	0	0	0	0	0	0
AT2G05625	0	0	0	0	0	0
AT2G12935	0	1	0	0	0	0
AT2G12940	0	0	0	0	0	0
AT2G05875	0	0	0	0	0	0
AT2G13275	0	0	0	0	0	0
AT2G13350	0	0	0	0	0	0
AT2G13450	0	0	0	0	1	0
AT2G13810	0	0	0	0	0	0
AT2G14560	0	1	0	0	0	0
AT2G14810	0	0	0	0	0	0
AT2G06275	0	0	0	0	0	0
AT2G15025	0	0	0	0	0	0
AT2G15080	0	0	0	0	0	0
AT2G15180	0	0	1	0	0	0
AT2G15327	0	0	0	0	0	0
AT2G06485	0	0	0	0	0	0
AT2G06495	0	0	0	1	0	0
AT2G06505	0	0	0	0	0	0
AT2G16730	0	0	0	0	0	0
AT2G16970	0	0	0	0	0	0
AT2G06805	1	0	0	0	0	0
AT2G17090	0	0	0	0	0	0
AT2G17170	0	0	0	0	0	0
AT2G18210	0	0	0	0	0	0
AT2G18530	0	0	0	0	0	0
AT2G18810	0	1	0	0	0	0
AT2G19360	0	0	0	0	0	0
AT2G20805	0	0	0	0	0	0
AT2G21690	0	0	0	0	0	0
AT2G21727	0	0	0	0	0	0
AT2G21750	0	0	0	0	0	0
AT2G21910	0	0	0	0	1	0
AT2G07525	0	0	0	0	0	0
AT2G22380	0	1	0	0	0	0
AT2G22440	0	0	0	0	0	0
AT2G22630	0	0	0	0	0	0
AT2G07855	0	0	0	0	0	0
AT2G23220	0	0	0	0	0	0
AT2G07945	0	0	0	0	0	0
AT2G23800	0	0	0	0	0	0
AT2G24460	0	0	0	0	0	0
AT2G24480	0	0	0	0	0	0
AT2G24625	0	0	0	1	0	0
AT2G24693	0	0	0	0	0	0
AT2G24696	0	0	0	0	0	0
AT2G25011	0	0	0	1	0	0
AT2G25230	0	0	0	0	0	0
AT2G25482	0	0	0	0	0	0
AT2G26940	0	0	0	0	0	0
AT2G27520	0	0	0	0	0	0
AT2G08250	0	1	0	0	0	0
AT2G28725	0	0	0	0	0	0
AT2G29000	0	0	0	0	0	0
AT2G29430	0	0	0	0	0	0
AT2G29470	0	0	0	0	0	0
AT2G29485	0	0	0	0	0	0
AT2G29850	0	0	0	0	0	1
AT2G29930	0	0	0	0	0	0
AT2G08370	0	0	0	0	0	0
AT2G30660	0	0	0	0	0	0
AT2G31335	0	0	0	0	0	0
AT2G31862	0	0	0	0	0	0
AT2G31957	0	0	0	0	0	0
AT2G08505	0	0	0	0	0	0
AT2G08535	0	0	0	0	0	0
AT2G32860	0	0	0	0	0	0
AT2G32905	0	0	0	0	0	0
AT2G33200	0	0	0	0	0	0
AT2G08555	0	0	1	0	0	0
AT2G08590	0	0	0	1	0	0
AT2G33796	0	0	0	0	0	1
AT2G34610	0	0	0	0	0	1
AT2G08705	0	0	0	0	0	0
AT2G35280	0	0	0	0	0	0
AT2G35945	0	0	0	0	0	0
AT2G36020	0	0	0	0	0	0
AT2G36150	0	0	0	0	0	0
AT2G36560	0	0	0	0	0	0
AT2G36610	0	0	0	0	0	0
AT2G08815	0	0	0	0	0	0
AT2G08845	0	0	0	0	0	0
AT2G38030	1	0	0	0	0	0
AT2G38380	0	0	0	0	0	0
AT2G38390	0	0	0	0	0	0
AT2G39060	0	0	0	0	0	0
AT2G39540	0	0	0	0	0	0
AT2G09060	0	0	0	0	0	0
AT2G09075	0	0	0	0	0	0
AT2G09100	0	0	0	0	0	0
AT2G09160	0	1	0	0	0	0
AT2G40750	0	0	0	1	0	0
AT2G40910	0	0	0	0	0	0
AT2G41415	0	0	0	0	0	0
AT2G41920	0	0	0	0	0	0
AT2G42420	0	0	0	0	0	1
AT2G42425	0	0	0	0	0	0
AT2G42440	0	0	0	0	0	0
AT2G42835	0	0	0	0	0	0
AT2G09445	0	0	0	0	0	0
AT2G43670	0	0	0	0	0	0
AT2G43920	0	0	0	0	0	0
AT2G44030	0	0	0	0	0	0
AT2G44480	0	0	0	0	0	0
AT2G44581	0	0	0	0	0	0
AT2G09555	0	0	0	0	0	0
AT2G45406	0	0	1	0	0	0
AT2G09670	0	0	0	0	0	0
AT2G46210	0	0	0	0	0	0
AT2G46460	0	0	0	0	0	0
AT2G09720	0	0	0	0	0	0
AT2G46494	0	0	0	0	0	0
AT2G09725	0	0	0	0	0	0
AT2G46765	0	0	0	0	1	0
AT2G09780	0	0	0	0	0	0
AT2G09825	0	0	0	0	0	0
AT2G47280	0	0	0	0	0	0
AT2G09925	0	0	0	0	0	0
AT2G47740	0	0	0	0	0	0
AT4G00315	0	0	0	0	0	0
AT4G03715	0	0	0	0	0	0
AT4G00953	0	0	0	0	0	0
AT4G01160	0	0	0	0	0	0
AT4G01355	0	0	0	0	0	0
AT4G01390	0	0	0	0	0	0
AT4G01470	0	0	0	0	0	0
AT4G01640	0	0	0	0	0	0
AT4G01865	0	0	0	0	0	0
AT4G02910	0	0	0	0	0	0
AT4G04535	0	0	0	0	0	0
AT4G03438	0	0	0	0	0	1
AT4G03580	0	0	0	1	0	0
AT4G03590	0	0	0	0	0	0
AT4G03620	0	0	0	0	0	0
AT4G04090	0	0	0	0	0	0
AT4G05470	0	0	0	0	0	0
AT4G06526	0	0	0	0	0	0
AT4G07670	0	0	0	0	0	0
AT4G07740	0	0	0	0	0	0
AT4G07995	0	0	0	0	0	0
AT4G05415	0	0	0	0	0	0
AT4G08570	0	0	0	0	0	0
AT4G08840	0	0	0	0	0	0
AT4G05645	0	0	1	0	0	0
AT4G09260	0	0	0	1	0	0
AT4G10457	0	0	0	0	0	0
AT4G05790	0	0	0	0	0	0
AT4G10507	0	0	0	0	0	0
AT4G10540	0	0	0	0	0	0
AT4G10603	0	0	0	0	0	0
AT4G10700	0	1	0	0	0	0
AT4G10895	0	0	0	0	0	0
AT4G10910	0	0	0	0	0	0
AT4G05880	0	0	0	0	0	1
AT4G11485	1	0	0	0	0	0
AT4G12115	0	0	0	0	0	0
AT4G05970	0	0	0	0	0	0
AT4G05980	0	0	0	0	0	0
AT4G12334	0	0	0	0	0	0
AT4G12360	0	0	0	0	0	0
AT4G12370	0	0	0	0	0	0
AT4G12731	0	0	0	0	0	0
AT4G12825	0	0	0	0	0	0
AT4G12917	0	0	0	0	0	0
AT4G13060	0	0	0	0	0	0
AT4G13230	0	0	0	0	0	0
AT4G13240	0	0	0	0	0	1
AT4G13445	0	0	0	1	0	0
AT4G13555	0	0	0	0	0	0
AT4G13968	0	0	0	1	0	0
AT4G06185	0	0	0	0	0	0
AT4G14368	0	0	0	0	1	0
AT4G14415	0	0	0	0	0	0
AT4G14785	0	0	0	0	0	0
AT4G15320	0	0	0	0	0	0
AT4G15670	0	0	0	0	0	0
AT4G06335	0	0	0	0	0	1
AT4G15970	0	0	0	0	0	0
AT4G15980	0	0	0	0	0	0
AT4G16090	0	0	0	0	0	0
AT4G06380	0	1	0	0	0	0
AT4G17243	0	0	0	0	0	0
AT4G17765	0	0	0	0	1	0
AT4G18203	0	0	0	0	0	0
AT4G06780	0	0	0	0	0	0
AT4G18500	0	0	0	0	0	0
AT4G06815	0	0	0	0	0	0
AT4G18720	0	0	0	0	0	0
AT4G18725	0	0	0	0	0	0
AT4G19430	0	0	0	0	0	0
AT4G06890	0	0	0	0	0	0
AT4G19620	1	0	0	0	0	0
AT4G06915	0	0	0	0	0	0
AT4G19770	0	0	0	0	0	0
AT4G19940	0	0	0	1	0	0
AT4G20080	0	0	0	0	0	0
AT4G20220	0	0	0	1	0	0
AT4G20520	0	0	0	0	0	0
AT4G06965	0	0	0	1	0	0
AT4G21030	0	0	0	0	0	0
AT4G21366	0	0	0	0	0	0
AT4G07010	0	0	0	0	0	0
AT4G21690	0	0	0	0	0	0
AT4G21970	0	0	0	0	0	0
AT4G22400	0	0	0	0	0	0
AT4G22467	0	0	0	0	0	0
AT4G22610	0	0	0	0	0	0
AT4G23140	1	0	0	0	0	0
AT4G23150	0	0	0	0	0	0
AT4G23340	0	0	0	0	0	0
AT4G23373	0	0	0	0	0	1
AT4G23880	0	0	0	0	0	0
AT4G07210	0	0	0	0	0	0
AT4G24030	0	0	0	0	1	0
AT4G07230	0	0	0	0	0	0
AT4G07270	0	0	0	0	0	0
AT4G26255	0	0	0	0	0	0
AT4G07565	0	0	0	0	0	0
AT4G26380	0	0	0	0	0	0
AT4G07865	0	0	0	0	0	0
AT4G27565	0	0	0	0	0	0
AT4G07905	0	0	0	0	0	0
AT4G27885	0	0	0	0	0	0
AT4G28670	0	0	0	0	0	0
AT4G28775	0	0	0	0	0	0
AT4G29035	0	0	0	0	0	0
AT4G29305	0	0	0	0	0	0
AT4G29650	0	0	0	0	0	0
AT4G30064	0	0	0	0	0	0
AT4G30540	0	0	0	0	0	0
AT4G08355	0	0	0	0	0	0
AT4G31030	0	0	0	0	1	0
AT4G31196	0	0	1	0	0	0
AT4G31260	0	0	0	0	0	0
AT4G31685	0	0	0	0	0	0
AT4G31715	0	0	0	0	0	0
AT4G32765	0	0	0	0	0	0
AT4G33230	0	0	0	0	0	0
AT4G33370	0	0	0	0	0	0
AT4G33840	0	0	0	0	0	0
AT4G08975	0	0	0	1	0	0
AT4G34330	0	0	0	0	0	0
AT4G34690	0	0	0	0	0	0
AT4G34975	0	0	0	0	0	0
AT4G09075	0	0	0	0	0	0
AT4G09135	0	1	0	0	0	0
AT4G35670	0	0	0	0	0	0
AT4G36170	0	0	0	0	0	0
AT4G36245	0	0	0	1	0	0
AT4G09445	0	0	0	0	0	0
AT4G37175	0	0	0	0	0	0
AT4G09485	0	0	0	0	0	0
AT4G09495	0	0	0	0	0	0
AT4G09525	0	0	0	0	0	0
AT4G09635	0	0	0	0	0	0
AT4G09705	0	0	0	0	0	0
AT4G38552	0	0	0	0	0	0
AT4G09825	0	0	0	0	0	0
AT4G39290	0	0	0	0	0	0
AT4G39345	0	0	0	0	0	0
AT4G09855	0	0	0	1	0	0
AT4G39615	0	0	1	0	0	0
AT4G39650	0	0	1	0	0	0
AT4G39750	0	0	0	0	0	0
AT4G39838	0	0	0	1	0	0
AT4G39840	0	0	0	0	0	0
AT4G39917	0	0	0	0	0	0
ATMG00170	0	0	0	0	1	0
ATMG00340	0	0	0	0	0	0
ATMG00460	0	0	0	0	0	0
ATMG00600	0	0	0	0	0	0
ATMG00820	0	0	0	0	0	0
ATMG00910	0	0	0	0	0	0
ATMG00950	0	0	0	0	0	0
ATMG01160	0	0	0	0	0	0
ATMG01310	0	0	0	0	0	0
ATCG00840	0	1	0	0	0	0
ATCG00850	0	0	0	0	0	0
ATCG01300	0	1	0	0	0	0
AT1G03993	0	0	0	0	0	0
AT1G03997	0	0	0	0	0	0
AT1G04003	0	0	0	0	0	0
AT1G04017	0	0	0	0	0	0
AT1G04023	0	0	0	0	0	0
AT1G01335	0	0	0	0	0	0
AT1G01400	0	0	0	0	0	0
AT1G01410	0	0	0	0	0	0
AT1G01450	0	0	0	0	0	0
AT1G04043	0	0	0	0	0	0
AT1G04053	0	0	0	0	0	0
AT1G04057	0	0	0	0	0	0
AT1G04063	0	0	0	0	0	0
AT1G04067	0	0	0	0	0	0
AT1G04073	0	0	0	0	0	0
AT1G01870	0	0	0	0	0	0
AT1G01890	0	0	0	0	0	0
AT1G04077	0	0	0	0	0	0
AT1G02067	0	0	0	0	0	0
AT1G04087	0	0	0	0	0	0
AT1G02210	0	0	0	0	0	0
AT1G02320	0	0	0	0	0	0
AT1G04117	0	0	0	0	0	0
AT1G04123	0	0	0	0	0	0
AT1G02540	0	0	0	0	0	0
AT1G02550	0	0	0	0	0	0
AT1G02600	0	0	0	0	0	0
AT1G04133	0	0	0	0	0	0
AT1G04143	0	0	0	0	0	0
AT1G02710	0	0	0	0	0	0
AT1G02952	0	0	0	0	0	0
AT1G03020	0	0	0	0	0	0
AT1G04163	0	0	0	0	0	0
AT1G04177	0	0	0	0	0	0
AT1G03300	0	0	0	0	0	0
AT1G03325	0	0	0	0	0	0
AT1G03395	0	0	0	0	0	0
AT1G03640	0	0	0	0	0	0
AT1G04203	0	0	0	0	0	0
AT1G04207	0	0	0	0	0	0
AT1G04213	0	0	0	0	0	0
AT1G03810	0	0	0	0	0	0
AT1G04227	0	0	0	0	0	0
AT1G04233	0	0	0	0	0	0
AT1G04243	0	0	0	0	0	0
AT1G04253	0	0	0	0	0	0
AT1G04295	0	0	0	0	0	0
AT1G04320	0	0	0	0	0	0
AT1G04370	0	0	0	0	0	0
AT1G04287	0	0	0	0	0	0
AT1G04895	0	0	0	0	0	0
AT1G05005	0	0	0	0	0	0
AT1G04307	0	0	0	0	0	0
AT1G04313	0	0	0	0	0	0
AT1G04323	0	0	0	0	0	0
AT1G04327	0	0	0	0	0	0
AT1G04333	0	0	0	0	0	0
AT1G04343	0	0	0	0	0	0
AT1G04363	0	0	0	0	0	0
AT1G04373	0	0	0	0	0	0
AT1G05290	0	0	0	0	0	0
AT1G04377	0	0	0	0	0	0
AT1G04383	0	0	0	0	0	0
AT1G05390	0	0	0	0	0	0
AT1G05562	0	0	0	0	0	0
AT1G05560	0	0	0	0	0	0
AT1G05615	0	0	0	0	0	0
AT1G04403	0	0	0	0	0	0
AT1G04407	0	0	0	0	0	0
AT1G05760	0	0	0	0	0	0
AT1G05800	0	0	0	0	0	0
AT1G04433	0	0	0	0	0	0
AT1G05880	0	0	0	0	0	0
AT1G05920	0	0	0	0	0	0
AT1G05980	0	0	0	0	0	0
AT1G06045	0	0	0	0	0	0
AT1G04447	0	0	0	0	0	0
AT1G06225	0	0	0	0	0	0
AT1G06260	0	0	0	0	0	0
AT1G06280	0	0	0	0	0	0
AT1G04463	0	0	0	0	0	0
AT1G06475	0	0	0	0	0	0
AT1G06480	0	0	0	0	0	0
AT1G06530	0	0	0	0	0	0
AT1G06610	0	0	0	0	0	0
AT1G04487	0	0	0	0	0	0
AT1G04493	0	0	0	0	0	0
AT1G04497	0	0	0	0	0	0
AT1G04503	0	0	0	0	0	0
AT1G04507	0	0	0	0	0	0
AT1G04513	0	0	0	0	0	0
AT1G04517	0	0	0	0	0	0
AT1G06860	0	0	0	0	0	0
AT1G04523	0	0	0	0	0	0
AT1G04527	0	0	0	0	0	0
AT1G06880	0	0	0	0	0	0
AT1G04537	0	0	0	0	0	0
AT1G04557	0	0	0	0	0	0
AT1G07100	0	0	0	0	0	0
AT1G07130	0	0	0	0	0	0
AT1G07190	0	0	0	0	0	0
AT1G07460	0	0	0	0	0	0
AT1G04583	0	0	0	0	0	0
AT1G07490	0	0	0	0	0	0
AT1G07500	0	0	0	0	0	0
AT1G07520	0	0	0	0	0	0
AT1G07550	0	0	0	0	0	0
AT1G04597	0	0	0	0	0	0
AT1G07600	0	0	0	0	0	0
AT1G07702	0	0	0	0	0	0
AT1G07725	0	0	0	0	0	0
AT1G07747	0	0	0	0	0	0
AT1G07860	0	0	0	0	0	0
AT1G08005	0	0	0	0	0	0
AT1G08065	0	0	0	0	0	0
AT1G08100	0	0	0	0	0	0
AT1G04643	0	0	0	0	0	0
AT1G08150	0	0	0	0	0	0
AT1G08240	0	0	0	0	0	0
AT1G08250	0	0	0	0	0	0
AT1G08315	0	0	0	0	0	0
AT1G04647	0	0	0	0	0	0
AT1G04653	0	0	0	0	0	0
AT1G08592	0	0	0	0	0	0
AT1G04657	0	0	0	0	0	0
AT1G08790	0	0	0	0	0	0
AT1G04667	0	0	0	0	0	0
AT1G04677	0	0	0	0	0	0
AT1G04683	0	0	0	0	0	0
AT1G08950	0	0	0	0	0	0
AT1G08985	0	0	0	0	0	0
AT1G09030	0	0	0	0	0	0
AT1G09110	0	0	0	0	0	0
AT1G09245	0	0	0	0	0	0
AT1G04687	0	0	0	0	0	0
AT1G04693	0	0	0	0	0	0
AT1G09360	0	0	0	0	0	0
AT1G09421	0	0	0	0	0	0
AT1G04703	0	0	0	0	0	0
AT1G04707	0	0	0	0	0	0
AT1G09625	0	0	0	0	0	0
AT1G04713	0	0	0	0	0	0
AT1G04717	0	0	0	0	0	0
AT1G04733	0	0	0	0	0	0
AT1G09860	0	0	0	0	0	0
AT1G04743	0	0	0	0	0	0
AT1G09935	0	0	0	0	0	0
AT1G04763	0	0	0	0	0	0
AT1G04767	0	0	0	0	0	0
AT1G04773	0	0	0	0	0	0
AT1G10150	0	0	0	0	0	0
AT1G10190	0	0	0	0	0	0
AT1G04787	0	0	0	0	0	0
AT1G10395	0	0	0	0	0	0
AT1G10440	0	0	0	0	0	0
AT1G04803	0	0	0	0	0	0
AT1G10620	0	0	0	0	0	0
AT1G04807	0	0	0	0	0	0
AT1G04813	0	0	0	0	0	0
AT1G10715	0	0	0	0	0	0
AT1G10717	0	0	0	0	0	0
AT1G04823	0	0	0	0	0	0
AT1G10875	0	0	0	0	0	0
AT1G10880	0	0	0	0	0	0
AT1G11010	0	0	0	0	0	0
AT1G11030	0	0	0	0	0	0
AT1G04833	0	0	0	0	0	0
AT1G11080	0	0	0	0	0	0
AT1G04837	0	0	0	0	0	0
AT1G11090	0	0	0	0	0	0
AT1G11250	0	0	0	0	0	0
AT1G04847	0	0	0	0	0	0
AT1G11470	0	0	0	0	0	0
AT1G04857	0	0	0	0	0	0
AT1G11593	0	0	0	0	0	0
AT1G11620	0	0	0	0	0	0
AT1G04867	0	0	0	0	0	0
AT1G04873	0	0	0	0	0	0
AT1G04887	0	0	0	0	0	0
AT1G04897	0	0	0	0	0	0
AT1G04917	0	0	0	0	0	0
AT1G11925	0	0	0	0	0	0
AT1G11970	0	0	0	0	0	0
AT1G11980	0	0	0	0	0	0
AT1G11990	0	0	0	0	0	0
AT1G04923	0	0	0	0	0	0
AT1G04933	0	0	0	0	0	0
AT1G12170	0	0	0	0	0	0
AT1G12190	0	0	0	0	0	0
AT1G04937	0	0	0	0	0	0
AT1G12294	0	0	0	0	0	0
AT1G12310	0	0	0	0	0	0
AT1G04943	0	0	0	0	0	0
AT1G04947	0	0	0	0	0	0
AT1G04953	0	0	0	0	0	0
AT1G12540	0	0	0	0	0	0
AT1G12590	0	0	0	0	0	0
AT1G04963	0	0	0	0	0	0
AT1G12660	0	0	0	0	0	0
AT1G04967	0	0	0	0	0	0
AT1G04977	0	0	0	0	0	0
AT1G12830	0	0	0	0	0	0
AT1G12870	0	0	0	0	0	0
AT1G04987	0	0	0	0	0	0
AT1G13143	0	0	0	0	0	0
AT1G13240	0	0	0	0	0	0
AT1G05003	0	0	0	0	0	0
AT1G13290	0	0	0	0	0	0
AT1G13485	0	0	0	0	0	0
AT1G13605	0	0	0	0	0	0
AT1G13680	0	0	0	0	0	0
AT1G13720	0	0	0	0	0	0
AT1G05033	0	0	0	0	0	0
AT1G13805	0	0	0	0	0	0
AT1G13825	0	0	0	0	0	0
AT1G13840	0	0	0	0	0	0
AT1G13850	0	0	0	0	0	0
AT1G05037	0	0	0	0	0	0
AT1G05047	0	0	0	0	0	0
AT1G14100	0	0	0	0	0	0
AT1G14110	0	0	0	0	0	0
AT1G05053	0	0	0	0	0	0
AT1G05067	0	0	0	0	0	0
AT1G05073	0	0	0	0	0	0
AT1G05093	0	0	0	0	0	0
AT1G05097	0	0	0	0	0	0
AT1G05107	0	0	0	0	0	0
AT1G05113	0	0	0	0	0	0
AT1G05127	0	0	0	0	0	0
AT1G05137	0	0	0	0	0	0
AT1G05147	0	0	0	0	0	0
AT1G15405	0	0	0	0	0	0
AT1G15450	0	0	0	0	0	0
AT1G15590	0	0	0	0	0	0
AT1G15610	0	0	0	0	0	0
AT1G15620	0	0	0	0	0	0
AT1G15650	0	0	0	0	0	0
AT1G15680	0	0	0	0	0	0
AT1G05183	0	0	0	0	0	0
AT1G15700	0	0	0	0	0	0
AT1G05187	0	0	0	0	0	0
AT1G05193	0	0	0	0	0	0
AT1G05197	0	0	0	0	0	0
AT1G15757	0	0	0	0	0	0
AT1G16100	0	0	0	0	0	0
AT1G16225	0	0	0	0	0	0
AT1G16450	0	0	0	0	0	0
AT1G16490	0	0	0	0	0	0
AT1G05233	0	0	0	0	0	0
AT1G05243	0	0	0	0	0	0
AT1G05247	0	0	0	0	0	0
AT1G05253	0	0	0	0	0	0
AT1G05257	0	0	0	0	0	0
AT1G05263	0	0	0	0	0	0
AT1G05267	0	0	0	0	0	0
AT1G05273	0	0	0	0	0	0
AT1G16945	0	0	0	0	0	0
AT1G16950	0	0	0	0	0	0
AT1G05283	0	0	0	0	0	0
AT1G17232	0	0	0	0	0	0
AT1G17230	0	0	0	0	0	0
AT1G17250	0	0	0	0	0	0
AT1G05303	0	0	0	0	0	0
AT1G05307	0	0	0	0	0	0
AT1G17570	0	0	0	0	0	0
AT1G17615	0	0	0	0	0	0
AT1G17660	0	0	0	0	0	0
AT1G17670	0	0	0	0	0	0
AT1G05323	0	0	0	0	0	0
AT1G05327	0	0	0	0	0	0
AT1G17770	0	0	0	0	0	0
AT1G17800	0	0	0	0	0	0
AT1G17820	0	0	0	0	0	0
AT1G05337	0	0	0	0	0	0
AT1G05343	0	0	0	0	0	0
AT1G05347	0	0	0	0	0	0
AT1G05353	0	0	0	0	0	0
AT1G05357	0	0	0	0	0	0
AT1G05373	0	0	0	0	0	0
AT1G05377	0	0	0	0	0	0
AT1G18420	0	0	0	0	0	0
AT1G18430	0	0	0	0	0	0
AT1G05407	0	0	0	0	0	0
AT1G05413	0	0	0	0	0	0
AT1G18735	0	0	0	0	0	0
AT1G05417	0	0	0	0	0	0
AT1G05423	0	0	0	0	0	0
AT1G05427	0	0	0	0	0	0
AT1G05433	0	0	0	0	0	0
AT1G18760	0	0	0	0	0	0
AT1G18770	0	0	0	0	0	0
AT1G18780	0	0	0	0	0	0
AT1G18820	0	0	0	0	0	0
AT1G05447	0	0	0	0	0	0
AT1G18871	0	0	0	0	0	0
AT1G18879	0	0	0	0	0	0
AT1G05453	0	0	0	0	0	0
AT1G18975	0	0	0	0	0	0
AT1G19086	0	0	0	0	0	0
AT1G19090	0	0	0	0	0	0
AT1G05463	0	0	0	0	0	0
AT1G05473	0	0	0	0	0	0
AT1G05483	0	0	0	0	0	0
AT1G19260	0	0	0	0	0	0
AT1G05497	0	0	0	0	0	0
AT1G19550	0	0	0	0	0	0
AT1G19620	0	0	0	0	0	0
AT1G05507	0	0	0	0	0	0
AT1G19890	0	0	0	0	0	0
AT1G19930	0	0	0	0	0	0
AT1G20040	0	0	0	0	0	0
AT1G05523	0	0	0	0	0	0
AT1G20070	0	0	0	0	0	0
AT1G05533	0	0	0	0	0	0
AT1G20135	0	0	0	0	0	0
AT1G20210	0	0	0	0	0	0
AT1G20250	0	0	0	0	0	0
AT1G05537	0	0	0	0	0	0
AT1G05547	0	0	0	0	0	0
AT1G20520	0	0	0	0	0	0
AT1G20680	0	0	0	0	0	0
AT1G20683	0	0	0	0	0	0
AT1G20687	0	0	0	0	0	0
AT1G20690	0	0	0	0	0	0
AT1G05563	0	0	0	0	0	0
AT1G20710	0	0	0	0	0	0
AT1G20730	0	0	0	0	0	0
AT1G20735	0	0	0	0	0	0
AT1G05567	0	0	0	0	0	0
AT1G20790	0	0	0	0	0	0
AT1G05583	0	0	0	0	0	0
AT1G05587	0	0	0	0	0	0
AT1G05593	0	0	0	0	0	0
AT1G05597	0	0	0	0	0	0
AT1G05603	0	0	0	0	0	0
AT1G20800	0	0	0	0	0	0
AT1G20803	0	0	0	0	0	0
AT1G20820	0	0	0	0	0	0
AT1G05607	0	0	0	0	0	0
AT1G20875	0	0	0	0	0	0
AT1G20923	0	0	0	0	0	0
AT1G20940	0	0	0	0	0	0
AT1G05617	0	0	0	0	0	0
AT1G05627	0	0	0	0	0	0
AT1G05633	0	0	0	0	0	0
AT1G21202	0	0	0	0	0	0
AT1G05637	0	0	0	0	0	0
AT1G21230	0	0	0	0	0	0
AT1G05643	0	0	0	0	0	0
AT1G21245	0	0	0	0	0	0
AT1G21280	0	0	0	0	0	0
AT1G21313	0	0	0	0	0	0
AT1G05647	0	0	0	0	0	0
AT1G05653	0	0	0	0	0	0
AT1G05657	0	0	0	0	0	0
AT1G05667	0	0	0	0	0	0
AT1G05673	0	0	0	0	0	0
AT1G21395	0	0	0	0	0	0
AT1G21420	0	0	0	0	0	0
AT1G21430	0	0	0	0	0	0
AT1G21470	0	0	0	0	0	0
AT1G21475	0	0	0	0	0	0
AT1G05683	0	0	0	0	0	0
AT1G21738	0	0	0	0	0	0
AT1G21835	0	0	0	0	0	0
AT1G21860	0	0	0	0	0	0
AT1G21864	0	0	0	0	0	0
AT1G21866	0	0	0	0	0	0
AT1G21925	0	0	0	0	0	0
AT1G21928	0	0	0	0	0	0
AT1G05693	0	0	0	0	0	0
AT1G05697	0	0	0	0	0	0
AT1G22010	0	0	0	0	0	0
AT1G22015	0	0	0	0	0	0
AT1G05707	0	0	0	0	0	0
AT1G22080	0	0	0	0	0	0
AT1G22120	0	0	0	0	0	0
AT1G22130	0	0	0	0	0	0
AT1G05717	0	0	0	0	0	0
AT1G22150	0	0	0	0	0	0
AT1G05723	0	0	0	0	0	0
AT1G05727	0	0	0	0	0	0
AT1G22240	0	0	0	0	0	0
AT1G05733	0	0	0	0	0	0
AT1G05737	0	0	0	0	0	0
AT1G22320	0	0	0	0	0	0
AT1G05747	0	0	0	0	0	0
AT1G05753	0	0	0	0	0	0
AT1G22610	0	0	0	0	0	0
AT1G05767	0	0	0	0	0	0
AT1G22800	0	0	0	0	0	0
AT1G22810	0	0	0	0	0	0
AT1G23037	0	0	0	0	0	0
AT1G23052	0	0	0	0	0	0
AT1G23050	0	0	0	0	0	0
AT1G05787	0	0	0	0	0	0
AT1G23145	0	0	0	0	0	0
AT1G23290	0	0	0	0	0	0
AT1G23320	0	0	0	0	0	0
AT1G05797	0	0	0	0	0	0
AT1G05803	0	0	0	0	0	0
AT1G05807	0	0	0	0	0	0
AT1G05813	0	0	0	0	0	0
AT1G23410	0	0	0	0	0	0
AT1G23420	0	0	0	0	0	0
AT1G05817	0	0	0	0	0	0
AT1G23500	0	0	0	0	0	0
AT1G23510	0	0	0	0	0	0
AT1G23520	0	0	0	0	0	0
AT1G23570	0	0	0	0	0	0
AT1G23600	0	0	0	0	0	0
AT1G23610	0	0	0	0	0	0
AT1G05823	0	0	0	0	0	0
AT1G23645	0	0	0	0	0	0
AT1G23650	0	0	0	0	0	0
AT1G23660	0	0	0	0	0	0
AT1G23670	0	0	0	0	0	0
AT1G23690	0	0	0	0	0	0
AT1G05827	0	0	0	0	0	0
AT1G23810	0	0	0	0	0	0
AT1G05837	0	0	0	0	0	0
AT1G23910	0	0	0	0	0	0
AT1G23915	0	0	0	0	0	0
AT1G23985	0	0	0	0	0	0
AT1G23995	0	0	0	0	0	0
AT1G05847	0	0	0	0	0	0
AT1G24010	0	0	0	0	0	0
AT1G24060	0	0	0	0	0	0
AT1G24062	0	0	0	0	0	0
AT1G24080	0	0	0	0	0	0
AT1G24110	0	0	0	0	0	0
AT1G05857	0	0	0	0	0	0
AT1G24145	0	0	0	0	0	0
AT1G24147	0	0	0	0	0	0
AT1G24200	0	0	0	0	0	0
AT1G24220	0	0	0	0	0	0
AT1G24250	0	0	0	0	0	0
AT1G24256	0	0	0	0	0	0
AT1G05863	0	0	0	0	0	0
AT1G05873	0	0	0	0	0	0
AT1G24380	0	0	0	0	0	0
AT1G24390	0	0	0	0	0	0
AT1G05887	0	0	0	0	0	0
AT1G05893	0	0	0	0	0	0
AT1G05897	0	0	0	0	0	0
AT1G24430	0	0	0	0	0	0
AT1G05903	0	0	0	0	0	0
AT1G24475	0	0	0	0	0	0
AT1G24540	0	0	0	0	0	0
AT1G24545	0	0	0	0	0	0
AT1G24660	0	0	0	0	0	0
AT1G05917	0	0	0	0	0	0
AT1G24822	0	0	0	0	0	0
AT1G24909	0	0	0	0	0	0
AT1G25083	0	0	0	0	0	0
AT1G25097	0	0	0	0	0	0
AT1G25112	0	0	0	0	0	0
AT1G25141	0	0	0	0	0	0
AT1G25155	0	0	0	0	0	0
AT1G25210	0	0	0	0	0	0
AT1G25211	0	0	0	0	0	0
AT1G05927	0	0	0	0	0	0
AT1G05943	0	0	0	0	0	0
AT1G05953	0	0	0	0	0	0
AT1G05957	0	0	0	0	0	0
AT1G25340	0	0	0	0	0	0
AT1G25988	0	0	0	0	0	0
AT1G05973	0	0	0	0	0	0
AT1G05983	0	0	0	0	0	0
AT1G26210	0	0	0	0	0	0
AT1G26220	0	0	0	0	0	0
AT1G26225	0	0	0	0	0	0
AT1G26235	0	0	0	0	0	0
AT1G26250	0	0	0	0	0	0
AT1G26255	0	0	0	0	0	0
AT1G26290	0	0	0	0	0	0
AT1G26310	0	0	0	0	0	0
AT1G26320	0	0	0	0	0	0
AT1G26350	0	0	0	0	0	0
AT1G26430	0	0	0	0	0	0
AT1G26490	0	0	0	0	0	0
AT1G06003	0	0	0	0	0	0
AT1G06007	0	0	0	0	0	0
AT1G26710	0	0	0	0	0	0
AT1G26720	0	0	0	0	0	0
AT1G06013	0	0	0	0	0	0
AT1G26773	0	0	0	0	0	0
AT1G26795	0	0	0	0	0	0
AT1G26796	0	0	0	0	0	0
AT1G26797	0	0	0	0	0	0
AT1G26798	0	0	0	0	0	0
AT1G26799	0	0	0	0	0	0
AT1G06027	0	0	0	0	0	0
AT1G06037	0	0	0	0	0	0
AT1G26973	0	0	0	0	0	0
AT1G26975	0	0	0	0	0	0
AT1G26976	0	0	0	0	0	0
AT1G26985	0	0	0	0	0	0
AT1G27045	0	0	0	0	0	0
AT1G27135	0	0	0	0	0	0
AT1G06047	0	0	0	0	0	0
AT1G06053	0	0	0	0	0	0
AT1G06057	0	0	0	0	0	0
AT1G27220	0	0	0	0	0	0
AT1G27250	0	0	0	0	0	0
AT1G27260	0	0	0	0	0	0
AT1G27270	0	0	0	0	0	0
AT1G06067	0	0	0	0	0	0
AT1G06063	0	0	0	0	0	0
AT1G27280	0	0	0	0	0	0
AT1G27490	0	0	0	0	0	0
AT1G27535	0	0	0	0	0	0
AT1G27550	0	0	0	0	0	0
AT1G27555	0	0	0	0	0	0
AT1G06093	0	0	0	0	0	0
AT1G27570	0	0	0	0	0	0
AT1G06103	0	0	0	0	0	0
AT1G27710	0	0	0	0	0	0
AT1G27870	0	0	0	0	0	0
AT1G28005	0	0	0	0	0	0
AT1G28160	0	0	0	0	0	0
AT1G06127	0	0	0	0	0	0
AT1G28265	0	0	0	0	0	0
AT1G06133	0	0	0	0	0	0
AT1G28270	0	0	0	0	0	0
AT1G28305	0	0	0	0	0	0
AT1G28306	0	0	0	0	0	0
AT1G28375	0	0	0	0	0	0
AT1G06153	0	0	0	0	0	0
AT1G06157	0	0	0	0	0	0
AT1G28450	0	0	0	0	0	0
AT1G28460	0	0	0	0	0	0
AT1G06163	0	0	0	0	0	0
AT1G28590	0	0	0	0	0	0
AT1G28695	0	0	0	0	0	0
AT1G28720	0	0	0	0	0	0
AT1G28800	0	0	0	0	0	0
AT1G06177	0	0	0	0	0	0
AT1G29005	0	0	0	0	0	0
AT1G29010	0	0	0	0	0	0
AT1G06187	0	0	0	0	0	0
AT1G29041	0	0	0	0	0	0
AT1G06213	0	0	0	0	0	0
AT1G29210	0	0	0	0	0	0
AT1G29355	0	0	0	0	0	0
AT1G06233	0	0	0	0	0	0
AT1G06237	0	0	0	0	0	0
AT1G06243	0	0	0	0	0	0
AT1G06247	0	0	0	0	0	0
AT1G06253	0	0	0	0	0	0
AT1G06257	0	0	0	0	0	0
AT1G29435	0	0	0	0	0	0
AT1G29480	0	0	0	0	0	0
AT1G29490	0	0	0	0	0	0
AT1G29540	0	0	0	0	0	0
AT1G29580	0	0	0	0	0	0
AT1G29620	0	0	0	0	0	0
AT1G29780	0	0	0	0	0	0
AT1G06297	0	0	0	0	0	0
AT1G06303	0	0	0	0	0	0
AT1G30282	0	0	0	0	0	0
AT1G06313	0	0	0	0	0	0
AT1G06317	0	0	0	0	0	0
AT1G30350	0	0	0	0	0	0
AT1G30430	0	0	0	0	0	0
AT1G06327	0	0	0	0	0	0
AT1G06333	0	0	0	0	0	0
AT1G06337	0	0	0	0	0	0
AT1G06347	0	0	0	0	0	0
AT1G30670	0	0	0	0	0	0
AT1G30710	0	0	0	0	0	0
AT1G30757	0	0	0	0	0	0
AT1G06353	0	0	0	0	0	0
AT1G06357	0	0	0	0	0	0
AT1G06363	0	0	0	0	0	0
AT1G30790	0	0	0	0	0	0
AT1G30795	0	0	0	0	0	0
AT1G30800	0	0	0	0	0	0
AT1G06373	0	0	0	0	0	0
AT1G30830	0	0	0	0	0	0
AT1G06377	0	0	0	0	0	0
AT1G30925	0	0	0	0	0	0
AT1G30930	0	0	0	0	0	0
AT1G06387	0	0	0	0	0	0
AT1G06393	0	0	0	0	0	0
AT1G06397	0	0	0	0	0	0
AT1G30972	0	0	0	0	0	0
AT1G30974	0	0	0	0	0	0
AT1G06403	0	0	0	0	0	0
AT1G31080	0	0	0	0	0	0
AT1G31090	0	0	0	0	0	0
AT1G31110	0	0	0	0	0	0
AT1G31163	0	0	0	0	0	0
AT1G06413	0	0	0	0	0	0
AT1G06417	0	0	0	0	0	0
AT1G06423	0	0	0	0	0	0
AT1G31255	0	0	0	0	0	0
AT1G06427	0	0	0	0	0	0
AT1G31260	0	0	0	0	0	0
AT1G06433	0	0	0	0	0	0
AT1G31358	0	0	0	0	0	0
AT1G31380	0	0	0	0	0	0
AT1G06437	0	0	0	0	0	0
AT1G31390	0	0	0	0	0	0
AT1G31450	0	0	0	0	0	0
AT1G31485	0	0	0	0	0	0
AT1G31510	0	0	0	0	0	0
AT1G31520	0	0	0	0	0	0
AT1G31530	0	0	0	0	0	0
AT1G31555	0	0	0	0	0	0
AT1G31630	0	0	0	0	0	0
AT1G31640	0	0	0	0	0	0
AT1G31670	0	0	0	0	0	0
AT1G31690	0	0	0	0	0	0
AT1G06453	0	0	0	0	0	0
AT1G06467	0	0	0	0	0	0
AT1G31920	0	0	0	0	0	0
AT1G31960	0	0	0	0	0	0
AT1G06493	0	0	0	0	0	0
AT1G06497	0	0	0	0	0	0
AT1G06507	0	0	0	0	0	0
AT1G06513	0	0	0	0	0	0
AT1G06517	0	0	0	0	0	0
AT1G06523	0	0	0	0	0	0
AT1G32000	0	0	0	0	0	0
AT1G32020	0	0	0	0	0	0
AT1G32140	0	0	0	0	0	0
AT1G32280	0	0	0	0	0	0
AT1G32337	0	0	0	0	0	0
AT1G06557	0	0	0	0	0	0
AT1G32420	0	0	0	0	0	0
AT1G32430	0	0	0	0	0	0
AT1G06587	0	0	0	0	0	0
AT1G06597	0	0	0	0	0	0
AT1G32585	0	0	0	0	0	0
AT1G32600	0	0	0	0	0	0
AT1G32620	0	0	0	0	0	0
AT1G32640	0	0	0	0	0	0
AT1G32650	0	0	0	0	0	0
AT1G32660	0	0	0	0	0	0
AT1G06613	0	0	0	0	0	0
AT1G32763	0	0	0	0	0	0
AT1G32770	0	0	0	0	0	0
AT1G06623	0	0	0	0	0	0
AT1G06633	0	0	0	0	0	0
AT1G06637	0	0	0	0	0	0
AT1G32975	0	0	0	0	0	0
AT1G32992	0	0	0	0	0	0
AT1G33010	0	0	0	0	0	0
AT1G33020	0	0	0	0	0	0
AT1G06643	0	0	0	0	0	0
AT1G06647	0	0	0	0	0	0
AT1G06653	0	0	0	0	0	0
AT1G06657	0	0	0	0	0	0
AT1G06663	0	0	0	0	0	0
AT1G33220	0	0	0	0	0	0
AT1G33355	0	0	0	0	0	0
AT1G33370	0	0	0	0	0	0
AT1G33420	0	0	0	0	0	0
AT1G33430	0	0	0	0	0	0
AT1G33530	0	0	0	0	0	0
AT1G06677	0	0	0	0	0	0
AT1G33607	0	0	0	0	0	0
AT1G06683	0	0	0	0	0	0
AT1G33640	0	0	0	0	0	0
AT1G33710	0	0	0	0	0	0
AT1G33720	0	0	0	0	0	0
AT1G33730	0	0	0	0	0	0
AT1G33820	0	0	0	0	0	0
AT1G33830	0	0	0	0	0	0
AT1G33850	0	0	0	0	0	0
AT1G33860	0	0	0	0	0	0
AT1G06713	0	0	0	0	0	0
AT1G33870	0	0	0	0	0	0
AT1G33880	0	0	0	0	0	0
AT1G33900	0	0	0	0	0	0
AT1G33910	0	0	0	0	0	0
AT1G33920	0	0	0	0	0	0
AT1G33940	0	0	0	0	0	0
AT1G33945	0	0	0	0	0	0
AT1G33960	0	0	0	0	0	0
AT1G34015	0	0	0	0	0	0
AT1G34049	0	0	0	0	0	0
AT1G34095	0	0	0	0	0	0
AT1G34170	0	0	0	0	0	0
AT1G34290	0	0	0	0	0	0
AT1G06747	0	0	0	0	0	0
AT1G34390	0	0	0	0	0	0
AT1G34400	0	0	0	0	0	0
AT1G34403	0	0	0	0	0	0
AT1G34410	0	0	0	0	0	0
AT1G34500	0	0	0	0	0	0
AT1G34520	0	0	0	0	0	0
AT1G06787	0	0	0	0	0	0
AT1G34670	0	0	0	0	0	0
AT1G34790	0	0	0	0	0	0
AT1G34792	0	0	0	0	0	0
AT1G06797	0	0	0	0	0	0
AT1G34795	0	0	0	0	0	0
AT1G34800	0	0	0	0	0	0
AT1G34805	0	0	0	0	0	0
AT1G34807	0	0	0	0	0	0
AT1G34810	0	0	0	0	0	0
AT1G34812	0	0	0	0	0	0
AT1G34815	0	0	0	0	0	0
AT1G34817	0	0	0	0	0	0
AT1G34820	0	0	0	0	0	0
AT1G34822	0	0	0	0	0	0
AT1G34825	0	0	0	0	0	0
AT1G34827	0	0	0	0	0	0
AT1G34830	0	0	0	0	0	0
AT1G34840	0	0	0	0	0	0
AT1G34850	0	0	0	0	0	0
AT1G34855	0	0	0	0	0	0
AT1G34860	0	0	0	0	0	0
AT1G34910	0	0	0	0	0	0
AT1G34930	0	0	0	0	0	0
AT1G35030	0	0	0	0	0	0
AT1G35035	0	0	0	0	0	0
AT1G35040	0	0	0	0	0	0
AT1G35150	0	0	0	0	0	0
AT1G35170	0	0	0	0	0	0
AT1G35181	0	0	0	0	0	0
AT1G06817	0	0	0	0	0	0
AT1G06823	0	0	0	0	0	0
AT1G35215	0	0	0	0	0	0
AT1G35240	0	0	0	0	0	0
AT1G35242	0	0	0	0	0	0
AT1G35250	0	0	0	0	0	0
AT1G06853	0	0	0	0	0	0
AT1G06863	0	0	0	0	0	0
AT1G06867	0	0	0	0	0	0
AT1G06873	0	0	0	0	0	0
AT1G06877	0	0	0	0	0	0
AT1G35353	0	0	0	0	0	0
AT1G35365	0	0	0	0	0	0
AT1G35375	0	0	0	0	0	0
AT1G35400	0	0	0	0	0	0
AT1G35410	0	0	0	0	0	0
AT1G35435	0	0	0	0	0	0
AT1G35440	0	0	0	0	0	0
AT1G06897	0	0	0	0	0	0
AT1G35467	0	0	0	0	0	0
AT1G06903	0	0	0	0	0	0
AT1G35490	0	0	0	0	0	0
AT1G35520	0	0	0	0	0	0
AT1G35537	0	0	0	0	0	0
AT1G06907	0	0	0	0	0	0
AT1G35545	0	0	0	0	0	0
AT1G35550	0	0	0	0	0	0
AT1G35617	0	0	0	0	0	0
AT1G06913	0	0	0	0	0	0
AT1G35630	0	0	0	0	0	0
AT1G06927	0	0	0	0	0	0
AT1G35820	0	0	0	0	0	0
AT1G06933	0	0	0	0	0	0
AT1G06937	0	0	0	0	0	0
AT1G35850	0	0	0	0	0	0
AT1G35860	0	0	0	0	0	0
AT1G35890	0	0	0	0	0	0
AT1G35895	0	0	0	0	0	0
AT1G36000	0	0	0	0	0	0
AT1G36005	0	0	0	0	0	0
AT1G36020	0	0	0	0	0	0
AT1G36030	0	0	0	0	0	0
AT1G06957	0	0	0	0	0	0
AT1G36085	0	0	0	0	0	0
AT1G36095	0	0	0	0	0	0
AT1G36100	0	0	0	0	0	0
AT1G36150	0	0	0	0	0	0
AT1G36230	0	0	0	0	0	0
AT1G06967	0	0	0	0	0	0
AT1G06973	0	0	0	0	0	0
AT1G36325	0	0	0	0	0	0
AT1G36350	0	0	0	0	0	0
AT1G36510	0	0	0	0	0	0
AT1G36623	0	0	0	0	0	0
AT1G36627	0	0	0	0	0	0
AT1G06987	0	0	0	0	0	0
AT1G36675	0	0	0	0	0	0
AT1G06993	0	0	0	0	0	0
AT1G36745	0	0	0	0	0	0
AT1G36756	0	0	0	0	0	0
AT1G36942	0	0	0	0	0	0
AT1G36950	0	0	0	0	0	0
AT1G36960	0	0	0	0	0	0
AT1G36970	0	0	0	0	0	0
AT1G36992	0	0	0	0	0	0
AT1G37010	0	0	0	0	0	0
AT1G07003	0	0	0	0	0	0
AT1G37020	0	0	0	0	0	0
AT1G37113	0	0	0	0	0	0
AT1G07017	0	0	0	0	0	0
AT1G38790	0	0	0	0	0	0
AT1G39060	0	0	0	0	0	0
AT1G39070	0	0	0	0	0	0
AT1G40083	0	0	0	0	0	0
AT1G40086	0	0	0	0	0	0
AT1G40090	0	0	0	0	0	0
AT1G40104	0	0	0	0	0	0
AT1G40129	0	0	0	0	0	0
AT1G40390	0	0	0	0	0	0
AT1G41820	0	0	0	0	0	0
AT1G41920	0	0	0	0	0	0
AT1G42080	0	0	0	0	0	0
AT1G42190	0	0	0	0	0	0
AT1G07117	0	0	0	0	0	0
AT1G07123	0	0	0	0	0	0
AT1G07127	0	0	0	0	0	0
AT1G07133	0	0	0	0	0	0
AT1G42525	0	0	0	0	0	0
AT1G42615	0	0	0	0	0	0
AT1G42700	0	0	0	0	0	0
AT1G42710	0	0	0	0	0	0
AT1G07137	0	0	0	0	0	0
AT1G43005	0	0	0	0	0	0
AT1G43010	0	0	0	0	0	0
AT1G43080	0	0	0	0	0	0
AT1G43090	0	0	0	0	0	0
AT1G43100	0	0	0	0	0	0
AT1G07147	0	0	0	0	0	0
AT1G43145	0	0	0	0	0	0
AT1G43171	0	0	0	0	0	0
AT1G43320	0	0	0	0	0	0
AT1G43330	0	0	0	0	0	0
AT1G43415	0	0	0	0	0	0
AT1G07157	0	0	0	0	0	0
AT1G07163	0	0	0	0	0	0
AT1G07173	0	0	0	0	0	0
AT1G07177	0	0	0	0	0	0
AT1G43610	0	0	0	0	0	0
AT1G43630	0	0	0	0	0	0
AT1G43665	0	0	0	0	0	0
AT1G43666	0	0	0	0	0	0
AT1G43667	0	0	0	0	0	0
AT1G43720	0	0	0	0	0	0
AT1G43722	0	0	0	0	0	0
AT1G43730	0	0	0	0	0	0
AT1G43760	0	0	0	0	0	0
AT1G07197	0	0	0	0	0	0
AT1G43810	0	0	0	0	0	0
AT1G43815	0	0	0	0	0	0
AT1G43820	0	0	0	0	0	0
AT1G43825	0	0	0	0	0	0
AT1G07233	0	0	0	0	0	0
AT1G43950	0	0	0	0	0	0
AT1G43970	0	0	0	0	0	0
AT1G44010	0	0	0	0	0	0
AT1G07237	0	0	0	0	0	0
AT1G07247	0	0	0	0	0	0
AT1G07253	0	0	0	0	0	0
AT1G07257	0	0	0	0	0	0
AT1G07263	0	0	0	0	0	0
AT1G44224	0	0	0	0	0	0
AT1G44478	0	0	0	0	0	0
AT1G07273	0	0	0	0	0	0
AT1G07277	0	0	0	0	0	0
AT1G44980	0	0	0	0	0	0
AT1G45165	0	0	0	0	0	0
AT1G07297	0	0	0	0	0	0
AT1G07303	0	0	0	0	0	0
AT1G45191	0	0	0	0	0	0
AT1G45215	0	0	0	0	0	0
AT1G45221	0	0	0	0	0	0
AT1G45223	0	0	0	0	0	0
AT1G45403	0	0	0	0	0	0
AT1G46336	0	0	0	0	0	0
AT1G46408	0	0	0	0	0	0
AT1G46912	0	0	0	0	0	0
AT1G47220	0	0	0	0	0	0
AT1G07343	0	0	0	0	0	0
AT1G47317	0	0	0	0	0	0
AT1G07353	0	0	0	0	0	0
AT1G47350	0	0	0	0	0	0
AT1G47390	0	0	0	0	0	0
AT1G07357	0	0	0	0	0	0
AT1G47450	0	0	0	0	0	0
AT1G47470	0	0	0	0	0	0
AT1G47497	0	0	0	0	0	0
AT1G07397	0	0	0	0	0	0
AT1G47680	0	0	0	0	0	0
AT1G47690	0	0	0	0	0	0
AT1G47695	0	0	0	0	0	0
AT1G47700	0	0	0	0	0	0
AT1G47730	0	0	0	0	0	0
AT1G47765	0	0	0	0	0	0
AT1G07433	0	0	0	0	0	0
AT1G47786	0	0	0	0	0	0
AT1G47790	0	0	0	0	0	0
AT1G47800	0	0	0	0	0	0
AT1G47810	0	0	0	0	0	0
AT1G07447	0	0	0	0	0	0
AT1G47885	0	0	0	0	0	0
AT1G47940	0	0	0	0	0	0
AT1G07463	0	0	0	0	0	0
AT1G48010	0	0	0	0	0	0
AT1G07467	0	0	0	0	0	0
AT1G48190	0	0	0	0	0	0
AT1G48320	0	0	0	0	0	0
AT1G48325	0	0	0	0	0	0
AT1G48355	0	0	0	0	0	0
AT1G07487	0	0	0	0	0	0
AT1G48590	0	0	0	0	0	0
AT1G07497	0	0	0	0	0	0
AT1G48690	0	0	0	0	0	0
AT1G48698	0	0	0	0	0	0
AT1G48700	0	0	0	0	0	0
AT1G48725	0	0	0	0	0	0
AT1G48730	0	0	0	0	0	0
AT1G48742	0	0	0	0	0	0
AT1G07503	0	0	0	0	0	0
AT1G48750	0	0	0	0	0	0
AT1G07507	0	0	0	0	0	0
AT1G48912	0	0	0	0	0	0
AT1G07513	0	0	0	0	0	0
AT1G48980	0	0	0	0	0	0
AT1G07523	0	0	0	0	0	0
AT1G07527	0	0	0	0	0	0
AT1G49020	0	0	0	0	0	0
AT1G49150	0	0	0	0	0	0
AT1G07533	0	0	0	0	0	0
AT1G49190	0	0	0	0	0	0
AT1G07537	0	0	0	0	0	0
AT1G49260	0	0	0	0	0	0
AT1G49270	0	0	0	0	0	0
AT1G49280	0	0	0	0	0	0
AT1G49290	0	0	0	0	0	0
AT1G07553	0	0	0	0	0	0
AT1G07557	0	0	0	0	0	0
AT1G49420	0	0	0	0	0	0
AT1G49435	0	0	0	0	0	0
AT1G07563	0	0	0	0	0	0
AT1G07567	0	0	0	0	0	0
AT1G49570	0	0	0	0	0	0
AT1G07573	0	0	0	0	0	0
AT1G49690	0	0	0	0	0	0
AT1G49715	0	0	0	0	0	0
AT1G07583	0	0	0	0	0	0
AT1G07597	0	0	0	0	0	0
AT1G49800	0	0	0	0	0	0
AT1G49810	0	0	0	0	0	0
AT1G49860	0	0	0	0	0	0
AT1G07613	0	0	0	0	0	0
AT1G50070	0	0	0	0	0	0
AT1G50080	0	0	0	0	0	0
AT1G50100	0	0	0	0	0	0
AT1G50160	0	0	0	0	0	0
AT1G50220	0	0	0	0	0	0
AT1G07623	0	0	0	0	0	0
AT1G07627	0	0	0	0	0	0
AT1G50340	0	0	0	0	0	0
AT1G07647	0	0	0	0	0	0
AT1G50650	0	0	0	0	0	0
AT1G50680	0	0	0	0	0	0
AT1G07667	0	0	0	0	0	0
AT1G50720	0	0	0	0	0	0
AT1G07673	0	0	0	0	0	0
AT1G50870	0	0	0	0	0	0
AT1G50880	0	0	0	0	0	0
AT1G07707	0	0	0	0	0	0
AT1G50960	0	0	0	0	0	0
AT1G50980	0	0	0	0	0	0
AT1G50990	0	0	0	0	0	0
AT1G51000	0	0	0	0	0	0
AT1G51020	0	0	0	0	0	0
AT1G51040	0	0	0	0	0	0
AT1G07717	0	0	0	0	0	0
AT1G07723	0	0	0	0	0	0
AT1G51172	0	0	0	0	0	0
AT1G51230	0	0	0	0	0	0
AT1G51240	0	0	0	0	0	0
AT1G51250	0	0	0	0	0	0
AT1G51290	0	0	0	0	0	0
AT1G51300	0	0	0	0	0	0
AT1G51320	0	0	0	0	0	0
AT1G07727	0	0	0	0	0	0
AT1G51330	0	0	0	0	0	0
AT1G07733	0	0	0	0	0	0
AT1G07737	0	0	0	0	0	0
AT1G51490	0	0	0	0	0	0
AT1G07753	0	0	0	0	0	0
AT1G51640	0	0	0	0	0	0
AT1G51810	0	0	0	0	0	0
AT1G07767	0	0	0	0	0	0
AT1G51823	0	0	0	0	0	0
AT1G51900	0	0	0	0	0	0
AT1G51930	0	0	0	0	0	0
AT1G07773	0	0	0	0	0	0
AT1G51970	0	0	0	0	0	0
AT1G52040	0	0	0	0	0	0
AT1G07777	0	0	0	0	0	0
AT1G52120	0	0	0	0	0	0
AT1G52130	0	0	0	0	0	0
AT1G52170	0	0	0	0	0	0
AT1G07787	0	0	0	0	0	0
AT1G52185	0	0	0	0	0	0
AT1G07793	0	0	0	0	0	0
AT1G52191	0	0	0	0	0	0
AT1G07803	0	0	0	0	0	0
AT1G52350	0	0	0	0	0	0
AT1G52415	0	0	0	0	0	0
AT1G52440	0	0	0	0	0	0
AT1G52460	0	0	0	0	0	0
AT1G52470	0	0	0	0	0	0
AT1G52490	0	0	0	0	0	0
AT1G07807	0	0	0	0	0	0
AT1G07813	0	0	0	0	0	0
AT1G07823	0	0	0	0	0	0
AT1G52603	0	0	0	0	0	0
AT1G07827	0	0	0	0	0	0
AT1G07833	0	0	0	0	0	0
AT1G52810	0	0	0	0	0	0
AT1G07843	0	0	0	0	0	0
AT1G52900	0	0	0	0	0	0
AT1G07847	0	0	0	0	0	0
AT1G52940	0	0	0	0	0	0
AT1G53010	0	0	0	0	0	0
AT1G07853	0	0	0	0	0	0
AT1G07857	0	0	0	0	0	0
AT1G07863	0	0	0	0	0	0
AT1G07867	0	0	0	0	0	0
AT1G07873	0	0	0	0	0	0
AT1G53265	0	0	0	0	0	0
AT1G53282	0	0	0	0	0	0
AT1G53285	0	0	0	0	0	0
AT1G53325	0	0	0	0	0	0
AT1G53360	0	0	0	0	0	0
AT1G53366	0	0	0	0	0	0
AT1G53370	0	0	0	0	0	0
AT1G07883	0	0	0	0	0	0
AT1G07887	0	0	0	0	0	0
AT1G07893	0	0	0	0	0	0
AT1G53541	0	0	0	0	0	0
AT1G07903	0	0	0	0	0	0
AT1G53550	0	0	0	0	0	0
AT1G07913	0	0	0	0	0	0
AT1G07917	0	0	0	0	0	0
AT1G53620	0	0	0	0	0	0
AT1G07923	0	0	0	0	0	0
AT1G07927	0	0	0	0	0	0
AT1G53683	0	0	0	0	0	0
AT1G53687	0	0	0	0	0	0
AT1G53705	0	0	0	0	0	0
AT1G53708	0	0	0	0	0	0
AT1G07933	0	0	0	0	0	0
AT1G53801	0	0	0	0	0	0
AT1G53820	0	0	0	0	0	0
AT1G53870	0	0	0	0	0	0
AT1G53875	0	0	0	0	0	0
AT1G53890	0	0	0	0	0	0
AT1G53903	0	0	0	0	0	0
AT1G53935	0	0	0	0	0	0
AT1G53980	0	0	0	0	0	0
AT1G54040	0	0	0	0	0	0
AT1G07943	0	0	0	0	0	0
AT1G07947	0	0	0	0	0	0
AT1G54230	0	0	0	0	0	0
AT1G07973	0	0	0	0	0	0
AT1G54445	0	0	0	0	0	0
AT1G54470	0	0	0	0	0	0
AT1G54475	0	0	0	0	0	0
AT1G54550	0	0	0	0	0	0
AT1G54620	0	0	0	0	0	0
AT1G54640	0	0	0	0	0	0
AT1G07977	0	0	0	0	0	0
AT1G07983	0	0	0	0	0	0
AT1G54700	0	0	0	0	0	0
AT1G07987	0	0	0	0	0	0
AT1G54720	0	0	0	0	0	0
AT1G54775	0	0	0	0	0	0
AT1G07997	0	0	0	0	0	0
AT1G08003	0	0	0	0	0	0
AT1G08007	0	0	0	0	0	0
AT1G54950	0	0	0	0	0	0
AT1G08013	0	0	0	0	0	0
AT1G54953	0	0	0	0	0	0
AT1G08017	0	0	0	0	0	0
AT1G08023	0	0	0	0	0	0
AT1G54980	0	0	0	0	0	0
AT1G55152	0	0	0	0	0	0
AT1G08037	0	0	0	0	0	0
AT1G55220	0	0	0	0	0	0
AT1G08053	0	0	0	0	0	0
AT1G55335	0	0	0	0	0	0
AT1G55546	0	0	0	0	0	0
AT1G55570	0	0	0	0	0	0
AT1G55625	0	0	0	0	0	0
AT1G08063	0	0	0	0	0	0
AT1G55673	0	0	0	0	0	0
AT1G08073	0	0	0	0	0	0
AT1G55928	0	0	0	0	0	0
AT1G55940	0	0	0	0	0	0
AT1G55945	0	0	0	0	0	0
AT1G55947	0	0	0	0	0	0
AT1G08077	0	0	0	0	0	0
AT1G08087	0	0	0	0	0	0
AT1G56030	0	0	0	0	0	0
AT1G56040	0	0	0	0	0	0
AT1G56105	0	0	0	0	0	0
AT1G56170	0	0	0	0	0	0
AT1G08093	0	0	0	0	0	0
AT1G08107	0	0	0	0	0	0
AT1G56242	0	0	0	0	0	0
AT1G08127	0	0	0	0	0	0
AT1G56270	0	0	0	0	0	0
AT1G56360	0	0	0	0	0	0
AT1G56380	0	0	0	0	0	0
AT1G56385	0	0	0	0	0	0
AT1G56400	0	0	0	0	0	0
AT1G56415	0	0	0	0	0	0
AT1G56418	0	0	0	0	0	0
AT1G56530	0	0	0	0	0	0
AT1G56553	0	0	0	0	0	0
AT1G56580	0	0	0	0	0	0
AT1G56620	0	0	0	0	0	0
AT1G08133	0	0	0	0	0	0
AT1G08137	0	0	0	0	0	0
AT1G56730	0	0	0	0	0	0
AT1G56740	0	0	0	0	0	0
AT1G56750	0	0	0	0	0	0
AT1G56760	0	0	0	0	0	0
AT1G56770	0	0	0	0	0	0
AT1G56780	0	0	0	0	0	0
AT1G56790	0	0	0	0	0	0
AT1G56800	0	0	0	0	0	0
AT1G56810	0	0	0	0	0	0
AT1G56820	0	0	0	0	0	0
AT1G56830	0	0	0	0	0	0
AT1G56840	0	0	0	0	0	0
AT1G56850	0	0	0	0	0	0
AT1G56860	0	0	0	0	0	0
AT1G56870	0	0	0	0	0	0
AT1G56880	0	0	0	0	0	0
AT1G56890	0	0	0	0	0	0
AT1G56900	0	0	0	0	0	0
AT1G56910	0	0	0	0	0	0
AT1G56920	0	0	0	0	0	0
AT1G56930	0	0	0	0	0	0
AT1G56940	0	0	0	0	0	0
AT1G56950	0	0	0	0	0	0
AT1G56960	0	0	0	0	0	0
AT1G56970	0	0	0	0	0	0
AT1G56980	0	0	0	0	0	0
AT1G56990	0	0	0	0	0	0
AT1G57000	0	0	0	0	0	0
AT1G57010	0	0	0	0	0	0
AT1G57020	0	0	0	0	0	0
AT1G57030	0	0	0	0	0	0
AT1G57040	0	0	0	0	0	0
AT1G57050	0	0	0	0	0	0
AT1G57060	0	0	0	0	0	0
AT1G57070	0	0	0	0	0	0
AT1G57080	0	0	0	0	0	0
AT1G57090	0	0	0	0	0	0
AT1G57100	0	0	0	0	0	0
AT1G57110	0	0	0	0	0	0
AT1G57120	0	0	0	0	0	0
AT1G57130	0	0	0	0	0	0
AT1G57140	0	0	0	0	0	0
AT1G57150	0	0	0	0	0	0
AT1G57160	0	0	0	0	0	0
AT1G57170	0	0	0	0	0	0
AT1G57180	0	0	0	0	0	0
AT1G57190	0	0	0	0	0	0
AT1G57200	0	0	0	0	0	0
AT1G57210	0	0	0	0	0	0
AT1G57220	0	0	0	0	0	0
AT1G57230	0	0	0	0	0	0
AT1G57240	0	0	0	0	0	0
AT1G57250	0	0	0	0	0	0
AT1G57260	0	0	0	0	0	0
AT1G57270	0	0	0	0	0	0
AT1G57280	0	0	0	0	0	0
AT1G57290	0	0	0	0	0	0
AT1G57300	0	0	0	0	0	0
AT1G57310	0	0	0	0	0	0
AT1G57320	0	0	0	0	0	0
AT1G57330	0	0	0	0	0	0
AT1G57340	0	0	0	0	0	0
AT1G57350	0	0	0	0	0	0
AT1G57360	0	0	0	0	0	0
AT1G57370	0	0	0	0	0	0
AT1G57380	0	0	0	0	0	0
AT1G57390	0	0	0	0	0	0
AT1G57400	0	0	0	0	0	0
AT1G57410	0	0	0	0	0	0
AT1G57420	0	0	0	0	0	0
AT1G57430	0	0	0	0	0	0
AT1G57440	0	0	0	0	0	0
AT1G57450	0	0	0	0	0	0
AT1G57460	0	0	0	0	0	0
AT1G57470	0	0	0	0	0	0
AT1G57480	0	0	0	0	0	0
AT1G57490	0	0	0	0	0	0
AT1G57500	0	0	0	0	0	0
AT1G57510	0	0	0	0	0	0
AT1G57520	0	0	0	0	0	0
AT1G57530	0	0	0	0	0	0
AT1G08153	0	0	0	0	0	0
AT1G57565	0	0	0	0	0	0
AT1G57580	0	0	0	0	0	0
AT1G57613	0	0	0	0	0	0
AT1G08157	0	0	0	0	0	0
AT1G08163	0	0	0	0	0	0
AT1G57690	0	0	0	0	0	0
AT1G57760	0	0	0	0	0	0
AT1G57775	0	0	0	0	0	0
AT1G57777	0	0	0	0	0	0
AT1G57780	0	0	0	0	0	0
AT1G08183	0	0	0	0	0	0
AT1G57906	0	0	0	0	0	0
AT1G08193	0	0	0	0	0	0
AT1G58223	0	0	0	0	0	0
AT1G58225	0	0	0	0	0	0
AT1G58242	0	0	0	0	0	0
AT1G58245	0	0	0	0	0	0
AT1G58248	0	0	0	0	0	0
AT1G58260	0	0	0	0	0	0
AT1G58265	0	0	0	0	0	0
AT1G08227	0	0	0	0	0	0
AT1G08223	0	0	0	0	0	0
AT1G58320	0	0	0	0	0	0
AT1G58390	0	0	0	0	0	0
AT1G08247	0	0	0	0	0	0
AT1G58430	0	0	0	0	0	0
AT1G58450	0	0	0	0	0	0
AT1G58460	0	0	0	0	0	0
AT1G58525	0	0	0	0	0	0
AT1G58643	0	0	0	0	0	0
AT1G58725	0	0	0	0	0	0
AT1G58766	0	0	0	0	0	0
AT1G58808	0	0	0	0	0	0
AT1G59030	0	0	0	0	0	0
AT1G59077	0	0	0	0	0	0
AT1G59312	0	0	0	0	0	0
AT1G59406	0	0	0	0	0	0
AT1G59453	0	0	0	0	0	0
AT1G59460	0	0	0	0	0	0
AT1G59470	0	0	0	0	0	0
AT1G59500	0	0	0	0	0	0
AT1G08253	0	0	0	0	0	0
AT1G59570	0	0	0	0	0	0
AT1G59675	0	0	0	0	0	0
AT1G59680	0	0	0	0	0	0
AT1G59690	0	0	0	0	0	0
AT1G59722	0	0	0	0	0	0
AT1G59723	0	0	0	0	0	0
AT1G59724	0	0	0	0	0	0
AT1G59790	0	0	0	0	0	0
AT1G59800	0	0	0	0	0	0
AT1G08263	0	0	0	0	0	0
AT1G59833	0	0	0	0	0	0
AT1G59835	0	0	0	0	0	0
AT1G59880	0	0	0	0	0	0
AT1G59920	0	0	0	0	0	0
AT1G08277	0	0	0	0	0	0
AT1G08287	0	0	0	0	0	0
AT1G60025	0	0	0	0	0	0
AT1G60040	0	0	0	0	0	0
AT1G08297	0	0	0	0	0	0
AT1G60072	0	0	0	0	0	0
AT1G60073	0	0	0	0	0	0
AT1G08303	0	0	0	0	0	0
AT1G08307	0	0	0	0	0	0
AT1G60240	0	0	0	0	0	0
AT1G60250	0	0	0	0	0	0
AT1G60280	0	0	0	0	0	0
AT1G60300	0	0	0	0	0	0
AT1G60320	0	0	0	0	0	0
AT1G60340	0	0	0	0	0	0
AT1G08313	0	0	0	0	0	0
AT1G60370	0	0	0	0	0	0
AT1G08317	0	0	0	0	0	0
AT1G08323	0	0	0	0	0	0
AT1G60500	0	0	0	0	0	0
AT1G60530	0	0	0	0	0	0
AT1G60580	0	0	0	0	0	0
AT1G60625	0	0	0	0	0	0
AT1G08337	0	0	0	0	0	0
AT1G08343	0	0	0	0	0	0
AT1G60815	0	0	0	0	0	0
AT1G08347	0	0	0	0	0	0
AT1G60820	0	0	0	0	0	0
AT1G60910	0	0	0	0	0	0
AT1G60913	0	0	0	0	0	0
AT1G61020	0	0	0	0	0	0
AT1G61060	0	0	0	0	0	0
AT1G61070	0	0	0	0	0	0
AT1G61090	0	0	0	0	0	0
AT1G61093	0	0	0	0	0	0
AT1G61095	0	0	0	0	0	0
AT1G61105	0	0	0	0	0	0
AT1G08357	0	0	0	0	0	0
AT1G61120	0	0	0	0	0	0
AT1G61130	0	0	0	0	0	0
AT1G61160	0	0	0	0	0	0
AT1G61165	0	0	0	0	0	0
AT1G08363	0	0	0	0	0	0
AT1G08367	0	0	0	0	0	0
AT1G08377	0	0	0	0	0	0
AT1G08387	0	0	0	0	0	0
AT1G61475	0	0	0	0	0	0
AT1G61540	0	0	0	0	0	0
AT1G61562	0	0	0	0	0	0
AT1G61565	0	0	0	0	0	0
AT1G08397	0	0	0	0	0	0
AT1G08403	0	0	0	0	0	0
AT1G08413	0	0	0	0	0	0
AT1G61688	0	0	0	0	0	0
AT1G61732	0	0	0	0	0	0
AT1G61750	0	0	0	0	0	0
AT1G08437	0	0	0	0	0	0
AT1G61880	0	0	0	0	0	0
AT1G61910	0	0	0	0	0	0
AT1G61940	0	0	0	0	0	0
AT1G62060	0	0	0	0	0	0
AT1G62070	0	0	0	0	0	0
AT1G08463	0	0	0	0	0	0
AT1G62160	0	0	0	0	0	0
AT1G08477	0	0	0	0	0	0
AT1G62190	0	0	0	0	0	0
AT1G62210	0	0	0	0	0	0
AT1G08483	0	0	0	0	0	0
AT1G62240	0	0	0	0	0	0
AT1G08487	0	0	0	0	0	0
AT1G62270	0	0	0	0	0	0
AT1G08493	0	0	0	0	0	0
AT1G62280	0	0	0	0	0	0
AT1G08497	0	0	0	0	0	0
AT1G08503	0	0	0	0	0	0
AT1G08513	0	0	0	0	0	0
AT1G08517	0	0	0	0	0	0
AT1G08523	0	0	0	0	0	0
AT1G08533	0	0	0	0	0	0
AT1G08537	0	0	0	0	0	0
AT1G08547	0	0	0	0	0	0
AT1G62630	0	0	0	0	0	0
AT1G08557	0	0	0	0	0	0
AT1G62886	0	0	0	0	0	0
AT1G62895	0	0	0	0	0	0
AT1G62940	0	0	0	0	0	0
AT1G08583	0	0	0	0	0	0
AT1G62978	0	0	0	0	0	0
AT1G63005	0	0	0	0	0	0
AT1G08587	0	0	0	0	0	0
AT1G63055	0	0	0	0	0	0
AT1G63057	0	0	0	0	0	0
AT1G63060	0	0	0	0	0	0
AT1G63105	0	0	0	0	0	0
AT1G08597	0	0	0	0	0	0
AT1G63205	0	0	0	0	0	0
AT1G08607	0	0	0	0	0	0
AT1G08613	0	0	0	0	0	0
AT1G63510	0	0	0	0	0	0
AT1G63535	0	0	0	0	0	0
AT1G63590	0	0	0	0	0	0
AT1G63615	0	0	0	0	0	0
AT1G63710	0	0	0	0	0	0
AT1G08623	0	0	0	0	0	0
AT1G63790	0	0	0	0	0	0
AT1G63950	0	0	0	0	0	0
AT1G64000	0	0	0	0	0	0
AT1G08653	0	0	0	0	0	0
AT1G64160	0	0	0	0	0	0
AT1G08657	0	0	0	0	0	0
AT1G64235	0	0	0	0	0	0
AT1G08663	0	0	0	0	0	0
AT1G08667	0	0	0	0	0	0
AT1G64290	0	0	0	0	0	0
AT1G64295	0	0	0	0	0	0
AT1G64360	0	0	0	0	0	0
AT1G08673	0	0	0	0	0	0
AT1G64420	0	0	0	0	0	0
AT1G64455	0	0	0	0	0	0
AT1G08677	0	0	0	0	0	0
AT1G08683	0	0	0	0	0	0
AT1G08703	0	0	0	0	0	0
AT1G08707	0	0	0	0	0	0
AT1G08713	0	0	0	0	0	0
AT1G08717	0	0	0	0	0	0
AT1G08723	0	0	0	0	0	0
AT1G64633	0	0	0	0	0	0
AT1G08727	0	0	0	0	0	0
AT1G64830	0	0	0	0	0	0
AT1G64870	0	0	0	0	0	0
AT1G65113	0	0	0	0	0	0
AT1G08737	0	0	0	0	0	0
AT1G65160	0	0	0	0	0	0
AT1G65170	0	0	0	0	0	0
AT1G65210	0	0	0	0	0	0
AT1G65349	0	0	0	0	0	0
AT1G65352	0	0	0	0	0	0
AT1G65360	0	0	0	0	0	0
AT1G08753	0	0	0	0	0	0
AT1G65483	0	0	0	0	0	0
AT1G08763	0	0	0	0	0	0
AT1G65541	0	0	0	0	0	0
AT1G65570	0	0	0	0	0	0
AT1G65640	0	0	0	0	0	0
AT1G65670	0	0	0	0	0	0
AT1G65680	0	0	0	0	0	0
AT1G65681	0	0	0	0	0	0
AT1G65735	0	0	0	0	0	0
AT1G08773	0	0	0	0	0	0
AT1G65740	0	0	0	0	0	0
AT1G65760	0	0	0	0	0	0
AT1G65770	0	0	0	0	0	0
AT1G08777	0	0	0	0	0	0
AT1G65830	0	0	0	0	0	0
AT1G65870	0	0	0	0	0	0
AT1G65890	0	0	0	0	0	0
AT1G08783	0	0	0	0	0	0
AT1G08787	0	0	0	0	0	0
AT1G08793	0	0	0	0	0	0
AT1G08797	0	0	0	0	0	0
AT1G08803	0	0	0	0	0	0
AT1G65990	0	0	0	0	0	0
AT1G08807	0	0	0	0	0	0
AT1G66045	0	0	0	0	0	0
AT1G08813	0	0	0	0	0	0
AT1G66100	0	0	0	0	0	0
AT1G66120	0	0	0	0	0	0
AT1G66210	0	0	0	0	0	0
AT1G66220	0	0	0	0	0	0
AT1G08817	0	0	0	0	0	0
AT1G66245	0	0	0	0	0	0
AT1G08823	0	0	0	0	0	0
AT1G08827	0	0	0	0	0	0
AT1G66310	0	0	0	0	0	0
AT1G08843	0	0	0	0	0	0
AT1G66380	0	0	0	0	0	0
AT1G66490	0	0	0	0	0	0
AT1G66550	0	0	0	0	0	0
AT1G66560	0	0	0	0	0	0
AT1G66630	0	0	0	0	0	0
AT1G66820	0	0	0	0	0	0
AT1G66852	0	0	0	0	0	0
AT1G66855	0	0	0	0	0	0
AT1G66860	0	0	0	0	0	0
AT1G66870	0	0	0	0	0	0
AT1G08853	0	0	0	0	0	0
AT1G08863	0	0	0	0	0	0
AT1G08867	0	0	0	0	0	0
AT1G66960	0	0	0	0	0	0
AT1G67000	0	0	0	0	0	0
AT1G08877	0	0	0	0	0	0
AT1G08883	0	0	0	0	0	0
AT1G08887	0	0	0	0	0	0
AT1G08893	0	0	0	0	0	0
AT1G08897	0	0	0	0	0	0
AT1G67130	0	0	0	0	0	0
AT1G08907	0	0	0	0	0	0
AT1G67235	0	0	0	0	0	0
AT1G67260	0	0	0	0	0	0
AT1G08923	0	0	0	0	0	0
AT1G67330	0	0	0	0	0	0
AT1G08927	0	0	0	0	0	0
AT1G08933	0	0	0	0	0	0
AT1G67450	0	0	0	0	0	0
AT1G08947	0	0	0	0	0	0
AT1G67635	0	0	0	0	0	0
AT1G08953	0	0	0	0	0	0
AT1G67790	0	0	0	0	0	0
AT1G08963	0	0	0	0	0	0
AT1G68040	0	0	0	0	0	0
AT1G68210	0	0	0	0	0	0
AT1G68270	0	0	0	0	0	0
AT1G68280	0	0	0	0	0	0
AT1G08973	0	0	0	0	0	0
AT1G68325	0	0	0	0	0	0
AT1G08977	0	0	0	0	0	0
AT1G08983	0	0	0	0	0	0
AT1G08993	0	0	0	0	0	0
AT1G68610	0	0	0	0	0	0
AT1G09003	0	0	0	0	0	0
AT1G68750	0	0	0	0	0	0
AT1G68770	0	0	0	0	0	0
AT1G09013	0	0	0	0	0	0
AT1G68845	0	0	0	0	0	0
AT1G68850	0	0	0	0	0	0
AT1G68860	0	0	0	0	0	0
AT1G68875	0	0	0	0	0	0
AT1G09017	0	0	0	0	0	0
AT1G68940	0	0	0	0	0	0
AT1G68935	0	0	0	0	0	0
AT1G68937	0	0	0	0	0	0
AT1G09027	0	0	0	0	0	0
AT1G69090	0	0	0	0	0	0
AT1G69100	0	0	0	0	0	0
AT1G69120	0	0	0	0	0	0
AT1G69180	0	0	0	0	0	0
AT1G09053	0	0	0	0	0	0
AT1G69300	0	0	0	0	0	0
AT1G69500	0	0	0	0	0	0
AT1G09067	0	0	0	0	0	0
AT1G69560	0	0	0	0	0	0
AT1G69572	0	0	0	0	0	0
AT1G09073	0	0	0	0	0	0
AT1G09077	0	0	0	0	0	0
AT1G09097	0	0	0	0	0	0
AT1G09103	0	0	0	0	0	0
AT1G69792	0	0	0	0	0	0
AT1G09113	0	0	0	0	0	0
AT1G69795	0	0	0	0	0	0
AT1G09117	0	0	0	0	0	0
AT1G69818	0	0	0	0	0	0
AT1G69820	0	0	0	0	0	0
AT1G69825	0	0	0	0	0	0
AT1G09123	0	0	0	0	0	0
AT1G69860	0	0	0	0	0	0
AT1G70050	0	0	0	0	0	0
AT1G70175	0	0	0	0	0	0
AT1G09143	0	0	0	0	0	0
AT1G70209	0	0	0	0	0	0
AT1G09147	0	0	0	0	0	0
AT1G70335	0	0	0	0	0	0
AT1G09167	0	0	0	0	0	0
AT1G09173	0	0	0	0	0	0
AT1G09177	0	0	0	0	0	0
AT1G09183	0	0	0	0	0	0
AT1G70475	0	0	0	0	0	0
AT1G09187	0	0	0	0	0	0
AT1G70540	0	0	0	0	0	0
AT1G70870	0	0	0	0	0	0
AT1G70944	0	0	0	0	0	0
AT1G70949	0	0	0	0	0	0
AT1G70960	0	0	0	0	0	0
AT1G70970	0	0	0	0	0	0
AT1G09227	0	0	0	0	0	0
AT1G09233	0	0	0	0	0	0
AT1G71320	0	0	0	0	0	0
AT1G09237	0	0	0	0	0	0
AT1G09243	0	0	0	0	0	0
AT1G09247	0	0	0	0	0	0
AT1G09253	0	0	0	0	0	0
AT1G09257	0	0	0	0	0	0
AT1G71530	0	0	0	0	0	0
AT1G71680	0	0	0	0	0	0
AT1G71692	0	0	0	0	0	0
AT1G71700	0	0	0	0	0	0
AT1G09273	0	0	0	0	0	0
AT1G09277	0	0	0	0	0	0
AT1G09283	0	0	0	0	0	0
AT1G72000	0	0	0	0	0	0
AT1G09297	0	0	0	0	0	0
AT1G09303	0	0	0	0	0	0
AT1G72290	0	0	0	0	0	0
AT1G09307	0	0	0	0	0	0
AT1G09313	0	0	0	0	0	0
AT1G09317	0	0	0	0	0	0
AT1G72545	0	0	0	0	0	0
AT1G09323	0	0	0	0	0	0
AT1G09327	0	0	0	0	0	0
AT1G09333	0	0	0	0	0	0
AT1G09337	0	0	0	0	0	0
AT1G72755	0	0	0	0	0	0
AT1G09343	0	0	0	0	0	0
AT1G09373	0	0	0	0	0	0
AT1G73330	0	0	0	0	0	0
AT1G09383	0	0	0	0	0	0
AT1G09387	0	0	0	0	0	0
AT1G09393	0	0	0	0	0	0
AT1G09397	0	0	0	0	0	0
AT1G73603	0	0	0	0	0	0
AT1G73607	0	0	0	0	0	0
AT1G09417	0	0	0	0	0	0
AT1G73870	0	0	0	0	0	0
AT1G73900	0	0	0	0	0	0
AT1G74035	0	0	0	0	0	0
AT1G74045	0	0	0	0	0	0
AT1G74055	0	0	0	0	0	0
AT1G09423	0	0	0	0	0	0
AT1G09433	0	0	0	0	0	0
AT1G09443	0	0	0	0	0	0
AT1G74385	0	0	0	0	0	0
AT1G09473	0	0	0	0	0	0
AT1G74460	0	0	0	0	0	0
AT1G74540	0	0	0	0	0	0
AT1G74570	0	0	0	0	0	0
AT1G74610	0	0	0	0	0	0
AT1G74620	0	0	0	0	0	0
AT1G09503	0	0	0	0	0	0
AT1G74820	0	0	0	0	0	0
AT1G09517	0	0	0	0	0	0
AT1G74929	0	0	0	0	0	0
AT1G09523	0	0	0	0	0	0
AT1G09557	0	0	0	0	0	0
AT1G75470	0	0	0	0	0	0
AT1G09563	0	0	0	0	0	0
AT1G09567	0	0	0	0	0	0
AT1G75570	0	0	0	0	0	0
AT1G75650	0	0	0	0	0	0
AT1G75740	0	0	0	0	0	0
AT1G75785	0	0	0	0	0	0
AT1G75790	0	0	0	0	0	0
AT1G75870	0	0	0	0	0	0
AT1G09587	0	0	0	0	0	0
AT1G09593	0	0	0	0	0	0
AT1G09597	0	0	0	0	0	0
AT1G75910	0	0	0	0	0	0
AT1G75930	0	0	0	0	0	0
AT1G75940	0	0	0	0	0	0
AT1G75970	0	0	0	0	0	0
AT1G76062	0	0	0	0	0	0
AT1G09613	0	0	0	0	0	0
AT1G76330	0	0	0	0	0	0
AT1G09617	0	0	0	0	0	0
AT1G09623	0	0	0	0	0	0
AT1G09627	0	0	0	0	0	0
AT1G76465	0	0	0	0	0	0
AT1G09637	0	0	0	0	0	0
AT1G76728	0	0	0	0	0	0
AT1G09657	0	0	0	0	0	0
AT1G09673	0	0	0	0	0	0
AT1G76830	0	0	0	0	0	0
AT1G76840	0	0	0	0	0	0
AT1G76880	0	0	0	0	0	0
AT1G09683	0	0	0	0	0	0
AT1G09713	0	0	0	0	0	0
AT1G77190	0	0	0	0	0	0
AT1G09717	0	0	0	0	0	0
AT1G09723	0	0	0	0	0	0
AT1G77560	0	0	0	0	0	0
AT1G09737	0	0	0	0	0	0
AT1G77650	0	0	0	0	0	0
AT1G77682	0	0	0	0	0	0
AT1G09747	0	0	0	0	0	0
AT1G09757	0	0	0	0	0	0
AT1G77830	0	0	0	0	0	0
AT1G09763	0	0	0	0	0	0
AT1G77910	0	0	0	0	0	0
AT1G09767	0	0	0	0	0	0
AT1G77980	0	0	0	0	0	0
AT1G77992	0	0	0	0	0	0
AT1G09773	0	0	0	0	0	0
AT1G78220	0	0	0	0	0	0
AT1G09793	0	0	0	0	0	0
AT1G78265	0	0	0	0	0	0
AT1G09807	0	0	0	0	0	0
AT1G78400	0	0	0	0	0	0
AT1G78450	0	0	0	0	0	0
AT1G09813	0	0	0	0	0	0
AT1G09817	0	0	0	0	0	0
AT1G09827	0	0	0	0	0	0
AT1G78640	0	0	0	0	0	0
AT1G78740	0	0	0	0	0	0
AT1G78815	0	0	0	0	0	0
AT1G09833	0	0	0	0	0	0
AT1G09837	0	0	0	0	0	0
AT1G78980	0	0	0	0	0	0
AT1G09843	0	0	0	0	0	0
AT1G09847	0	0	0	0	0	0
AT1G09853	0	0	0	0	0	0
AT1G09857	0	0	0	0	0	0
AT1G79130	0	0	0	0	0	0
AT1G79290	0	0	0	0	0	0
AT1G79300	0	0	0	0	0	0
AT1G79400	0	0	0	0	0	0
AT1G79485	0	0	0	0	0	0
AT1G79510	0	0	0	0	0	0
AT1G09873	0	0	0	0	0	0
AT1G09877	0	0	0	0	0	0
AT1G09883	0	0	0	0	0	0
AT1G09903	0	0	0	0	0	0
AT1G09907	0	0	0	0	0	0
AT1G79850	0	0	0	0	0	0
AT1G09927	0	0	0	0	0	0
AT1G79960	0	0	0	0	0	0
AT1G09953	0	0	0	0	0	0
AT1G09957	0	0	0	0	0	0
AT1G80165	0	0	0	0	0	0
AT1G80310	0	0	0	0	0	0
AT1G80315	0	0	0	0	0	0
AT1G80320	0	0	0	0	0	0
AT1G09973	0	0	0	0	0	0
AT1G09983	0	0	0	0	0	0
AT1G09997	0	0	0	0	0	0
AT5G01017	0	0	0	0	0	0
AT5G00735	0	0	0	0	0	0
AT5G00740	0	0	0	0	0	0
AT5G01130	0	0	0	0	0	0
AT5G01140	0	0	0	0	0	0
AT5G01215	0	0	0	0	0	0
AT5G01210	0	0	0	0	0	0
AT5G00745	0	0	0	0	0	0
AT5G01250	0	0	0	0	0	0
AT5G01305	0	0	0	0	0	0
AT5G01365	0	0	0	0	0	0
AT5G00770	0	0	0	0	0	0
AT5G01540	0	0	0	0	0	0
AT5G01542	0	0	0	0	0	0
AT5G01580	0	0	0	0	0	0
AT5G00785	0	0	0	0	0	0
AT5G01732	0	0	0	0	0	0
AT5G00795	0	0	0	0	0	0
AT5G00800	0	0	0	0	0	0
AT5G00805	0	0	0	0	0	0
AT5G01860	0	0	0	0	0	0
AT5G01895	0	0	0	0	0	0
AT5G01900	0	0	0	0	0	0
AT5G02070	0	0	0	0	0	0
AT5G00815	0	0	0	0	0	0
AT5G00820	0	0	0	0	0	0
AT5G00840	0	0	0	0	0	0
AT5G02435	0	0	0	0	0	0
AT5G00850	0	0	0	0	0	0
AT5G02505	0	0	0	0	0	0
AT5G00860	0	0	0	0	0	0
AT5G02570	0	0	0	0	0	0
AT5G00870	0	0	0	0	0	0
AT5G02615	0	0	0	0	0	0
AT5G02720	0	0	0	0	0	0
AT5G02815	0	0	0	0	0	0
AT5G00880	0	0	0	0	0	0
AT5G02980	0	0	0	0	0	0
AT5G02990	0	0	0	0	0	0
AT5G02995	0	0	0	0	0	0
AT5G00895	0	0	0	0	0	0
AT5G00900	0	0	0	0	0	0
AT5G00905	0	0	0	0	0	0
AT5G03310	0	0	0	0	0	0
AT5G03400	0	0	0	0	0	0
AT5G00920	0	0	0	0	0	0
AT5G00925	0	0	0	0	0	0
AT5G03445	0	0	0	0	0	0
AT5G03452	0	0	0	0	0	0
AT5G00930	0	0	0	0	0	0
AT5G03600	0	0	0	0	0	0
AT5G00935	0	0	0	0	0	0
AT5G03705	0	0	0	0	0	0
AT5G03745	0	0	0	0	0	0
AT5G03775	0	0	0	0	0	0
AT5G03810	0	0	0	0	0	0
AT5G03840	0	0	0	0	0	0
AT5G03944	0	0	0	0	0	0
AT5G04047	0	0	0	0	0	0
AT5G04238	0	0	0	0	0	0
AT5G04347	0	0	0	0	0	0
AT5G00960	0	0	0	0	0	0
AT5G04395	0	0	0	0	0	0
AT5G04475	0	0	0	0	0	0
AT5G04610	0	0	0	0	0	0
AT5G04640	0	0	0	0	0	0
AT5G04660	0	0	0	0	0	0
AT5G00990	0	0	0	0	0	0
AT5G00995	0	0	0	0	0	0
AT5G04790	0	0	0	0	0	0
AT5G04853	0	0	0	0	0	0
AT5G04933	0	0	0	0	0	0
AT5G04937	0	0	0	0	0	0
AT5G05030	0	0	0	0	0	0
AT5G05050	0	0	0	0	0	0
AT5G05090	0	0	0	0	0	0
AT5G05113	0	0	0	0	0	0
AT5G05120	0	0	0	0	0	0
AT5G01005	0	0	0	0	0	0
AT5G05285	0	0	0	0	0	0
AT5G05650	0	0	0	0	0	0
AT5G01065	0	0	0	0	0	0
AT5G05675	0	0	0	0	0	0
AT5G05735	0	0	0	0	0	0
AT5G01095	0	0	0	0	0	0
AT5G01105	0	0	0	0	0	0
AT5G05795	0	0	0	0	0	0
AT5G01115	0	0	0	0	0	0
AT5G05910	0	0	0	0	0	0
AT5G05945	0	0	0	0	0	0
AT5G05985	0	0	0	0	0	0
AT5G06020	0	0	0	0	0	0
AT5G06030	0	0	0	0	0	0
AT5G06043	0	0	0	0	0	0
AT5G06080	0	0	0	0	0	0
AT5G06090	0	0	0	0	0	0
AT5G01155	0	0	0	0	0	0
AT5G01165	0	0	0	0	0	0
AT5G01195	0	0	0	0	0	0
AT5G01255	0	0	0	0	0	0
AT5G01265	0	0	0	0	0	0
AT5G06520	0	0	0	0	0	0
AT5G06645	0	0	0	0	0	0
AT5G06685	0	0	0	0	0	0
AT5G06860	0	0	0	0	0	0
AT5G06890	0	0	0	0	0	0
AT5G06900	0	0	0	0	0	0
AT5G06905	0	0	0	0	0	0
AT5G01285	0	0	0	0	0	0
AT5G01295	0	0	0	0	0	0
AT5G01315	0	0	0	0	0	0
AT5G07135	0	0	0	0	0	0
AT5G07150	0	0	0	0	0	0
AT5G01325	0	0	0	0	0	0
AT5G07160	0	0	0	0	0	0
AT5G07170	0	0	0	0	0	0
AT5G07225	0	0	0	0	0	0
AT5G01375	0	0	0	0	0	0
AT5G07420	0	0	0	0	0	0
AT5G01395	0	0	0	0	0	0
AT5G01415	0	0	0	0	0	0
AT5G07545	0	0	0	0	0	0
AT5G07571	0	0	0	0	0	0
AT5G07625	0	0	0	0	0	0
AT5G07675	0	0	0	0	0	0
AT5G01425	0	0	0	0	0	0
AT5G07690	0	0	0	0	0	0
AT5G07700	0	0	0	0	0	0
AT5G07850	0	0	0	0	0	0
AT5G01435	0	0	0	0	0	0
AT5G01455	0	0	0	0	0	0
AT5G01465	0	0	0	0	0	0
AT5G08055	0	0	0	0	0	0
AT5G08075	0	0	0	0	0	0
AT5G01475	0	0	0	0	0	0
AT5G01485	0	0	0	0	0	0
AT5G01535	0	0	0	0	0	0
AT5G08250	0	0	0	0	0	0
AT5G08315	0	0	0	0	0	0
AT5G08480	0	0	0	0	0	0
AT5G01555	0	0	0	0	0	0
AT5G01575	0	0	0	0	0	0
AT5G01565	0	0	0	0	0	0
AT5G01605	0	0	0	0	0	0
AT5G01615	0	0	0	0	0	0
AT5G09340	0	0	0	0	0	0
AT5G09345	0	0	0	0	0	0
AT5G09480	0	0	0	0	0	0
AT5G09490	0	0	0	0	0	0
AT5G09560	0	0	0	0	0	0
AT5G09655	0	0	0	0	0	0
AT5G01635	0	0	0	0	0	0
AT5G09940	0	0	0	0	0	0
AT5G09975	0	0	0	0	0	0
AT5G01645	0	0	0	0	0	0
AT5G01655	0	0	0	0	0	0
AT5G10230	0	0	0	0	0	0
AT5G10235	0	0	0	0	0	0
AT5G10250	0	0	0	0	0	0
AT5G01695	0	0	0	0	0	0
AT5G01705	0	0	0	0	0	0
AT5G01725	0	0	0	0	0	0
AT5G01735	0	0	0	0	0	0
AT5G01745	0	0	0	0	0	0
AT5G10420	0	0	0	0	0	0
AT5G10435	0	0	0	0	0	0
AT5G01755	0	0	0	0	0	0
AT5G10525	0	0	0	0	0	0
AT5G10530	0	0	0	0	0	0
AT5G01785	0	0	0	0	0	0
AT5G10590	0	0	0	0	0	0
AT5G01795	0	0	0	0	0	0
AT5G01815	0	0	0	0	0	0
AT5G01825	0	0	0	0	0	0
AT5G01835	0	0	0	0	0	0
AT5G10970	0	0	0	0	0	0
AT5G01855	0	0	0	0	0	0
AT5G11190	0	0	0	0	0	0
AT5G01865	0	0	0	0	0	0
AT5G11220	0	0	0	0	0	0
AT5G11325	0	0	0	0	0	0
AT5G11370	0	0	0	0	0	0
AT5G11400	0	0	0	0	0	0
AT5G11425	0	0	0	0	0	0
AT5G11475	0	0	0	0	0	0
AT5G11565	0	0	0	0	0	0
AT5G11660	0	0	0	0	0	0
AT5G01915	0	0	0	0	0	0
AT5G11975	0	0	0	0	0	0
AT5G01925	0	0	0	0	0	0
AT5G12070	0	0	0	0	0	0
AT5G12090	0	0	0	0	0	0
AT5G12236	0	0	0	0	0	0
AT5G01955	0	0	0	0	0	0
AT5G13181	0	0	0	0	0	0
AT5G01975	0	0	0	0	0	0
AT5G01985	0	0	0	0	0	0
AT5G01995	0	0	0	0	0	0
AT5G02045	0	0	0	0	0	0
AT5G13225	0	0	0	0	0	0
AT5G13295	0	0	0	0	0	0
AT5G02085	0	0	0	0	0	0
AT5G13565	0	0	0	0	0	0
AT5G13620	0	0	0	0	0	0
AT5G13825	0	0	0	0	0	0
AT5G02105	0	0	0	0	0	0
AT5G13845	0	0	0	0	0	0
AT5G02135	0	0	0	0	0	0
AT5G14035	0	0	0	0	0	0
AT5G02145	0	0	0	0	0	0
AT5G02185	0	0	0	0	0	0
AT5G02195	0	0	0	0	0	0
AT5G14275	0	0	0	0	0	0
AT5G02215	0	0	0	0	0	0
AT5G14495	0	0	0	0	0	0
AT5G14515	0	0	0	0	0	0
AT5G14545	0	0	0	0	0	0
AT5G02275	0	0	0	0	0	0
AT5G14990	0	0	0	0	0	0
AT5G15000	0	0	0	0	0	0
AT5G02295	0	0	0	0	0	0
AT5G02305	0	0	0	0	0	0
AT5G02315	0	0	0	0	0	0
AT5G02325	0	0	0	0	0	0
AT5G15040	0	0	0	0	0	0
AT5G15110	0	0	0	0	0	0
AT5G02335	0	0	0	0	0	0
AT5G15175	0	0	0	0	0	0
AT5G02345	0	0	0	0	0	0
AT5G02355	0	0	0	0	0	0
AT5G02365	0	0	0	0	0	0
AT5G02375	0	0	0	0	0	0
AT5G15480	0	0	0	0	0	0
AT5G15533	0	0	0	0	0	0
AT5G15560	0	0	0	0	0	0
AT5G15581	0	0	0	0	0	0
AT5G15670	0	0	0	0	0	0
AT5G15745	0	0	0	0	0	0
AT5G15770	0	0	0	0	0	0
AT5G02445	0	0	0	0	0	0
AT5G02455	0	0	0	0	0	0
AT5G15805	0	0	0	0	0	0
AT5G15815	0	0	0	0	0	0
AT5G02465	0	0	0	0	0	0
AT5G15843	0	0	0	0	0	0
AT5G15850	0	0	0	0	0	0
AT5G15853	0	0	0	0	0	0
AT5G02495	0	0	0	0	0	0
AT5G16235	0	0	0	0	0	0
AT5G16285	0	0	0	0	0	0
AT5G16500	0	0	0	0	0	0
AT5G02555	0	0	0	0	0	0
AT5G16580	0	0	0	0	0	0
AT5G17080	0	0	0	0	0	0
AT5G17120	0	0	0	0	0	0
AT5G17130	0	0	0	0	0	0
AT5G02655	0	0	0	0	0	0
AT5G17280	0	0	0	0	0	0
AT5G17305	0	0	0	0	0	0
AT5G17345	0	0	0	0	0	0
AT5G02695	0	0	0	0	0	0
AT5G02735	0	0	0	0	0	0
AT5G02755	0	0	0	0	0	0
AT5G17720	0	0	0	0	0	0
AT5G17730	0	0	0	0	0	0
AT5G17750	0	0	0	0	0	0
AT5G02775	0	0	0	0	0	0
AT5G02785	0	0	0	0	0	0
AT5G02805	0	0	0	0	0	0
AT5G17950	0	0	0	0	0	0
AT5G02835	0	0	0	0	0	0
AT5G02855	0	0	0	0	0	0
AT5G18020	0	0	0	0	0	0
AT5G18050	0	0	0	0	0	0
AT5G18160	0	0	0	0	0	0
AT5G18407	0	0	0	0	0	0
AT5G02895	0	0	0	0	0	0
AT5G02915	0	0	0	0	0	0
AT5G18705	0	0	0	0	0	0
AT5G18735	0	0	0	0	0	0
AT5G18755	0	0	0	0	0	0
AT5G18870	0	0	0	0	0	0
AT5G18880	0	0	0	0	0	0
AT5G18933	0	0	0	0	0	0
AT5G02925	0	0	0	0	0	0
AT5G02935	0	0	0	0	0	0
AT5G18990	0	0	0	0	0	0
AT5G02965	0	0	0	0	0	0
AT5G02975	0	0	0	0	0	0
AT5G03015	0	0	0	0	0	0
AT5G03025	0	0	0	0	0	0
AT5G19172	0	0	0	0	0	0
AT5G19175	0	0	0	0	0	0
AT5G03055	0	0	0	0	0	0
AT5G03065	0	0	0	0	0	0
AT5G03075	0	0	0	0	0	0
AT5G19470	0	0	0	0	0	0
AT5G19595	0	0	0	0	0	0
AT5G19610	0	0	0	0	0	0
AT5G19633	0	0	0	0	0	0
AT5G19675	0	0	0	0	0	0
AT5G19710	0	0	0	0	0	0
AT5G03095	0	0	0	0	0	0
AT5G03105	0	0	0	0	0	0
AT5G19890	0	0	0	0	0	0
AT5G20330	0	0	0	0	0	0
AT5G20340	0	0	0	0	0	0
AT5G20390	0	0	0	0	0	0
AT5G20447	0	0	0	0	0	0
AT5G20470	0	0	0	0	0	0
AT5G03125	0	0	0	0	0	0
AT5G03135	0	0	0	0	0	0
AT5G03155	0	0	0	0	0	0
AT5G03185	0	0	0	0	0	0
AT5G03195	0	0	0	0	0	0
AT5G03205	0	0	0	0	0	0
AT5G03225	0	0	0	0	0	0
AT5G20852	0	0	0	0	0	0
AT5G20854	0	0	0	0	0	0
AT5G20856	0	0	0	0	0	0
AT5G20858	0	0	0	0	0	0
AT5G03245	0	0	0	0	0	0
AT5G03265	0	0	0	0	0	0
AT5G20995	0	0	0	0	0	0
AT5G21125	0	0	0	0	0	0
AT5G21378	0	0	0	0	0	0
AT5G21960	0	0	0	0	0	0
AT5G03335	0	0	0	0	0	0
AT5G03375	0	0	0	0	0	0
AT5G03385	0	0	0	0	0	0
AT5G22145	0	0	0	0	0	0
AT5G22150	0	0	0	0	0	0
AT5G22160	0	0	0	0	0	0
AT5G22170	0	0	0	0	0	0
AT5G22190	0	0	0	0	0	0
AT5G03395	0	0	0	0	0	0
AT5G22420	0	0	0	0	0	0
AT5G22430	0	0	0	0	0	0
AT5G22490	0	0	0	0	0	0
AT5G03425	0	0	0	0	0	0
AT5G22590	0	0	0	0	0	0
AT5G03465	0	0	0	0	0	0
AT5G22785	0	0	0	0	0	0
AT5G03525	0	0	0	0	0	0
AT5G03535	0	0	0	0	0	0
AT5G22900	0	0	0	0	0	0
AT5G03565	0	0	0	0	0	0
AT5G22970	0	0	0	0	0	0
AT5G22980	0	0	0	0	0	0
AT5G22990	0	0	0	0	0	0
AT5G23035	0	0	0	0	0	0
AT5G23230	0	0	0	0	0	0
AT5G23260	0	0	0	0	0	0
AT5G23650	0	0	0	0	0	0
AT5G03625	0	0	0	0	0	0
AT5G23665	0	0	0	0	0	0
AT5G03635	0	0	0	0	0	0
AT5G23710	0	0	0	0	0	0
AT5G23903	0	0	0	0	0	0
AT5G23908	0	0	0	0	0	0
AT5G23960	0	0	0	0	0	0
AT5G23970	0	0	0	0	0	0
AT5G03685	0	0	0	0	0	0
AT5G24180	0	0	0	0	0	0
AT5G03695	0	0	0	0	0	0
AT5G03715	0	0	0	0	0	0
AT5G03735	0	0	0	0	0	0
AT5G24370	0	0	0	0	0	0
AT5G24410	0	0	0	0	0	0
AT5G24420	0	0	0	0	0	0
AT5G24440	0	0	0	0	0	0
AT5G03755	0	0	0	0	0	0
AT5G24540	0	0	0	0	0	0
AT5G24575	0	0	0	0	0	0
AT5G03785	0	0	0	0	0	0
AT5G03805	0	0	0	0	0	0
AT5G24790	0	0	0	0	0	0
AT5G24825	0	0	0	0	0	0
AT5G03835	0	0	0	0	0	0
AT5G24879	0	0	0	0	0	0
AT5G03845	0	0	0	0	0	0
AT5G25030	0	0	0	0	0	0
AT5G03915	0	0	0	0	0	0
AT5G25160	0	0	0	0	0	0
AT5G25195	0	0	0	0	0	0
AT5G25200	0	0	0	0	0	0
AT5G03935	0	0	0	0	0	0
AT5G03945	0	0	0	0	0	0
AT5G25300	0	0	0	0	0	0
AT5G25320	0	0	0	0	0	0
AT5G25330	0	0	0	0	0	0
AT5G03965	0	0	0	0	0	0
AT5G25390	0	0	0	0	0	0
AT5G25400	0	0	0	0	0	0
AT5G25410	0	0	0	0	0	0
AT5G25415	0	0	0	0	0	0
AT5G25420	0	0	0	0	0	0
AT5G25425	0	0	0	0	0	0
AT5G25430	0	0	0	0	0	0
AT5G03975	0	0	0	0	0	0
AT5G04005	0	0	0	0	0	0
AT5G04015	0	0	0	0	0	0
AT5G25585	0	0	0	0	0	0
AT5G04025	0	0	0	0	0	0
AT5G04035	0	0	0	0	0	0
AT5G25750	0	0	0	0	0	0
AT5G25850	0	0	0	0	0	0
AT5G04135	0	0	0	0	0	0
AT5G25860	0	0	0	0	0	0
AT5G25870	0	0	0	0	0	0
AT5G04175	0	0	0	0	0	0
AT5G25950	0	0	0	0	0	0
AT5G25960	0	0	0	0	0	0
AT5G26038	0	0	0	0	0	0
AT5G26050	0	0	0	0	0	0
AT5G26060	0	0	0	0	0	0
AT5G26070	0	0	0	0	0	0
AT5G26080	0	0	0	0	0	0
AT5G26100	0	0	0	0	0	0
AT5G04195	0	0	0	0	0	0
AT5G26130	0	0	0	0	0	0
AT5G26146	0	0	0	0	0	0
AT5G26147	0	0	0	0	0	0
AT5G26150	0	0	0	0	0	0
AT5G04215	0	0	0	0	0	0
AT5G26262	0	0	0	0	0	0
AT5G26594	0	0	0	0	0	0
AT5G26673	0	0	0	0	0	0
AT5G26692	0	0	0	0	0	0
AT5G26717	0	0	0	0	0	0
AT5G26640	0	0	0	0	0	0
AT5G26630	0	0	0	0	0	0
AT5G26617	0	0	0	0	0	0
AT5G04255	0	0	0	0	0	0
AT5G26580	0	0	0	0	0	0
AT5G26805	0	0	0	0	0	0
AT5G26810	0	0	0	0	0	0
AT5G26955	0	0	0	0	0	0
AT5G04315	0	0	0	0	0	0
AT5G04335	0	0	0	0	0	0
AT5G27065	0	0	0	0	0	0
AT5G27070	0	0	0	0	0	0
AT5G27080	0	0	0	0	0	0
AT5G27090	0	0	0	0	0	0
AT5G04365	0	0	0	0	0	0
AT5G27140	0	0	0	0	0	0
AT5G27170	0	0	0	0	0	0
AT5G27238	0	0	0	0	0	0
AT5G27260	0	0	0	0	0	0
AT5G04375	0	0	0	0	0	0
AT5G27310	0	0	0	0	0	0
AT5G04385	0	0	0	0	0	0
AT5G04405	0	0	0	0	0	0
AT5G27493	0	0	0	0	0	0
AT5G27495	0	0	0	0	0	0
AT5G27530	0	0	0	0	0	0
AT5G27606	0	0	0	0	0	0
AT5G04415	0	0	0	0	0	0
AT5G27715	0	0	0	0	0	0
AT5G04455	0	0	0	0	0	0
AT5G27780	0	0	0	0	0	0
AT5G27790	0	0	0	0	0	0
AT5G27800	0	0	0	0	0	0
AT5G04505	0	0	0	0	0	0
AT5G04515	0	0	0	0	0	0
AT5G04525	0	0	0	0	0	0
AT5G04545	0	0	0	0	0	0
AT5G04585	0	0	0	0	0	0
AT5G04595	0	0	0	0	0	0
AT5G27944	0	0	0	0	0	0
AT5G27945	0	0	0	0	0	0
AT5G04615	0	0	0	0	0	0
AT5G27960	0	0	0	0	0	0
AT5G28000	0	0	0	0	0	0
AT5G04625	0	0	0	0	0	0
AT5G04635	0	0	0	0	0	0
AT5G04665	0	0	0	0	0	0
AT5G04675	0	0	0	0	0	0
AT5G04685	0	0	0	0	0	0
AT5G28160	0	0	0	0	0	0
AT5G28180	0	0	0	0	0	0
AT5G28190	0	0	0	0	0	0
AT5G28210	0	0	0	0	0	0
AT5G28237	0	0	0	0	0	0
AT5G28288	0	0	0	0	0	0
AT5G04705	0	0	0	0	0	0
AT5G04715	0	0	0	0	0	0
AT5G28463	0	0	0	0	0	0
AT5G28462	0	0	0	0	0	0
AT5G04745	0	0	0	0	0	0
AT5G28470	0	0	0	0	0	0
AT5G04765	0	0	0	0	0	0
AT5G04775	0	0	0	0	0	0
AT5G28491	0	0	0	0	0	0
AT5G28510	0	0	0	0	0	0
AT5G28520	0	0	0	0	0	0
AT5G28550	0	0	0	0	0	0
AT5G28590	0	0	0	0	0	0
AT5G04795	0	0	0	0	0	0
AT5G28660	0	0	0	0	0	0
AT5G28680	0	0	0	0	0	0
AT5G28690	0	0	0	0	0	0
AT5G04825	0	0	0	0	0	0
AT5G04845	0	0	0	0	0	0
AT5G28820	0	0	0	0	0	0
AT5G28823	0	0	0	0	0	0
AT5G04865	0	0	0	0	0	0
AT5G28885	0	0	0	0	0	0
AT5G28919	0	0	0	0	0	0
AT5G04915	0	0	0	0	0	0
AT5G04925	0	0	0	0	0	0
AT5G28950	0	0	0	0	0	0
AT5G29050	0	0	0	0	0	0
AT5G29054	0	0	0	0	0	0
AT5G29070	0	0	0	0	0	0
AT5G29210	0	0	0	0	0	0
AT5G29613	0	0	0	0	0	0
AT5G29624	0	0	0	0	0	0
AT5G04935	0	0	0	0	0	0
AT5G30341	0	0	0	0	0	0
AT5G04945	0	0	0	0	0	0
AT5G31412	0	0	0	0	0	0
AT5G30520	0	0	0	0	0	0
AT5G04955	0	0	0	0	0	0
AT5G04965	0	0	0	0	0	0
AT5G04975	0	0	0	0	0	0
AT5G32017	0	0	0	0	0	0
AT5G04985	0	0	0	0	0	0
AT5G04995	0	0	0	0	0	0
AT5G05005	0	0	0	0	0	0
AT5G32590	0	0	0	0	0	0
AT5G32613	0	0	0	0	0	0
AT5G05015	0	0	0	0	0	0
AT5G05035	0	0	0	0	0	0
AT5G32619	0	0	0	0	0	0
AT5G05045	0	0	0	0	0	0
AT5G05055	0	0	0	0	0	0
AT5G32670	0	0	0	0	0	0
AT5G33210	0	0	0	0	0	0
AT5G05065	0	0	0	0	0	0
AT5G33330	0	0	0	0	0	0
AT5G33340	0	0	0	0	0	0
AT5G33355	0	0	0	0	0	0
AT5G33393	0	0	0	0	0	0
AT5G05075	0	0	0	0	0	0
AT5G05095	0	0	0	0	0	0
AT5G33439	0	0	0	0	0	0
AT5G34581	0	0	0	0	0	0
AT5G34780	0	0	0	0	0	0
AT5G34829	0	0	0	0	0	0
AT5G34828	0	0	0	0	0	0
AT5G05125	0	0	0	0	0	0
AT5G05135	0	0	0	0	0	0
AT5G34870	0	0	0	0	0	0
AT5G34882	0	0	0	0	0	0
AT5G34881	0	0	0	0	0	0
AT5G34883	0	0	0	0	0	0
AT5G34885	0	0	0	0	0	0
AT5G34887	0	0	0	0	0	0
AT5G34905	0	0	0	0	0	0
AT5G34908	0	0	0	0	0	0
AT5G05155	0	0	0	0	0	0
AT5G35050	0	0	0	0	0	0
AT5G35067	0	0	0	0	0	0
AT5G35120	0	0	0	0	0	0
AT5G05175	0	0	0	0	0	0
AT5G35195	0	0	0	0	0	0
AT5G35230	0	0	0	0	0	0
AT5G35300	0	0	0	0	0	0
AT5G35338	0	0	0	0	0	0
AT5G35405	0	0	0	0	0	0
AT5G05185	0	0	0	0	0	0
AT5G05195	0	0	0	0	0	0
AT5G35475	0	0	0	0	0	0
AT5G35480	0	0	0	0	0	0
AT5G05205	0	0	0	0	0	0
AT5G05215	0	0	0	0	0	0
AT5G35510	0	0	0	0	0	0
AT5G35540	0	0	0	0	0	0
AT5G35550	0	0	0	0	0	0
AT5G35603	0	0	0	0	0	0
AT5G35604	0	0	0	0	0	0
AT5G35695	0	0	0	0	0	0
AT5G05265	0	0	0	0	0	0
AT5G35715	0	0	0	0	0	0
AT5G35737	0	0	0	0	0	0
AT5G05295	0	0	0	0	0	0
AT5G35810	0	0	0	0	0	0
AT5G35830	0	0	0	0	0	0
AT5G35913	0	0	0	0	0	0
AT5G35927	0	0	0	0	0	0
AT5G35945	0	0	0	0	0	0
AT5G05315	0	0	0	0	0	0
AT5G36002	0	0	0	0	0	0
AT5G36001	0	0	0	0	0	0
AT5G36130	0	0	0	0	0	0
AT5G36140	0	0	0	0	0	0
AT5G36150	0	0	0	0	0	0
AT5G05325	0	0	0	0	0	0
AT5G36190	0	0	0	0	0	0
AT5G36200	0	0	0	0	0	0
AT5G36225	0	0	0	0	0	0
AT5G05335	0	0	0	0	0	0
AT5G36300	0	0	0	0	0	0
AT5G36310	0	0	0	0	0	0
AT5G36320	0	0	0	0	0	0
AT5G36330	0	0	0	0	0	0
AT5G36340	0	0	0	0	0	0
AT5G36350	0	0	0	0	0	0
AT5G36360	0	0	0	0	0	0
AT5G36370	0	0	0	0	0	0
AT5G36380	0	0	0	0	0	0
AT5G36390	0	0	0	0	0	0
AT5G36400	0	0	0	0	0	0
AT5G36410	0	0	0	0	0	0
AT5G36420	0	0	0	0	0	0
AT5G36430	0	0	0	0	0	0
AT5G36440	0	0	0	0	0	0
AT5G36450	0	0	0	0	0	0
AT5G36460	0	0	0	0	0	0
AT5G36470	0	0	0	0	0	0
AT5G36480	0	0	0	0	0	0
AT5G36490	0	0	0	0	0	0
AT5G36500	0	0	0	0	0	0
AT5G36520	0	0	0	0	0	0
AT5G36540	0	0	0	0	0	0
AT5G36550	0	0	0	0	0	0
AT5G36657	0	0	0	0	0	0
AT5G36658	0	0	0	0	0	0
AT5G36659	0	0	0	0	0	0
AT5G36661	0	0	0	0	0	0
AT5G36662	0	0	0	0	0	0
AT5G36680	0	0	0	0	0	0
AT5G36690	0	0	0	0	0	0
AT5G36720	0	0	0	0	0	0
AT5G36722	0	0	0	0	0	0
AT5G36730	0	0	0	0	0	0
AT5G36738	0	0	0	0	0	0
AT5G36739	0	0	0	0	0	0
AT5G36770	0	0	0	0	0	0
AT5G36805	0	0	0	0	0	0
AT5G36810	0	0	0	0	0	0
AT5G36820	0	0	0	0	0	0
AT5G37040	0	0	0	0	0	0
AT5G37060	0	0	0	0	0	0
AT5G37140	0	0	0	0	0	0
AT5G37170	0	0	0	0	0	0
AT5G37200	0	0	0	0	0	0
AT5G05455	0	0	0	0	0	0
AT5G37280	0	0	0	0	0	0
AT5G05475	0	0	0	0	0	0
AT5G37300	0	0	0	0	0	0
AT5G37320	0	0	0	0	0	0
AT5G37430	0	0	0	0	0	0
AT5G05485	0	0	0	0	0	0
AT5G37473	0	0	0	0	0	0
AT5G37474	0	0	0	0	0	0
AT5G05495	0	0	0	0	0	0
AT5G37520	0	0	0	0	0	0
AT5G37560	0	0	0	0	0	0
AT5G05505	0	0	0	0	0	0
AT5G37640	0	0	0	0	0	0
AT5G37650	0	0	0	0	0	0
AT5G37715	0	0	0	0	0	0
AT5G37730	0	0	0	0	0	0
AT5G05535	0	0	0	0	0	0
AT5G37810	0	0	0	0	0	0
AT5G37820	0	0	0	0	0	0
AT5G37840	0	0	0	0	0	0
AT5G37870	0	0	0	0	0	0
AT5G37910	0	0	0	0	0	0
AT5G05565	0	0	0	0	0	0
AT5G37920	0	0	0	0	0	0
AT5G37940	0	0	0	0	0	0
AT5G05585	0	0	0	0	0	0
AT5G37960	0	0	0	0	0	0
AT5G37970	0	0	0	0	0	0
AT5G05605	0	0	0	0	0	0
AT5G38090	0	0	0	0	0	0
AT5G05625	0	0	0	0	0	0
AT5G38130	0	0	0	0	0	0
AT5G38155	0	0	0	0	0	0
AT5G38197	0	0	0	0	0	0
AT5G38210	0	0	0	0	0	0
AT5G38250	0	0	0	0	0	0
AT5G05685	0	0	0	0	0	0
AT5G38270	0	0	0	0	0	0
AT5G05695	0	0	0	0	0	0
AT5G38317	0	0	0	0	0	0
AT5G05705	0	0	0	0	0	0
AT5G38330	0	0	0	0	0	0
AT5G38344	0	0	0	0	0	0
AT5G38378	0	0	0	0	0	0
AT5G38390	0	0	0	0	0	0
AT5G38391	0	0	0	0	0	0
AT5G38392	0	0	0	0	0	0
AT5G38397	0	0	0	0	0	0
AT5G38400	0	0	0	0	0	0
AT5G05745	0	0	0	0	0	0
AT5G05725	0	0	0	0	0	0
AT5G38435	0	0	0	0	0	0
AT5G38440	0	0	0	0	0	0
AT5G38490	0	0	0	0	0	0
AT5G38570	0	0	0	0	0	0
AT5G38580	0	0	0	0	0	0
AT5G38620	0	0	0	0	0	0
AT5G38650	0	0	0	0	0	0
AT5G05835	0	0	0	0	0	0
AT5G05825	0	0	0	0	0	0
AT5G05845	0	0	0	0	0	0
AT5G05855	0	0	0	0	0	0
AT5G38800	0	0	0	0	0	0
AT5G38810	0	0	0	0	0	0
AT5G05865	0	0	0	0	0	0
AT5G38905	0	0	0	0	0	0
AT5G38910	0	0	0	0	0	0
AT5G38920	0	0	0	0	0	0
AT5G38930	0	0	0	0	0	0
AT5G38950	0	0	0	0	0	0
AT5G38960	0	0	0	0	0	0
AT5G39000	0	0	0	0	0	0
AT5G39010	0	0	0	0	0	0
AT5G39130	0	0	0	0	0	0
AT5G39140	0	0	0	0	0	0
AT5G39160	0	0	0	0	0	0
AT5G39170	0	0	0	0	0	0
AT5G39200	0	0	0	0	0	0
AT5G39230	0	0	0	0	0	0
AT5G05885	0	0	0	0	0	0
AT5G05895	0	0	0	0	0	0
AT5G39270	0	0	0	0	0	0
AT5G39280	0	0	0	0	0	0
AT5G39290	0	0	0	0	0	0
AT5G39300	0	0	0	0	0	0
AT5G39310	0	0	0	0	0	0
AT5G39365	0	0	0	0	0	0
AT5G05905	0	0	0	0	0	0
AT5G05915	0	0	0	0	0	0
AT5G05925	0	0	0	0	0	0
AT5G39430	0	0	0	0	0	0
AT5G39440	0	0	0	0	0	0
AT5G05935	0	0	0	0	0	0
AT5G05955	0	0	0	0	0	0
AT5G39540	0	0	0	0	0	0
AT5G39620	0	0	0	0	0	0
AT5G39630	0	0	0	0	0	0
AT5G39635	0	0	0	0	0	0
AT5G39640	0	0	0	0	0	0
AT5G39645	0	0	0	0	0	0
AT5G05995	0	0	0	0	0	0
AT5G06005	0	0	0	0	0	0
AT5G39693	0	0	0	0	0	0
AT5G39700	0	0	0	0	0	0
AT5G39775	0	0	0	0	0	0
AT5G39895	0	0	0	0	0	0
AT5G39910	0	0	0	0	0	0
AT5G39920	0	0	0	0	0	0
AT5G40050	0	0	0	0	0	0
AT5G40120	0	0	0	0	0	0
AT5G40153	0	0	0	0	0	0
AT5G40275	0	0	0	0	0	0
AT5G40290	0	0	0	0	0	0
AT5G40310	0	0	0	0	0	0
AT5G40315	0	0	0	0	0	0
AT5G40348	0	0	0	0	0	0
AT5G40350	0	0	0	0	0	0
AT5G06015	0	0	0	0	0	0
AT5G06025	0	0	0	0	0	0
AT5G40360	0	0	0	0	0	0
AT5G06035	0	0	0	0	0	0
AT5G06045	0	0	0	0	0	0
AT5G06055	0	0	0	0	0	0
AT5G06065	0	0	0	0	0	0
AT5G06075	0	0	0	0	0	0
AT5G40545	0	0	0	0	0	0
AT5G40560	0	0	0	0	0	0
AT5G40595	0	0	0	0	0	0
AT5G40620	0	0	0	0	0	0
AT5G40750	0	0	0	0	0	0
AT5G40790	0	0	0	0	0	0
AT5G40855	0	0	0	0	0	0
AT5G06085	0	0	0	0	0	0
AT5G40900	0	0	0	0	0	0
AT5G06095	0	0	0	0	0	0
AT5G06105	0	0	0	0	0	0
AT5G40945	0	0	0	0	0	0
AT5G40980	0	0	0	0	0	0
AT5G41025	0	0	0	0	0	0
AT5G41109	0	0	0	0	0	0
AT5G41250	0	0	0	0	0	0
AT5G41265	0	0	0	0	0	0
AT5G41300	0	0	0	0	0	0
AT5G41401	0	0	0	0	0	0
AT5G41420	0	0	0	0	0	0
AT5G41430	0	0	0	0	0	0
AT5G41440	0	0	0	0	0	0
AT5G41500	0	0	0	0	0	0
AT5G41510	0	0	0	0	0	0
AT5G41530	0	0	0	0	0	0
AT5G41570	0	0	0	0	0	0
AT5G41605	0	0	0	0	0	0
AT5G41612	0	0	0	0	0	0
AT5G06175	0	0	0	0	0	0
AT5G41630	0	0	0	0	0	0
AT5G41675	0	0	0	0	0	0
AT5G41720	0	0	0	0	0	0
AT5G06185	0	0	0	0	0	0
AT5G41780	0	0	0	0	0	0
AT5G06205	0	0	0	0	0	0
AT5G06245	0	0	0	0	0	0
AT5G42092	0	0	0	0	0	0
AT5G06285	0	0	0	0	0	0
AT5G42223	0	0	0	0	0	0
AT5G42232	0	0	0	0	0	0
AT5G42260	0	0	0	0	0	0
AT5G42290	0	0	0	0	0	0
AT5G42340	0	0	0	0	0	0
AT5G42504	0	0	0	0	0	0
AT5G06325	0	0	0	0	0	0
AT5G06335	0	0	0	0	0	0
AT5G42600	0	0	0	0	0	0
AT5G42610	0	0	0	0	0	0
AT5G06345	0	0	0	0	0	0
AT5G06365	0	0	0	0	0	0
AT5G42640	0	0	0	0	0	0
AT5G06385	0	0	0	0	0	0
AT5G42797	0	0	0	0	0	0
AT5G06395	0	0	0	0	0	0
AT5G42825	0	0	0	0	0	0
AT5G42895	0	0	0	0	0	0
AT5G42905	0	0	0	0	0	0
AT5G42910	0	0	0	0	0	0
AT5G06425	0	0	0	0	0	0
AT5G42955	0	0	0	0	0	0
AT5G42957	0	0	0	0	0	0
AT5G06435	0	0	0	0	0	0
AT5G43066	0	0	0	0	0	0
AT5G06455	0	0	0	0	0	0
AT5G06465	0	0	0	0	0	0
AT5G43211	0	0	0	0	0	0
AT5G43360	0	0	0	0	0	0
AT5G43390	0	0	0	0	0	0
AT5G43401	0	0	0	0	0	0
AT5G43410	0	0	0	0	0	0
AT5G06505	0	0	0	0	0	0
AT5G06515	0	0	0	0	0	0
AT5G43455	0	0	0	0	0	0
AT5G43513	0	0	0	0	0	0
AT5G43518	0	0	0	0	0	0
AT5G43520	0	0	0	0	0	0
AT5G43535	0	0	0	0	0	0
AT5G43550	0	0	0	0	0	0
AT5G43603	0	0	0	0	0	0
AT5G43610	0	0	0	0	0	0
AT5G06525	0	0	0	0	0	0
AT5G43695	0	0	0	0	0	0
AT5G44283	0	0	0	0	0	0
AT5G44300	0	0	0	0	0	0
AT5G44345	0	0	0	0	0	0
AT5G44375	0	0	0	0	0	0
AT5G44420	0	0	0	0	0	0
AT5G44430	0	0	0	0	0	0
AT5G44470	0	0	0	0	0	0
AT5G44495	0	0	0	0	0	0
AT5G44562	0	0	0	0	0	0
AT5G06575	0	0	0	0	0	0
AT5G44566	0	0	0	0	0	0
AT5G06595	0	0	0	0	0	0
AT5G06605	0	0	0	0	0	0
AT5G06615	0	0	0	0	0	0
AT5G44640	0	0	0	0	0	0
AT5G44705	0	0	0	0	0	0
AT5G44830	0	0	0	0	0	0
AT5G44840	0	0	0	0	0	0
AT5G44850	0	0	0	0	0	0
AT5G06665	0	0	0	0	0	0
AT5G44950	0	0	0	0	0	0
AT5G44960	0	0	0	0	0	0
AT5G44970	0	0	0	0	0	0
AT5G44973	0	0	0	0	0	0
AT5G06695	0	0	0	0	0	0
AT5G45030	0	0	0	0	0	0
AT5G45120	0	0	0	0	0	0
AT5G45230	0	0	0	0	0	0
AT5G06715	0	0	0	0	0	0
AT5G45277	0	0	0	0	0	0
AT5G45469	0	0	0	0	0	0
AT5G45475	0	0	0	0	0	0
AT5G45480	0	0	0	0	0	0
AT5G06735	0	0	0	0	0	0
AT5G45715	0	0	0	0	0	0
AT5G45745	0	0	0	0	0	0
AT5G45875	0	0	0	0	0	0
AT5G45980	0	0	0	0	0	0
AT5G46010	0	0	0	0	0	0
AT5G46105	0	0	0	0	0	0
AT5G06785	0	0	0	0	0	0
AT5G06795	0	0	0	0	0	0
AT5G46297	0	0	0	0	0	0
AT5G46300	0	0	0	0	0	0
AT5G46310	0	0	0	0	0	0
AT5G46325	0	0	0	0	0	0
AT5G06815	0	0	0	0	0	0
AT5G46500	0	0	0	0	0	0
AT5G06855	0	0	0	0	0	0
AT5G46595	0	0	0	0	0	0
AT5G46770	0	0	0	0	0	0
AT5G06880	0	0	0	0	0	0
AT5G46810	0	0	0	0	0	0
AT5G46820	0	0	0	0	0	0
AT5G46825	0	0	0	0	0	0
AT5G46873	0	0	0	0	0	0
AT5G46874	0	0	0	0	0	0
AT5G46877	0	0	0	0	0	0
AT5G46970	0	0	0	0	0	0
AT5G06915	0	0	0	0	0	0
AT5G46980	0	0	0	0	0	0
AT5G46990	0	0	0	0	0	0
AT5G06925	0	0	0	0	0	0
AT5G06935	0	0	0	0	0	0
AT5G47075	0	0	0	0	0	0
AT5G06955	0	0	0	0	0	0
AT5G47229	0	0	0	0	0	0
AT5G47260	0	0	0	0	0	0
AT5G47290	0	0	0	0	0	0
AT5G47300	0	0	0	0	0	0
AT5G06975	0	0	0	0	0	0
AT5G06985	0	0	0	0	0	0
AT5G07005	0	0	0	0	0	0
AT5G07025	0	0	0	0	0	0
AT5G07055	0	0	0	0	0	0
AT5G48140	0	0	0	0	0	0
AT5G48200	0	0	0	0	0	0
AT5G48205	0	0	0	0	0	0
AT5G48210	0	0	0	0	0	0
AT5G48270	0	0	0	0	0	0
AT5G07065	0	0	0	0	0	0
AT5G48280	0	0	0	0	0	0
AT5G07075	0	0	0	0	0	0
AT5G48375	0	0	0	0	0	0
AT5G07145	0	0	0	0	0	0
AT5G48465	0	0	0	0	0	0
AT5G48485	0	0	0	0	0	0
AT5G48510	0	0	0	0	0	0
AT5G07155	0	0	0	0	0	0
AT5G48515	0	0	0	0	0	0
AT5G07185	0	0	0	0	0	0
AT5G48543	0	0	0	0	0	0
AT5G48575	0	0	0	0	0	0
AT5G48595	0	0	0	0	0	0
AT5G48605	0	0	0	0	0	0
AT5G48675	0	0	0	0	0	0
AT5G07195	0	0	0	0	0	0
AT5G07205	0	0	0	0	0	0
AT5G07265	0	0	0	0	0	0
AT5G07275	0	0	0	0	0	0
AT5G48860	0	0	0	0	0	0
AT5G07295	0	0	0	0	0	0
AT5G48905	0	0	0	0	0	0
AT5G48945	0	0	0	0	0	0
AT5G48953	0	0	0	0	0	0
AT5G49040	0	0	0	0	0	0
AT5G49050	0	0	0	0	0	0
AT5G07335	0	0	0	0	0	0
AT5G07345	0	0	0	0	0	0
AT5G49138	0	0	0	0	0	0
AT5G49130	0	0	0	0	0	0
AT5G49140	0	0	0	0	0	0
AT5G49150	0	0	0	0	0	0
AT5G49240	0	0	0	0	0	0
AT5G49250	0	0	0	0	0	0
AT5G49260	0	0	0	0	0	0
AT5G07355	0	0	0	0	0	0
AT5G07385	0	0	0	0	0	0
AT5G49340	0	0	0	0	0	0
AT5G49350	0	0	0	0	0	0
AT5G49490	0	0	0	0	0	0
AT5G07395	0	0	0	0	0	0
AT5G07405	0	0	0	0	0	0
AT5G07415	0	0	0	0	0	0
AT5G07425	0	0	0	0	0	0
AT5G07435	0	0	0	0	0	0
AT5G49615	0	0	0	0	0	0
AT5G49640	0	0	0	0	0	0
AT5G07445	0	0	0	0	0	0
AT5G49750	0	0	0	0	0	0
AT5G07465	0	0	0	0	0	0
AT5G49860	0	0	0	0	0	0
AT5G07485	0	0	0	0	0	0
AT5G07495	0	0	0	0	0	0
AT5G07515	0	0	0	0	0	0
AT5G50040	0	0	0	0	0	0
AT5G50050	0	0	0	0	0	0
AT5G50060	0	0	0	0	0	0
AT5G50080	0	0	0	0	0	0
AT5G07535	0	0	0	0	0	0
AT5G50115	0	0	0	0	0	0
AT5G07565	0	0	0	0	0	0
AT5G07575	0	0	0	0	0	0
AT5G07585	0	0	0	0	0	0
AT5G07595	0	0	0	0	0	0
AT5G50365	0	0	0	0	0	0
AT5G07615	0	0	0	0	0	0
AT5G07635	0	0	0	0	0	0
AT5G07655	0	0	0	0	0	0
AT5G50480	0	0	0	0	0	0
AT5G50500	0	0	0	0	0	0
AT5G07665	0	0	0	0	0	0
AT5G07695	0	0	0	0	0	0
AT5G50510	0	0	0	0	0	0
AT5G50540	0	0	0	0	0	0
AT5G50562	0	0	0	0	0	0
AT5G50610	0	0	0	0	0	0
AT5G50620	0	0	0	0	0	0
AT5G50660	0	0	0	0	0	0
AT5G50690	0	0	0	0	0	0
AT5G50710	0	0	0	0	0	0
AT5G50717	0	0	0	0	0	0
AT5G50805	0	0	0	0	0	0
AT5G50830	0	0	0	0	0	0
AT5G50910	0	0	0	0	0	0
AT5G50950	0	0	0	0	0	0
AT5G50995	0	0	0	0	0	0
AT5G51000	0	0	0	0	0	0
AT5G07715	0	0	0	0	0	0
AT5G51105	0	0	0	0	0	0
AT5G51190	0	0	0	0	0	0
AT5G51195	0	0	0	0	0	0
AT5G51585	0	0	0	0	0	0
AT5G51650	0	0	0	0	0	0
AT5G07775	0	0	0	0	0	0
AT5G07795	0	0	0	0	0	0
AT5G07825	0	0	0	0	0	0
AT5G07835	0	0	0	0	0	0
AT5G07845	0	0	0	0	0	0
AT5G51845	0	0	0	0	0	0
AT5G51900	0	0	0	0	0	0
AT5G51915	0	0	0	0	0	0
AT5G07855	0	0	0	0	0	0
AT5G52080	0	0	0	0	0	0
AT5G52090	0	0	0	0	0	0
AT5G52115	0	0	0	0	0	0
AT5G52130	0	0	0	0	0	0
AT5G52140	0	0	0	0	0	0
AT5G52150	0	0	0	0	0	0
AT5G52155	0	0	0	0	0	0
AT5G52160	0	0	0	0	0	0
AT5G52180	0	0	0	0	0	0
AT5G52190	0	0	0	0	0	0
AT5G52350	0	0	0	0	0	0
AT5G52355	0	0	0	0	0	0
AT5G52460	0	0	0	0	0	0
AT5G52490	0	0	0	0	0	0
AT5G52495	0	0	0	0	0	0
AT5G52610	0	0	0	0	0	0
AT5G07905	0	0	0	0	0	0
AT5G52680	0	0	0	0	0	0
AT5G52690	0	0	0	0	0	0
AT5G52700	0	0	0	0	0	0
AT5G52710	0	0	0	0	0	0
AT5G52720	0	0	0	0	0	0
AT5G52730	0	0	0	0	0	0
AT5G52740	0	0	0	0	0	0
AT5G52770	0	0	0	0	0	0
AT5G52797	0	0	0	0	0	0
AT5G52815	0	0	0	0	0	0
AT5G07915	0	0	0	0	0	0
AT5G07925	0	0	0	0	0	0
AT5G07935	0	0	0	0	0	0
AT5G07945	0	0	0	0	0	0
AT5G53040	0	0	0	0	0	0
AT5G07965	0	0	0	0	0	0
AT5G07975	0	0	0	0	0	0
AT5G07985	0	0	0	0	0	0
AT5G53380	0	0	0	0	0	0
AT5G53410	0	0	0	0	0	0
AT5G53487	0	0	0	0	0	0
AT5G53510	0	0	0	0	0	0
AT5G53600	0	0	0	0	0	0
AT5G53610	0	0	0	0	0	0
AT5G53635	0	0	0	0	0	0
AT5G53637	0	0	0	0	0	0
AT5G08015	0	0	0	0	0	0
AT5G08025	0	0	0	0	0	0
AT5G53780	0	0	0	0	0	0
AT5G53790	0	0	0	0	0	0
AT5G53840	0	0	0	0	0	0
AT5G08045	0	0	0	0	0	0
AT5G08065	0	0	0	0	0	0
AT5G53905	0	0	0	0	0	0
AT5G53910	0	0	0	0	0	0
AT5G53960	0	0	0	0	0	0
AT5G08095	0	0	0	0	0	0
AT5G54035	0	0	0	0	0	0
AT5G54043	0	0	0	0	0	0
AT5G08115	0	0	0	0	0	0
AT5G08125	0	0	0	0	0	0
AT5G54148	0	0	0	0	0	0
AT5G54150	0	0	0	0	0	0
AT5G54210	0	0	0	0	0	0
AT5G54215	0	0	0	0	0	0
AT5G54220	0	0	0	0	0	0
AT5G08165	0	0	0	0	0	0
AT5G54225	0	0	0	0	0	0
AT5G08175	0	0	0	0	0	0
AT5G54320	0	0	0	0	0	0
AT5G54330	0	0	0	0	0	0
AT5G54340	0	0	0	0	0	0
AT5G54360	0	0	0	0	0	0
AT5G54365	0	0	0	0	0	0
AT5G54375	0	0	0	0	0	0
AT5G54480	0	0	0	0	0	0
AT5G08205	0	0	0	0	0	0
AT5G08225	0	0	0	0	0	0
AT5G54620	0	0	0	0	0	0
AT5G08255	0	0	0	0	0	0
AT5G08265	0	0	0	0	0	0
AT5G54820	0	0	0	0	0	0
AT5G55055	0	0	0	0	0	0
AT5G55131	0	0	0	0	0	0
AT5G55320	0	0	0	0	0	0
AT5G08275	0	0	0	0	0	0
AT5G08285	0	0	0	0	0	0
AT5G55508	0	0	0	0	0	0
AT5G55565	0	0	0	0	0	0
AT5G55690	0	0	0	0	0	0
AT5G55855	0	0	0	0	0	0
AT5G55856	0	0	0	0	0	0
AT5G55870	0	0	0	0	0	0
AT5G55880	0	0	0	0	0	0
AT5G08375	0	0	0	0	0	0
AT5G55890	0	0	0	0	0	0
AT5G08385	0	0	0	0	0	0
AT5G08425	0	0	0	0	0	0
AT5G56070	0	0	0	0	0	0
AT5G56075	0	0	0	0	0	0
AT5G08445	0	0	0	0	0	0
AT5G08455	0	0	0	0	0	0
AT5G08465	0	0	0	0	0	0
AT5G08475	0	0	0	0	0	0
AT5G56330	0	0	0	0	0	0
AT5G56365	0	0	0	0	0	0
AT5G56390	0	0	0	0	0	0
AT5G56400	0	0	0	0	0	0
AT5G56430	0	0	0	0	0	0
AT5G56440	0	0	0	0	0	0
AT5G56452	0	0	0	0	0	0
AT5G56470	0	0	0	0	0	0
AT5G56480	0	0	0	0	0	0
AT5G56490	0	0	0	0	0	0
AT5G08575	0	0	0	0	0	0
AT5G08595	0	0	0	0	0	0
AT5G56555	0	0	0	0	0	0
AT5G56560	0	0	0	0	0	0
AT5G56570	0	0	0	0	0	0
AT5G56640	0	0	0	0	0	0
AT5G08615	0	0	0	0	0	0
AT5G56745	0	0	0	0	0	0
AT5G56820	0	0	0	0	0	0
AT5G08645	0	0	0	0	0	0
AT5G08635	0	0	0	0	0	0
AT5G08655	0	0	0	0	0	0
AT5G08665	0	0	0	0	0	0
AT5G56880	0	0	0	0	0	0
AT5G56920	0	0	0	0	0	0
AT5G08675	0	0	0	0	0	0
AT5G08685	0	0	0	0	0	0
AT5G56975	0	0	0	0	0	0
AT5G56985	0	0	0	0	0	0
AT5G08705	0	0	0	0	0	0
AT5G57535	0	0	0	0	0	0
AT5G08735	0	0	0	0	0	0
AT5G08745	0	0	0	0	0	0
AT5G08755	0	0	0	0	0	0
AT5G57750	0	0	0	0	0	0
AT5G08820	0	0	0	0	0	0
AT5G58150	0	0	0	0	0	0
AT5G08825	0	0	0	0	0	0
AT5G08830	0	0	0	0	0	0
AT5G58495	0	0	0	0	0	0
AT5G08835	0	0	0	0	0	0
AT5G08860	0	0	0	0	0	0
AT5G08865	0	0	0	0	0	0
AT5G08870	0	0	0	0	0	0
AT5G58782	0	0	0	0	0	0
AT5G58830	0	0	0	0	0	0
AT5G58850	0	0	0	0	0	0
AT5G58860	0	0	0	0	0	0
AT5G58890	0	0	0	0	0	0
AT5G08880	0	0	0	0	0	0
AT5G08885	0	0	0	0	0	0
AT5G08890	0	0	0	0	0	0
AT5G59055	0	0	0	0	0	0
AT5G59070	0	0	0	0	0	0
AT5G59110	0	0	0	0	0	0
AT5G59120	0	0	0	0	0	0
AT5G08895	0	0	0	0	0	0
AT5G08900	0	0	0	0	0	0
AT5G08905	0	0	0	0	0	0
AT5G59270	0	0	0	0	0	0
AT5G59305	0	0	0	0	0	0
AT5G59330	0	0	0	0	0	0
AT5G08910	0	0	0	0	0	0
AT5G08915	0	0	0	0	0	0
AT5G08920	0	0	0	0	0	0
AT5G59580	0	0	0	0	0	0
AT5G59600	0	0	0	0	0	0
AT5G59616	0	0	0	0	0	0
AT5G59730	0	0	0	0	0	0
AT5G08935	0	0	0	0	0	0
AT5G08940	0	0	0	0	0	0
AT5G59895	0	0	0	0	0	0
AT5G08945	0	0	0	0	0	0
AT5G59945	0	0	0	0	0	0
AT5G60000	0	0	0	0	0	0
AT5G60010	0	0	0	0	0	0
AT5G08950	0	0	0	0	0	0
AT5G60070	0	0	0	0	0	0
AT5G60080	0	0	0	0	0	0
AT5G60215	0	0	0	0	0	0
AT5G60240	0	0	0	0	0	0
AT5G60480	0	0	0	0	0	0
AT5G60500	0	0	0	0	0	0
AT5G60553	0	0	0	0	0	0
AT5G60560	0	0	0	0	0	0
AT5G08955	0	0	0	0	0	0
AT5G08960	0	0	0	0	0	0
AT5G08970	0	0	0	0	0	0
AT5G60805	0	0	0	0	0	0
AT5G08980	0	0	0	0	0	0
AT5G60945	0	0	0	0	0	0
AT5G60963	0	0	0	0	0	0
AT5G60964	0	0	0	0	0	0
AT5G08985	0	0	0	0	0	0
AT5G61090	0	0	0	0	0	0
AT5G61110	0	0	0	0	0	0
AT5G61345	0	0	0	0	0	0
AT5G08995	0	0	0	0	0	0
AT5G09000	0	0	0	0	0	0
AT5G09005	0	0	0	0	0	0
AT5G61470	0	0	0	0	0	0
AT5G09010	0	0	0	0	0	0
AT5G61495	0	0	0	0	0	0
AT5G09015	0	0	0	0	0	0
AT5G61605	0	0	0	0	0	0
AT5G61660	0	0	0	0	0	0
AT5G61680	0	0	0	0	0	0
AT5G61710	0	0	0	0	0	0
AT5G09025	0	0	0	0	0	0
AT5G61720	0	0	0	0	0	0
AT5G61750	0	0	0	0	0	0
AT5G61835	0	0	0	0	0	0
AT5G09030	0	0	0	0	0	0
AT5G09045	0	0	0	0	0	0
AT5G62060	0	0	0	0	0	0
AT5G62162	0	0	0	0	0	0
AT5G09050	0	0	0	0	0	0
AT5G09070	0	0	0	0	0	0
AT5G09080	0	0	0	0	0	0
AT5G62573	0	0	0	0	0	0
AT5G62623	0	0	0	0	0	0
AT5G62627	0	0	0	0	0	0
AT5G62848	0	0	0	0	0	0
AT5G62860	0	0	0	0	0	0
AT5G09095	0	0	0	0	0	0
AT5G09100	0	0	0	0	0	0
AT5G09105	0	0	0	0	0	0
AT5G09110	0	0	0	0	0	0
AT5G09120	0	0	0	0	0	0
AT5G09130	0	0	0	0	0	0
AT5G09140	0	0	0	0	0	0
AT5G63063	0	0	0	0	0	0
AT5G09145	0	0	0	0	0	0
AT5G63145	0	0	0	0	0	0
AT5G63170	0	0	0	0	0	0
AT5G63195	0	0	0	0	0	0
AT5G63225	0	0	0	0	0	0
AT5G63230	0	0	0	0	0	0
AT5G09150	0	0	0	0	0	0
AT5G09155	0	0	0	0	0	0
AT5G63375	0	0	0	0	0	0
AT5G09165	0	0	0	0	0	0
AT5G09170	0	0	0	0	0	0
AT5G63560	0	0	0	0	0	0
AT5G63715	0	0	0	0	0	0
AT5G63730	0	0	0	0	0	0
AT5G63740	0	0	0	0	0	0
AT5G64000	0	0	0	0	0	0
AT5G09185	0	0	0	0	0	0
AT5G64395	0	0	0	0	0	0
AT5G64401	0	0	0	0	0	0
AT5G64505	0	0	0	0	0	0
AT5G09205	0	0	0	0	0	0
AT5G64572	0	0	0	0	0	0
AT5G09235	0	0	0	0	0	0
AT5G09245	0	0	0	0	0	0
AT5G64735	0	0	0	0	0	0
AT5G64770	0	0	0	0	0	0
AT5G64790	0	0	0	0	0	0
AT5G64800	0	0	0	0	0	0
AT5G09265	0	0	0	0	0	0
AT5G09275	0	0	0	0	0	0
AT5G09285	0	0	0	0	0	0
AT5G65015	0	0	0	0	0	0
AT5G65445	0	0	0	0	0	0
AT5G65535	0	0	0	0	0	0
AT5G65580	0	0	0	0	0	0
AT5G65613	0	0	0	0	0	0
AT5G65615	0	0	0	0	0	0
AT5G09405	0	0	0	0	0	0
AT5G09425	0	0	0	0	0	0
AT5G65770	0	0	0	0	0	0
AT5G09495	0	0	0	0	0	0
AT5G09515	0	0	0	0	0	0
AT5G09545	0	0	0	0	0	0
AT5G09565	0	0	0	0	0	0
AT5G66053	0	0	0	0	0	0
AT5G66220	0	0	0	0	0	0
AT5G09595	0	0	0	0	0	0
AT5G66280	0	0	0	0	0	0
AT5G09605	0	0	0	0	0	0
AT5G09615	0	0	0	0	0	0
AT5G66520	0	0	0	0	0	0
AT5G66535	0	0	0	0	0	0
AT5G66560	0	0	0	0	0	0
AT5G66568	0	0	0	0	0	0
AT5G09645	0	0	0	0	0	0
AT5G09665	0	0	0	0	0	0
AT5G09685	0	0	0	0	0	0
AT5G66755	0	0	0	0	0	0
AT5G09715	0	0	0	0	0	0
AT5G66817	0	0	0	0	0	0
AT5G09735	0	0	0	0	0	0
AT5G09775	0	0	0	0	0	0
AT5G67000	0	0	0	0	0	0
AT5G67040	0	0	0	0	0	0
AT5G09825	0	0	0	0	0	0
AT5G09835	0	0	0	0	0	0
AT5G09845	0	0	0	0	0	0
AT5G09855	0	0	0	0	0	0
AT5G09865	0	0	0	0	0	0
AT5G09885	0	0	0	0	0	0
AT5G09895	0	0	0	0	0	0
AT5G09915	0	0	0	0	0	0
AT5G67455	0	0	0	0	0	0
AT5G09925	0	0	0	0	0	0
AT3G01010	0	0	0	0	0	0
AT3G01020	0	0	0	0	0	0
AT3G01142	0	0	0	0	0	0
AT3G01185	0	0	0	0	0	0
AT3G01250	0	0	0	0	0	0
AT3G01260	0	0	0	0	0	0
AT3G00985	0	0	0	0	0	0
AT3G01319	0	0	0	0	0	0
AT3G01326	0	0	0	0	0	0
AT3G01327	0	0	0	0	0	0
AT3G01328	0	0	0	0	0	0
AT3G01323	0	0	0	0	0	0
AT3G01324	0	0	0	0	0	0
AT3G01325	0	0	0	0	0	0
AT3G01005	0	0	0	0	0	0
AT3G01415	0	0	0	0	0	0
AT3G01025	0	0	0	0	0	0
AT3G01705	0	0	0	0	0	0
AT3G01055	0	0	0	0	0	0
AT3G01065	0	0	0	0	0	0
AT3G01950	0	0	0	0	0	0
AT3G01961	0	0	0	0	0	0
AT3G02000	0	0	0	0	0	0
AT3G02010	0	0	0	0	0	0
AT3G02255	0	0	0	0	0	0
AT3G02315	0	0	0	0	0	0
AT3G02335	0	0	0	0	0	0
AT3G02390	0	0	0	0	0	0
AT3G02400	0	0	0	0	0	0
AT3G02440	0	0	0	0	0	0
AT3G02670	0	0	0	0	0	0
AT3G02673	0	0	0	0	0	0
AT3G01135	0	0	0	0	0	0
AT3G02790	0	0	0	0	0	0
AT3G01145	0	0	0	0	0	0
AT3G01155	0	0	0	0	0	0
AT3G01165	0	0	0	0	0	0
AT3G02910	0	0	0	0	0	0
AT3G01215	0	0	0	0	0	0
AT3G02960	0	0	0	0	0	0
AT3G02975	0	0	0	0	0	0
AT3G01225	0	0	0	0	0	0
AT3G03190	0	0	0	0	0	0
AT3G03405	0	0	0	0	0	0
AT3G03410	0	0	0	0	0	0
AT3G01255	0	0	0	0	0	0
AT3G03510	0	0	0	0	0	0
AT3G03540	0	0	0	0	0	0
AT3G01285	0	0	0	0	0	0
AT3G01275	0	0	0	0	0	0
AT3G01305	0	0	0	0	0	0
AT3G01315	0	0	0	0	0	0
AT3G03670	0	0	0	0	0	0
AT3G03700	0	0	0	0	0	0
AT3G03730	0	0	0	0	0	0
AT3G03760	0	0	0	0	0	0
AT3G03826	0	0	0	0	0	0
AT3G03828	0	0	0	0	0	0
AT3G03847	0	0	0	0	0	0
AT3G03852	0	0	0	0	0	0
AT3G01365	0	0	0	0	0	0
AT3G01395	0	0	0	0	0	0
AT3G04150	0	0	0	0	0	0
AT3G04170	0	0	0	0	0	0
AT3G04180	0	0	0	0	0	0
AT3G04200	0	0	0	0	0	0
AT3G04210	0	0	0	0	0	0
AT3G01445	0	0	0	0	0	0
AT3G04270	0	0	0	0	0	0
AT3G04280	0	0	0	0	0	0
AT3G04390	0	0	0	0	0	0
AT3G04440	0	0	0	0	0	0
AT3G04540	0	0	0	0	0	0
AT3G01485	0	0	0	0	0	0
AT3G01495	0	0	0	0	0	0
AT3G04735	0	0	0	0	0	0
AT3G01505	0	0	0	0	0	0
AT3G01515	0	0	0	0	0	0
AT3G01525	0	0	0	0	0	0
AT3G04900	0	0	0	0	0	0
AT3G04903	0	0	0	0	0	0
AT3G04945	0	0	0	0	0	0
AT3G01545	0	0	0	0	0	0
AT3G01555	0	0	0	0	0	0
AT3G01565	0	0	0	0	0	0
AT3G01575	0	0	0	0	0	0
AT3G01595	0	0	0	0	0	0
AT3G05080	0	0	0	0	0	0
AT3G01605	0	0	0	0	0	0
AT3G05240	0	0	0	0	0	0
AT3G01625	0	0	0	0	0	0
AT3G05425	0	0	0	0	0	0
AT3G01645	0	0	0	0	0	0
AT3G05460	0	0	0	0	0	0
AT3G05525	0	0	0	0	0	0
AT3G05540	0	0	0	0	0	0
AT3G01655	0	0	0	0	0	0
AT3G01675	0	0	0	0	0	0
AT3G01695	0	0	0	0	0	0
AT3G01715	0	0	0	0	0	0
AT3G05725	0	0	0	0	0	0
AT3G01735	0	0	0	0	0	0
AT3G05741	0	0	0	0	0	0
AT3G05746	0	0	0	0	0	0
AT3G05755	0	0	0	0	0	0
AT3G01755	0	0	0	0	0	0
AT3G05775	0	0	0	0	0	0
AT3G01775	0	0	0	0	0	0
AT3G05835	0	0	0	0	0	0
AT3G01785	0	0	0	0	0	0
AT3G05900	0	0	0	0	0	0
AT3G05935	0	0	0	0	0	0
AT3G01805	0	0	0	0	0	0
AT3G06000	0	0	0	0	0	0
AT3G06019	0	0	0	0	0	0
AT3G06085	0	0	0	0	0	0
AT3G06090	0	0	0	0	0	0
AT3G06105	0	0	0	0	0	0
AT3G01815	0	0	0	0	0	0
AT3G06230	0	0	0	0	0	0
AT3G06335	0	0	0	0	0	0
AT3G06436	0	0	0	0	0	0
AT3G01855	0	0	0	0	0	0
AT3G01895	0	0	0	0	0	0
AT3G06870	0	0	0	0	0	0
AT3G06900	0	0	0	0	0	0
AT3G01905	0	0	0	0	0	0
AT3G01915	0	0	0	0	0	0
AT3G07005	0	0	0	0	0	0
AT3G07115	0	0	0	0	0	0
AT3G07185	0	0	0	0	0	0
AT3G01965	0	0	0	0	0	0
AT3G01985	0	0	0	0	0	0
AT3G07380	0	0	0	0	0	0
AT3G01995	0	0	0	0	0	0
AT3G02025	0	0	0	0	0	0
AT3G07710	0	0	0	0	0	0
AT3G07840	0	0	0	0	0	0
AT3G02045	0	0	0	0	0	0
AT3G02055	0	0	0	0	0	0
AT3G07970	0	0	0	0	0	0
AT3G02075	0	0	0	0	0	0
AT3G08490	0	0	0	0	0	0
AT3G02085	0	0	0	0	0	0
AT3G02095	0	0	0	0	0	0
AT3G02105	0	0	0	0	0	0
AT3G09140	0	0	0	0	0	0
AT3G02115	0	0	0	0	0	0
AT3G02155	0	0	0	0	0	0
AT3G09285	0	0	0	0	0	0
AT3G09505	0	0	0	0	0	0
AT3G09510	0	0	0	0	0	0
AT3G02215	0	0	0	0	0	0
AT3G09990	0	0	0	0	0	0
AT3G10035	0	0	0	0	0	0
AT3G02235	0	0	0	0	0	0
AT3G10116	0	0	0	0	0	0
AT3G02265	0	0	0	0	0	0
AT3G10120	0	0	0	0	0	0
AT3G02275	0	0	0	0	0	0
AT3G10280	0	0	0	0	0	0
AT3G10400	0	0	0	0	0	0
AT3G10439	0	0	0	0	0	0
AT3G02325	0	0	0	0	0	0
AT3G02345	0	0	0	0	0	0
AT3G10460	0	0	0	0	0	0
AT3G10527	0	0	0	0	0	0
AT3G10585	0	0	0	0	0	0
AT3G10595	0	0	0	0	0	0
AT3G02365	0	0	0	0	0	0
AT3G10790	0	0	0	0	0	0
AT3G10900	0	0	0	0	0	0
AT3G10950	0	0	0	0	0	0
AT3G10974	0	0	0	0	0	0
AT3G10990	0	0	0	0	0	0
AT3G11300	0	0	0	0	0	0
AT3G11395	0	0	0	0	0	0
AT3G11405	0	0	0	0	0	0
AT3G02395	0	0	0	0	0	0
AT3G02415	0	0	0	0	0	0
AT3G11505	0	0	0	0	0	0
AT3G02465	0	0	0	0	0	0
AT3G02475	0	0	0	0	0	0
AT3G11680	0	0	0	0	0	0
AT3G11825	0	0	0	0	0	0
AT3G11990	0	0	0	0	0	0
AT3G12000	0	0	0	0	0	0
AT3G12030	0	0	0	0	0	0
AT3G12190	0	0	0	0	0	0
AT3G12385	0	0	0	0	0	0
AT3G02505	0	0	0	0	0	0
AT3G02525	0	0	0	0	0	0
AT3G12510	0	0	0	0	0	0
AT3G02535	0	0	0	0	0	0
AT3G02565	0	0	0	0	0	0
AT3G12660	0	0	0	0	0	0
AT3G12720	0	0	0	0	0	0
AT3G12835	0	0	0	0	0	0
AT3G12850	0	0	0	0	0	0
AT3G02595	0	0	0	0	0	0
AT3G12900	0	0	0	0	0	0
AT3G02625	0	0	0	0	0	0
AT3G13061	0	0	0	0	0	0
AT3G13075	0	0	0	0	0	0
AT3G13223	0	0	0	0	0	0
AT3G13390	0	0	0	0	0	0
AT3G02705	0	0	0	0	0	0
AT3G13433	0	0	0	0	0	0
AT3G13540	0	0	0	0	0	0
AT3G02735	0	0	0	0	0	0
AT3G13700	0	0	0	0	0	0
AT3G02745	0	0	0	0	0	0
AT3G02755	0	0	0	0	0	0
AT3G02765	0	0	0	0	0	0
AT3G02785	0	0	0	0	0	0
AT3G13820	0	0	0	0	0	0
AT3G13830	0	0	0	0	0	0
AT3G13855	0	0	0	0	0	0
AT3G02795	0	0	0	0	0	0
AT3G02805	0	0	0	0	0	0
AT3G02815	0	0	0	0	0	0
AT3G02835	0	0	0	0	0	0
AT3G02855	0	0	0	0	0	0
AT3G02905	0	0	0	0	0	0
AT3G14300	0	0	0	0	0	0
AT3G14340	0	0	0	0	0	0
AT3G02915	0	0	0	0	0	0
AT3G02925	0	0	0	0	0	0
AT3G02935	0	0	0	0	0	0
AT3G14463	0	0	0	0	0	0
AT3G14475	0	0	0	0	0	0
AT3G02985	0	0	0	0	0	0
AT3G02995	0	0	0	0	0	0
AT3G03005	0	0	0	0	0	0
AT3G14820	0	0	0	0	0	0
AT3G14855	0	0	0	0	0	0
AT3G14981	0	0	0	0	0	0
AT3G15055	0	0	0	0	0	0
AT3G15111	0	0	0	0	0	0
AT3G03035	0	0	0	0	0	0
AT3G03045	0	0	0	0	0	0
AT3G03055	0	0	0	0	0	0
AT3G03065	0	0	0	0	0	0
AT3G15251	0	0	0	0	0	0
AT3G03095	0	0	0	0	0	0
AT3G03115	0	0	0	0	0	0
AT3G15536	0	0	0	0	0	0
AT3G15548	0	0	0	0	0	0
AT3G03145	0	0	0	0	0	0
AT3G15578	0	0	0	0	0	0
AT3G15604	0	0	0	0	0	0
AT3G15635	0	0	0	0	0	0
AT3G15909	0	0	0	0	0	0
AT3G03175	0	0	0	0	0	0
AT3G15930	0	0	0	0	0	0
AT3G03195	0	0	0	0	0	0
AT3G03205	0	0	0	0	0	0
AT3G03215	0	0	0	0	0	0
AT3G03245	0	0	0	0	0	0
AT3G03255	0	0	0	0	0	0
AT3G03275	0	0	0	0	0	0
AT3G03285	0	0	0	0	0	0
AT3G03295	0	0	0	0	0	0
AT3G16432	0	0	0	0	0	0
AT3G16525	0	0	0	0	0	0
AT3G16550	0	0	0	0	0	0
AT3G16552	0	0	0	0	0	0
AT3G16555	0	0	0	0	0	0
AT3G03345	0	0	0	0	0	0
AT3G03355	0	0	0	0	0	0
AT3G03365	0	0	0	0	0	0
AT3G16670	0	0	0	0	0	0
AT3G16680	0	0	0	0	0	0
AT3G16820	0	0	0	0	0	0
AT3G03375	0	0	0	0	0	0
AT3G03385	0	0	0	0	0	0
AT3G16880	0	0	0	0	0	0
AT3G16895	0	0	0	0	0	0
AT3G16930	0	0	0	0	0	0
AT3G16960	0	0	0	0	0	0
AT3G16970	0	0	0	0	0	0
AT3G17060	0	0	0	0	0	0
AT3G17080	0	0	0	0	0	0
AT3G03445	0	0	0	0	0	0
AT3G03455	0	0	0	0	0	0
AT3G17152	0	0	0	0	0	0
AT3G17155	0	0	0	0	0	0
AT3G17180	0	0	0	0	0	0
AT3G17190	0	0	0	0	0	0
AT3G17261	0	0	0	0	0	0
AT3G17265	0	0	0	0	0	0
AT3G03465	0	0	0	0	0	0
AT3G17500	0	0	0	0	0	0
AT3G17540	0	0	0	0	0	0
AT3G17560	0	0	0	0	0	0
AT3G03505	0	0	0	0	0	0
AT3G03515	0	0	0	0	0	0
AT3G03525	0	0	0	0	0	0
AT3G17765	0	0	0	0	0	0
AT3G03555	0	0	0	0	0	0
AT3G03585	0	0	0	0	0	0
AT3G03595	0	0	0	0	0	0
AT3G03615	0	0	0	0	0	0
AT3G18150	0	0	0	0	0	0
AT3G03635	0	0	0	0	0	0
AT3G03645	0	0	0	0	0	0
AT3G03655	0	0	0	0	0	0
AT3G18340	0	0	0	0	0	0
AT3G03665	0	0	0	0	0	0
AT3G03675	0	0	0	0	0	0
AT3G18460	0	0	0	0	0	0
AT3G18470	0	0	0	0	0	0
AT3G03695	0	0	0	0	0	0
AT3G18518	0	0	0	0	0	0
AT3G03705	0	0	0	0	0	0
AT3G18550	0	0	0	0	0	0
AT3G03715	0	0	0	0	0	0
AT3G03725	0	0	0	0	0	0
AT3G03735	0	0	0	0	0	0
AT3G18650	0	0	0	0	0	0
AT3G03745	0	0	0	0	0	0
AT3G03755	0	0	0	0	0	0
AT3G03775	0	0	0	0	0	0
AT3G18827	0	0	0	0	0	0
AT3G03785	0	0	0	0	0	0
AT3G18895	0	0	0	0	0	0
AT3G18915	0	0	0	0	0	0
AT3G18952	0	0	0	0	0	0
AT3G18957	0	0	0	0	0	0
AT3G19035	0	0	0	0	0	0
AT3G19055	0	0	0	0	0	0
AT3G19160	0	0	0	0	0	0
AT3G19235	0	0	0	0	0	0
AT3G19274	0	0	0	0	0	0
AT3G19552	0	0	0	0	0	0
AT3G19560	0	0	0	0	0	0
AT3G03835	0	0	0	0	0	0
AT3G19565	0	0	0	0	0	0
AT3G19600	0	0	0	0	0	0
AT3G19595	0	0	0	0	0	0
AT3G19613	0	0	0	0	0	0
AT3G03875	0	0	0	0	0	0
AT3G19700	0	0	0	0	0	0
AT3G19710	0	0	0	0	0	0
AT3G03895	0	0	0	0	0	0
AT3G19880	0	0	0	0	0	0
AT3G03945	0	0	0	0	0	0
AT3G20030	0	0	0	0	0	0
AT3G03955	0	0	0	0	0	0
AT3G20220	0	0	0	0	0	0
AT3G20555	0	0	0	0	0	0
AT3G20655	0	0	0	0	0	0
AT3G03975	0	0	0	0	0	0
AT3G20690	0	0	0	0	0	0
AT3G20700	0	0	0	0	0	0
AT3G03985	0	0	0	0	0	0
AT3G03995	0	0	0	0	0	0
AT3G04015	0	0	0	0	0	0
AT3G20850	0	0	0	0	0	0
AT3G20885	0	0	0	0	0	0
AT3G20950	0	0	0	0	0	0
AT3G20980	0	0	0	0	0	0
AT3G20993	0	0	0	0	0	0
AT3G20997	0	0	0	0	0	0
AT3G04045	0	0	0	0	0	0
AT3G21120	0	0	0	0	0	0
AT3G21130	0	0	0	0	0	0
AT3G21165	0	0	0	0	0	0
AT3G04095	0	0	0	0	0	0
AT3G21305	0	0	0	0	0	0
AT3G21320	0	0	0	0	0	0
AT3G21405	0	0	0	0	0	0
AT3G21410	0	0	0	0	0	0
AT3G04125	0	0	0	0	0	0
AT3G21460	0	0	0	0	0	0
AT3G21490	0	0	0	0	0	0
AT3G21500	0	0	0	0	0	0
AT3G04135	0	0	0	0	0	0
AT3G21570	0	0	0	0	0	0
AT3G04145	0	0	0	0	0	0
AT3G21760	0	0	0	0	0	0
AT3G21781	0	0	0	0	0	0
AT3G21780	0	0	0	0	0	0
AT3G04185	0	0	0	0	0	0
AT3G04195	0	0	0	0	0	0
AT3G21825	0	0	0	0	0	0
AT3G21830	0	0	0	0	0	0
AT3G04205	0	0	0	0	0	0
AT3G21840	0	0	0	0	0	0
AT3G21860	0	0	0	0	0	0
AT3G21900	0	0	0	0	0	0
AT3G21910	0	0	0	0	0	0
AT3G21920	0	0	0	0	0	0
AT3G21930	0	0	0	0	0	0
AT3G21940	0	0	0	0	0	0
AT3G21945	0	0	0	0	0	0
AT3G21950	0	0	0	0	0	0
AT3G21960	0	0	0	0	0	0
AT3G21980	0	0	0	0	0	0
AT3G21990	0	0	0	0	0	0
AT3G22000	0	0	0	0	0	0
AT3G22010	0	0	0	0	0	0
AT3G04215	0	0	0	0	0	0
AT3G22020	0	0	0	0	0	0
AT3G22022	0	0	0	0	0	0
AT3G22030	0	0	0	0	0	0
AT3G04225	0	0	0	0	0	0
AT3G22040	0	0	0	0	0	0
AT3G22050	0	0	0	0	0	0
AT3G22053	0	0	0	0	0	0
AT3G22057	0	0	0	0	0	0
AT3G22070	0	0	0	0	0	0
AT3G22080	0	0	0	0	0	0
AT3G22085	0	0	0	0	0	0
AT3G22121	0	0	0	0	0	0
AT3G04235	0	0	0	0	0	0
AT3G22142	0	0	0	0	0	0
AT3G04245	0	0	0	0	0	0
AT3G22183	0	0	0	0	0	0
AT3G04255	0	0	0	0	0	0
AT3G22231	0	0	0	0	0	0
AT3G22333	0	0	0	0	0	0
AT3G22337	0	0	0	0	0	0
AT3G22345	0	0	0	0	0	0
AT3G04265	0	0	0	0	0	0
AT3G22350	0	0	0	0	0	0
AT3G22436	0	0	0	0	0	0
AT3G22530	0	0	0	0	0	0
AT3G22570	0	0	0	0	0	0
AT3G22670	0	0	0	0	0	0
AT3G22710	0	0	0	0	0	0
AT3G04295	0	0	0	0	0	0
AT3G22720	0	0	0	0	0	0
AT3G22723	0	0	0	0	0	0
AT3G22730	0	0	0	0	0	0
AT3G04305	0	0	0	0	0	0
AT3G04315	0	0	0	0	0	0
AT3G22870	0	0	0	0	0	0
AT3G22920	0	0	0	0	0	0
AT3G22935	0	0	0	0	0	0
AT3G22940	0	0	0	0	0	0
AT3G04335	0	0	0	0	0	0
AT3G04345	0	0	0	0	0	0
AT3G04365	0	0	0	0	0	0
AT3G04385	0	0	0	0	0	0
AT3G04395	0	0	0	0	0	0
AT3G23122	0	0	0	0	0	0
AT3G23130	0	0	0	0	0	0
AT3G23140	0	0	0	0	0	0
AT3G23145	0	0	0	0	0	0
AT3G23165	0	0	0	0	0	0
AT3G04405	0	0	0	0	0	0
AT3G23172	0	0	0	0	0	0
AT3G04415	0	0	0	0	0	0
AT3G23220	0	0	0	0	0	0
AT3G23245	0	0	0	0	0	0
AT3G04425	0	0	0	0	0	0
AT3G04435	0	0	0	0	0	0
AT3G04455	0	0	0	0	0	0
AT3G04515	0	0	0	0	0	0
AT3G04535	0	0	0	0	0	0
AT3G04565	0	0	0	0	0	0
AT3G04575	0	0	0	0	0	0
AT3G23633	0	0	0	0	0	0
AT3G23635	0	0	0	0	0	0
AT3G23650	0	0	0	0	0	0
AT3G04585	0	0	0	0	0	0
AT3G23680	0	0	0	0	0	0
AT3G23685	0	0	0	0	0	0
AT3G23715	0	0	0	0	0	0
AT3G23727	0	0	0	0	0	0
AT3G23770	0	0	0	0	0	0
AT3G04595	0	0	0	0	0	0
AT3G23950	0	0	0	0	0	0
AT3G23960	0	0	0	0	0	0
AT3G23970	0	0	0	0	0	0
AT3G04615	0	0	0	0	0	0
AT3G24060	0	0	0	0	0	0
AT3G24065	0	0	0	0	0	0
AT3G24093	0	0	0	0	0	0
AT3G04635	0	0	0	0	0	0
AT3G04645	0	0	0	0	0	0
AT3G24230	0	0	0	0	0	0
AT3G24250	0	0	0	0	0	0
AT3G24270	0	0	0	0	0	0
AT3G24280	0	0	0	0	0	0
AT3G24290	0	0	0	0	0	0
AT3G24332	0	0	0	0	0	0
AT3G24330	0	0	0	0	0	0
AT3G04655	0	0	0	0	0	0
AT3G24465	0	0	0	0	0	0
AT3G04675	0	0	0	0	0	0
AT3G04685	0	0	0	0	0	0
AT3G24508	0	0	0	0	0	0
AT3G24513	0	0	0	0	0	0
AT3G24520	0	0	0	0	0	0
AT3G24610	0	0	0	0	0	0
AT3G24614	0	0	0	0	0	0
AT3G24615	0	0	0	0	0	0
AT3G04795	0	0	0	0	0	0
AT3G24690	0	0	0	0	0	0
AT3G24700	0	0	0	0	0	0
AT3G24710	0	0	0	0	0	0
AT3G04805	0	0	0	0	0	0
AT3G24850	0	0	0	0	0	0
AT3G04825	0	0	0	0	0	0
AT3G04835	0	0	0	0	0	0
AT3G25012	0	0	0	0	0	0
AT3G25014	0	0	0	0	0	0
AT3G25090	0	0	0	0	0	0
AT3G25165	0	0	0	0	0	0
AT3G04875	0	0	0	0	0	0
AT3G25180	0	0	0	0	0	0
AT3G25200	0	0	0	0	0	0
AT3G04895	0	0	0	0	0	0
AT3G25265	0	0	0	0	0	0
AT3G25420	0	0	0	0	0	0
AT3G04905	0	0	0	0	0	0
AT3G25460	0	0	0	0	0	0
AT3G25493	0	0	0	0	0	0
AT3G04915	0	0	0	0	0	0
AT3G25573	0	0	0	0	0	0
AT3G04925	0	0	0	0	0	0
AT3G25716	0	0	0	0	0	0
AT3G04935	0	0	0	0	0	0
AT3G04955	0	0	0	0	0	0
AT3G25727	0	0	0	0	0	0
AT3G25750	0	0	0	0	0	0
AT3G04985	0	0	0	0	0	0
AT3G26125	0	0	0	0	0	0
AT3G04995	0	0	0	0	0	0
AT3G05005	0	0	0	0	0	0
AT3G26320	0	0	0	0	0	0
AT3G26355	0	0	0	0	0	0
AT3G26445	0	0	0	0	0	0
AT3G26450	0	0	0	0	0	0
AT3G05015	0	0	0	0	0	0
AT3G05025	0	0	0	0	0	0
AT3G26512	0	0	0	0	0	0
AT3G05045	0	0	0	0	0	0
AT3G05055	0	0	0	0	0	0
AT3G05075	0	0	0	0	0	0
AT3G26812	0	0	0	0	0	0
AT3G05095	0	0	0	0	0	0
AT3G05105	0	0	0	0	0	0
AT3G26816	0	0	0	0	0	0
AT3G26819	0	0	0	0	0	0
AT3G05115	0	0	0	0	0	0
AT3G26860	0	0	0	0	0	0
AT3G26870	0	0	0	0	0	0
AT3G26880	0	0	0	0	0	0
AT3G05125	0	0	0	0	0	0
AT3G05135	0	0	0	0	0	0
AT3G27140	0	0	0	0	0	0
AT3G05145	0	0	0	0	0	0
AT3G05205	0	0	0	0	0	0
AT3G05215	0	0	0	0	0	0
AT3G05225	0	0	0	0	0	0
AT3G27329	0	0	0	0	0	0
AT3G27331	0	0	0	0	0	0
AT3G27355	0	0	0	0	0	0
AT3G05235	0	0	0	0	0	0
AT3G27416	0	0	0	0	0	0
AT3G27425	0	0	0	0	0	0
AT3G27480	0	0	0	0	0	0
AT3G05265	0	0	0	0	0	0
AT3G27555	0	0	0	0	0	0
AT3G05275	0	0	0	0	0	0
AT3G27680	0	0	0	0	0	0
AT3G05295	0	0	0	0	0	0
AT3G05305	0	0	0	0	0	0
AT3G05315	0	0	0	0	0	0
AT3G27809	0	0	0	0	0	0
AT3G27825	0	0	0	0	0	0
AT3G27831	0	0	0	0	0	0
AT3G05375	0	0	0	0	0	0
AT3G27980	0	0	0	0	0	0
AT3G28020	0	0	0	0	0	0
AT3G28190	0	0	0	0	0	0
AT3G05455	0	0	0	0	0	0
AT3G28243	0	0	0	0	0	0
AT3G28250	0	0	0	0	0	0
AT3G28280	0	0	0	0	0	0
AT3G05465	0	0	0	0	0	0
AT3G28290	0	0	0	0	0	0
AT3G28291	0	0	0	0	0	0
AT3G05475	0	0	0	0	0	0
AT3G05485	0	0	0	0	0	0
AT3G28300	0	0	0	0	0	0
AT3G28410	0	0	0	0	0	0
AT3G28490	0	0	0	0	0	0
AT3G05505	0	0	0	0	0	0
AT3G28510	0	0	0	0	0	0
AT3G28520	0	0	0	0	0	0
AT3G28530	0	0	0	0	0	0
AT3G28540	0	0	0	0	0	0
AT3G05515	0	0	0	0	0	0
AT3G05535	0	0	0	0	0	0
AT3G28600	0	0	0	0	0	0
AT3G05555	0	0	0	0	0	0
AT3G28685	0	0	0	0	0	0
AT3G28810	0	0	0	0	0	0
AT3G28820	0	0	0	0	0	0
AT3G28840	0	0	0	0	0	0
AT3G28853	0	0	0	0	0	0
AT3G28870	0	0	0	0	0	0
AT3G05575	0	0	0	0	0	0
AT3G28899	0	0	0	0	0	0
AT3G28917	0	0	0	0	0	0
AT3G05595	0	0	0	0	0	0
AT3G28922	0	0	0	0	0	0
AT3G05645	0	0	0	0	0	0
AT3G29033	0	0	0	0	0	0
AT3G29040	0	0	0	0	0	0
AT3G29050	0	0	0	0	0	0
AT3G29060	0	0	0	0	0	0
AT3G29070	0	0	0	0	0	0
AT3G05665	0	0	0	0	0	0
AT3G05695	0	0	0	0	0	0
AT3G29255	0	0	0	0	0	0
AT3G29340	0	0	0	0	0	0
AT3G29450	0	0	0	0	0	0
AT3G29455	0	0	0	0	0	0
AT3G29560	0	0	0	0	0	0
AT3G05745	0	0	0	0	0	0
AT3G05765	0	0	0	0	0	0
AT3G05785	0	0	0	0	0	0
AT3G05795	0	0	0	0	0	0
AT3G05805	0	0	0	0	0	0
AT3G29636	0	0	0	0	0	0
AT3G29631	0	0	0	0	0	0
AT3G05845	0	0	0	0	0	0
AT3G05855	0	0	0	0	0	0
AT3G29645	0	0	0	0	0	0
AT3G05885	0	0	0	0	0	0
AT3G29720	0	0	0	0	0	0
AT3G29740	0	0	0	0	0	0
AT3G29750	0	0	0	0	0	0
AT3G29763	0	0	0	0	0	0
AT3G29765	0	0	0	0	0	0
AT3G29785	0	0	0	0	0	0
AT3G29790	0	0	0	0	0	0
AT3G29796	0	0	0	0	0	0
AT3G29797	0	0	0	0	0	0
AT3G29800	0	0	0	0	0	0
AT3G05965	0	0	0	0	0	0
AT3G29830	0	0	0	0	0	0
AT3G30200	0	0	0	0	0	0
AT3G30220	0	0	0	0	0	0
AT3G30222	0	0	0	0	0	0
AT3G30230	0	0	0	0	0	0
AT3G30235	0	0	0	0	0	0
AT3G30247	0	0	0	0	0	0
AT3G30280	0	0	0	0	0	0
AT3G30290	0	0	0	0	0	0
AT3G30320	0	0	0	0	0	0
AT3G30345	0	0	0	0	0	0
AT3G30383	0	0	0	0	0	0
AT3G30385	0	0	0	0	0	0
AT3G30387	0	0	0	0	0	0
AT3G30430	0	0	0	0	0	0
AT3G30520	0	0	0	0	0	0
AT3G30525	0	0	0	0	0	0
AT3G30540	0	0	0	0	0	0
AT3G06055	0	0	0	0	0	0
AT3G30705	0	0	0	0	0	0
AT3G06065	0	0	0	0	0	0
AT3G30805	0	0	0	0	0	0
AT3G06135	0	0	0	0	0	0
AT3G06155	0	0	0	0	0	0
AT3G30840	0	0	0	0	0	0
AT3G30845	0	0	0	0	0	0
AT3G06165	0	0	0	0	0	0
AT3G06185	0	0	0	0	0	0
AT3G31350	0	0	0	0	0	0
AT3G31402	0	0	0	0	0	0
AT3G31430	0	0	0	0	0	0
AT3G31560	0	0	0	0	0	0
AT3G31900	0	0	0	0	0	0
AT3G06205	0	0	0	0	0	0
AT3G31925	0	0	0	0	0	0
AT3G06225	0	0	0	0	0	0
AT3G06235	0	0	0	0	0	0
AT3G06255	0	0	0	0	0	0
AT3G06265	0	0	0	0	0	0
AT3G06275	0	0	0	0	0	0
AT3G32090	0	0	0	0	0	0
AT3G32130	0	0	0	0	0	0
AT3G32150	0	0	0	0	0	0
AT3G32160	0	0	0	0	0	0
AT3G32180	0	0	0	0	0	0
AT3G32190	0	0	0	0	0	0
AT3G32200	0	0	0	0	0	0
AT3G32260	0	0	0	0	0	0
AT3G32280	0	0	0	0	0	0
AT3G32330	0	0	0	0	0	0
AT3G32380	0	0	0	0	0	0
AT3G32400	0	0	0	0	0	0
AT3G32410	0	0	0	0	0	0
AT3G32420	0	0	0	0	0	0
AT3G32896	0	0	0	0	0	0
AT3G32904	0	0	0	0	0	0
AT3G32960	0	0	0	0	0	0
AT3G06315	0	0	0	0	0	0
AT3G33187	0	0	0	0	0	0
AT3G33293	0	0	0	0	0	0
AT3G33393	0	0	0	0	0	0
AT3G33494	0	0	0	0	0	0
AT3G41761	0	0	0	0	0	0
AT3G06325	0	0	0	0	0	0
AT3G41979	0	0	0	0	0	0
AT3G42060	0	0	0	0	0	0
AT3G42075	0	0	0	0	0	0
AT3G42130	0	0	0	0	0	0
AT3G42140	0	0	0	0	0	0
AT3G42153	0	0	0	0	0	0
AT3G42155	0	0	0	0	0	0
AT3G06375	0	0	0	0	0	0
AT3G42390	0	0	0	0	0	0
AT3G06385	0	0	0	0	0	0
AT3G42473	0	0	0	0	0	0
AT3G06395	0	0	0	0	0	0
AT3G06405	0	0	0	0	0	0
AT3G06415	0	0	0	0	0	0
AT3G42560	0	0	0	0	0	0
AT3G42565	0	0	0	0	0	0
AT3G42570	0	0	0	0	0	0
AT3G42628	0	0	0	0	0	0
AT3G06445	0	0	0	0	0	0
AT3G42780	0	0	0	0	0	0
AT3G42786	0	0	0	0	0	0
AT3G29794	0	0	0	0	0	0
AT3G42870	0	0	0	0	0	0
AT3G06485	0	0	0	0	0	0
AT3G42940	0	0	0	0	0	0
AT3G42990	0	0	0	0	0	0
AT3G42995	0	0	0	0	0	0
AT3G43083	0	0	0	0	0	0
AT3G06525	0	0	0	0	0	0
AT3G43120	0	0	0	0	0	0
AT3G43148	0	0	0	0	0	0
AT3G43150	0	0	0	0	0	0
AT3G43153	0	0	0	0	0	0
AT3G43160	0	0	0	0	0	0
AT3G06535	0	0	0	0	0	0
AT3G06555	0	0	0	0	0	0
AT3G43260	0	0	0	0	0	0
AT3G06565	0	0	0	0	0	0
AT3G43280	0	0	0	0	0	0
AT3G43290	0	0	0	0	0	0
AT3G43400	0	0	0	0	0	0
AT3G06595	0	0	0	0	0	0
AT3G06605	0	0	0	0	0	0
AT3G43410	0	0	0	0	0	0
AT3G43415	0	0	0	0	0	0
AT3G06615	0	0	0	0	0	0
AT3G43432	0	0	0	0	0	0
AT3G43470	0	0	0	0	0	0
AT3G43480	0	0	0	0	0	0
AT3G43490	0	0	0	0	0	0
AT3G43503	0	0	0	0	0	0
AT3G43550	0	0	0	0	0	0
AT3G43570	0	0	0	0	0	0
AT3G43572	0	0	0	0	0	0
AT3G43574	0	0	0	0	0	0
AT3G43630	0	0	0	0	0	0
AT3G43645	0	0	0	0	0	0
AT3G43682	0	0	0	0	0	0
AT3G43710	0	0	0	0	0	0
AT3G06655	0	0	0	0	0	0
AT3G06675	0	0	0	0	0	0
AT3G43837	0	0	0	0	0	0
AT3G43870	0	0	0	0	0	0
AT3G43880	0	0	0	0	0	0
AT3G06695	0	0	0	0	0	0
AT3G43910	0	0	0	0	0	0
AT3G43940	0	0	0	0	0	0
AT3G06715	0	0	0	0	0	0
AT3G44080	0	0	0	0	0	0
AT3G06725	0	0	0	0	0	0
AT3G44090	0	0	0	0	0	0
AT3G06735	0	0	0	0	0	0
AT3G44115	0	0	0	0	0	0
AT3G44130	0	0	0	0	0	0
AT3G44140	0	0	0	0	0	0
AT3G44170	0	0	0	0	0	0
AT3G44180	0	0	0	0	0	0
AT3G44230	0	0	0	0	0	0
AT3G44235	0	0	0	0	0	0
AT3G44250	0	0	0	0	0	0
AT3G44261	0	0	0	0	0	0
AT3G06775	0	0	0	0	0	0
AT3G44350	0	0	0	0	0	0
AT3G06785	0	0	0	0	0	0
AT3G06805	0	0	0	0	0	0
AT3G44428	0	0	0	0	0	0
AT3G44435	0	0	0	0	0	0
AT3G06845	0	0	0	0	0	0
AT3G44540	0	0	0	0	0	0
AT3G06855	0	0	0	0	0	0
AT3G44555	0	0	0	0	0	0
AT3G44560	0	0	0	0	0	0
AT3G44635	0	0	0	0	0	0
AT3G44704	0	0	0	0	0	0
AT3G44718	0	0	0	0	0	0
AT3G44755	0	0	0	0	0	0
AT3G06905	0	0	0	0	0	0
AT3G06915	0	0	0	0	0	0
AT3G06925	0	0	0	0	0	0
AT3G44780	0	0	0	0	0	0
AT3G44785	0	0	0	0	0	0
AT3G06935	0	0	0	0	0	0
AT3G44860	0	0	0	0	0	0
AT3G44910	0	0	0	0	0	0
AT3G44920	0	0	0	0	0	0
AT3G44930	0	0	0	0	0	0
AT3G44935	0	0	0	0	0	0
AT3G44955	0	0	0	0	0	0
AT3G44970	0	0	0	0	0	0
AT3G45130	0	0	0	0	0	0
AT3G06975	0	0	0	0	0	0
AT3G45150	0	0	0	0	0	0
AT3G45160	0	0	0	0	0	0
AT3G45170	0	0	0	0	0	0
AT3G07065	0	0	0	0	0	0
AT3G45200	0	0	0	0	0	0
AT3G07075	0	0	0	0	0	0
AT3G45220	0	0	0	0	0	0
AT3G45243	0	0	0	0	0	0
AT3G45245	0	0	0	0	0	0
AT3G45248	0	0	0	0	0	0
AT3G07085	0	0	0	0	0	0
AT3G45252	0	0	0	0	0	0
AT3G07095	0	0	0	0	0	0
AT3G45275	0	0	0	0	0	0
AT3G45285	0	0	0	0	0	0
AT3G07105	0	0	0	0	0	0
AT3G07125	0	0	0	0	0	0
AT3G07135	0	0	0	0	0	0
AT3G45460	0	0	0	0	0	0
AT3G45470	0	0	0	0	0	0
AT3G45480	0	0	0	0	0	0
AT3G45490	0	0	0	0	0	0
AT3G45500	0	0	0	0	0	0
AT3G45510	0	0	0	0	0	0
AT3G45525	0	0	0	0	0	0
AT3G45540	0	0	0	0	0	0
AT3G45555	0	0	0	0	0	0
AT3G45560	0	0	0	0	0	0
AT3G45577	0	0	0	0	0	0
AT3G45580	0	0	0	0	0	0
AT3G45645	0	0	0	0	0	0
AT3G07225	0	0	0	0	0	0
AT3G07235	0	0	0	0	0	0
AT3G45673	0	0	0	0	0	0
AT3G45690	0	0	0	0	0	0
AT3G07245	0	0	0	0	0	0
AT3G45720	0	0	0	0	0	0
AT3G07265	0	0	0	0	0	0
AT3G45810	0	0	0	0	0	0
AT3G45851	0	0	0	0	0	0
AT3G07295	0	0	0	0	0	0
AT3G07305	0	0	0	0	0	0
AT3G45910	0	0	0	0	0	0
AT3G45920	0	0	0	0	0	0
AT3G45935	0	0	0	0	0	0
AT3G45940	0	0	0	0	0	0
AT3G45950	0	0	0	0	0	0
AT3G45965	0	0	0	0	0	0
AT3G07315	0	0	0	0	0	0
AT3G45990	0	0	0	0	0	0
AT3G46086	0	0	0	0	0	0
AT3G46120	0	0	0	0	0	0
AT3G46140	0	0	0	0	0	0
AT3G46190	0	0	0	0	0	0
AT3G07365	0	0	0	0	0	0
AT3G46240	0	0	0	0	0	0
AT3G07375	0	0	0	0	0	0
AT3G46300	0	0	0	0	0	0
AT3G07385	0	0	0	0	0	0
AT3G46310	0	0	0	0	0	0
AT3G07405	0	0	0	0	0	0
AT3G07415	0	0	0	0	0	0
AT3G46340	0	0	0	0	0	0
AT3G46350	0	0	0	0	0	0
AT3G46355	0	0	0	0	0	0
AT3G46360	0	0	0	0	0	0
AT3G46380	0	0	0	0	0	0
AT3G46390	0	0	0	0	0	0
AT3G46400	0	0	0	0	0	0
AT3G46410	0	0	0	0	0	0
AT3G46420	0	0	0	0	0	0
AT3G46470	0	0	0	0	0	0
AT3G46565	0	0	0	0	0	0
AT3G46570	0	0	0	0	0	0
AT3G46585	0	0	0	0	0	0
AT3G07475	0	0	0	0	0	0
AT3G07495	0	0	0	0	0	0
AT3G46670	0	0	0	0	0	0
AT3G46735	0	0	0	0	0	0
AT3G46770	0	0	0	0	0	0
AT3G46800	0	0	0	0	0	0
AT3G07545	0	0	0	0	0	0
AT3G46860	0	0	0	0	0	0
AT3G07585	0	0	0	0	0	0
AT3G07605	0	0	0	0	0	0
AT3G07615	0	0	0	0	0	0
AT3G07625	0	0	0	0	0	0
AT3G47140	0	0	0	0	0	0
AT3G47170	0	0	0	0	0	0
AT3G07645	0	0	0	0	0	0
AT3G07655	0	0	0	0	0	0
AT3G07665	0	0	0	0	0	0
AT3G47210	0	0	0	0	0	0
AT3G07685	0	0	0	0	0	0
AT3G07695	0	0	0	0	0	0
AT3G07705	0	0	0	0	0	0
AT3G07765	0	0	0	0	0	0
AT3G07785	0	0	0	0	0	0
AT3G07795	0	0	0	0	0	0
AT3G07805	0	0	0	0	0	0
AT3G07815	0	0	0	0	0	0
AT3G07835	0	0	0	0	0	0
AT3G07845	0	0	0	0	0	0
AT3G07855	0	0	0	0	0	0
AT3G07865	0	0	0	0	0	0
AT3G07885	0	0	0	0	0	0
AT3G48205	0	0	0	0	0	0
AT3G07905	0	0	0	0	0	0
AT3G48209	0	0	0	0	0	0
AT3G48220	0	0	0	0	0	0
AT3G48231	0	0	0	0	0	0
AT3G48298	0	0	0	0	0	0
AT3G07925	0	0	0	0	0	0
AT3G48275	0	0	0	0	0	0
AT3G07945	0	0	0	0	0	0
AT3G48400	0	0	0	0	0	0
AT3G48475	0	0	0	0	0	0
AT3G07955	0	0	0	0	0	0
AT3G07965	0	0	0	0	0	0
AT3G48515	0	0	0	0	0	0
AT3G48620	0	0	0	0	0	0
AT3G48630	0	0	0	0	0	0
AT3G48745	0	0	0	0	0	0
AT3G48940	0	0	0	0	0	0
AT3G08025	0	0	0	0	0	0
AT3G08035	0	0	0	0	0	0
AT3G49040	0	0	0	0	0	0
AT3G49045	0	0	0	0	0	0
AT3G49115	0	0	0	0	0	0
AT3G49150	0	0	0	0	0	0
AT3G49240	0	0	0	0	0	0
AT3G49270	0	0	0	0	0	0
AT3G08050	0	0	0	0	0	0
AT3G08055	0	0	0	0	0	0
AT3G49305	0	0	0	0	0	0
AT3G49307	0	0	0	0	0	0
AT3G49340	0	0	0	0	0	0
AT3G49440	0	0	0	0	0	0
AT3G49460	0	0	0	0	0	0
AT3G49610	0	0	0	0	0	0
AT3G49668	0	0	0	0	0	0
AT3G08070	0	0	0	0	0	0
AT3G49740	0	0	0	0	0	0
AT3G49744	0	0	0	0	0	0
AT3G08080	0	0	0	0	0	0
AT3G49770	0	0	0	0	0	0
AT3G08085	0	0	0	0	0	0
AT3G49925	0	0	0	0	0	0
AT3G08090	0	0	0	0	0	0
AT3G50020	0	0	0	0	0	0
AT3G50123	0	0	0	0	0	0
AT3G50160	0	0	0	0	0	0
AT3G08100	0	0	0	0	0	0
AT3G50250	0	0	0	0	0	0
AT3G08110	0	0	0	0	0	0
AT3G50450	0	0	0	0	0	0
AT3G50460	0	0	0	0	0	0
AT3G50505	0	0	0	0	0	0
AT3G50510	0	0	0	0	0	0
AT3G50580	0	0	0	0	0	0
AT3G08120	0	0	0	0	0	0
AT3G08125	0	0	0	0	0	0
AT3G08135	0	0	0	0	0	0
AT3G50665	0	0	0	0	0	0
AT3G08140	0	0	0	0	0	0
AT3G50730	0	0	0	0	0	0
AT3G08155	0	0	0	0	0	0
AT3G08160	0	0	0	0	0	0
AT3G50835	0	0	0	0	0	0
AT3G50895	0	0	0	0	0	0
AT3G50925	0	0	0	0	0	0
AT3G51020	0	0	0	0	0	0
AT3G51070	0	0	0	0	0	0
AT3G08175	0	0	0	0	0	0
AT3G51135	0	0	0	0	0	0
AT3G51590	0	0	0	0	0	0
AT3G51644	0	0	0	0	0	0
AT3G51700	0	0	0	0	0	0
AT3G08205	0	0	0	0	0	0
AT3G08215	0	0	0	0	0	0
AT3G08225	0	0	0	0	0	0
AT3G52070	0	0	0	0	0	0
AT3G52075	0	0	0	0	0	0
AT3G08230	0	0	0	0	0	0
AT3G08235	0	0	0	0	0	0
AT3G08245	0	0	0	0	0	0
AT3G52285	0	0	0	0	0	0
AT3G52320	0	0	0	0	0	0
AT3G52330	0	0	0	0	0	0
AT3G52345	0	0	0	0	0	0
AT3G08250	0	0	0	0	0	0
AT3G08265	0	0	0	0	0	0
AT3G08270	0	0	0	0	0	0
AT3G52690	0	0	0	0	0	0
AT3G52700	0	0	0	0	0	0
AT3G08280	0	0	0	0	0	0
AT3G08285	0	0	0	0	0	0
AT3G52790	0	0	0	0	0	0
AT3G52810	0	0	0	0	0	0
AT3G52830	0	0	0	0	0	0
AT3G52955	0	0	0	0	0	0
AT3G08310	0	0	0	0	0	0
AT3G52980	0	0	0	0	0	0
AT3G53015	0	0	0	0	0	0
AT3G53016	0	0	0	0	0	0
AT3G53060	0	0	0	0	0	0
AT3G08315	0	0	0	0	0	0
AT3G53065	0	0	0	0	0	0
AT3G53070	0	0	0	0	0	0
AT3G08325	0	0	0	0	0	0
AT3G53075	0	0	0	0	0	0
AT3G53080	0	0	0	0	0	0
AT3G53140	0	0	0	0	0	0
AT3G08330	0	0	0	0	0	0
AT3G53290	0	0	0	0	0	0
AT3G53294	0	0	0	0	0	0
AT3G08335	0	0	0	0	0	0
AT3G53300	0	0	0	0	0	0
AT3G53305	0	0	0	0	0	0
AT3G53342	0	0	0	0	0	0
AT3G08345	0	0	0	0	0	0
AT3G08350	0	0	0	0	0	0
AT3G53550	0	0	0	0	0	0
AT3G08355	0	0	0	0	0	0
AT3G53611	0	0	0	0	0	0
AT3G53770	0	0	0	0	0	0
AT3G53775	0	0	0	0	0	0
AT3G53790	0	0	0	0	0	0
AT3G53820	0	0	0	0	0	0
AT3G53910	0	0	0	0	0	0
AT3G53965	0	0	0	0	0	0
AT3G54065	0	0	0	0	0	0
AT3G54070	0	0	0	0	0	0
AT3G08365	0	0	0	0	0	0
AT3G08380	0	0	0	0	0	0
AT3G54310	0	0	0	0	0	0
AT3G08390	0	0	0	0	0	0
AT3G08395	0	0	0	0	0	0
AT3G08400	0	0	0	0	0	0
AT3G54570	0	0	0	0	0	0
AT3G54630	0	0	0	0	0	0
AT3G08420	0	0	0	0	0	0
AT3G08430	0	0	0	0	0	0
AT3G55100	0	0	0	0	0	0
AT3G08450	0	0	0	0	0	0
AT3G08455	0	0	0	0	0	0
AT3G08460	0	0	0	0	0	0
AT3G08465	0	0	0	0	0	0
AT3G55252	0	0	0	0	0	0
AT3G08470	0	0	0	0	0	0
AT3G08475	0	0	0	0	0	0
AT3G08480	0	0	0	0	0	0
AT3G08485	0	0	0	0	0	0
AT3G55513	0	0	0	0	0	0
AT3G08495	0	0	0	0	0	0
AT3G55512	0	0	0	0	0	0
AT3G08515	0	0	0	0	0	0
AT3G55570	0	0	0	0	0	0
AT3G08545	0	0	0	0	0	0
AT3G55665	0	0	0	0	0	0
AT3G08575	0	0	0	0	0	0
AT3G55670	0	0	0	0	0	0
AT3G55672	0	0	0	0	0	0
AT3G55677	0	0	0	0	0	0
AT3G55680	0	0	0	0	0	0
AT3G08595	0	0	0	0	0	0
AT3G55790	0	0	0	0	0	0
AT3G55795	0	0	0	0	0	0
AT3G08605	0	0	0	0	0	0
AT3G08615	0	0	0	0	0	0
AT3G56410	0	0	0	0	0	0
AT3G08665	0	0	0	0	0	0
AT3G08675	0	0	0	0	0	0
AT3G56520	0	0	0	0	0	0
AT3G56530	0	0	0	0	0	0
AT3G56560	0	0	0	0	0	0
AT3G56610	0	0	0	0	0	0
AT3G56670	0	0	0	0	0	0
AT3G56700	0	0	0	0	0	0
AT3G08695	0	0	0	0	0	0
AT3G08705	0	0	0	0	0	0
AT3G08715	0	0	0	0	0	0
AT3G08725	0	0	0	0	0	0
AT3G08755	0	0	0	0	0	0
AT3G08765	0	0	0	0	0	0
AT3G08785	0	0	0	0	0	0
AT3G08815	0	0	0	0	0	0
AT3G08825	0	0	0	0	0	0
AT3G08835	0	0	0	0	0	0
AT3G57072	0	0	0	0	0	0
AT3G08845	0	0	0	0	0	0
AT3G08855	0	0	0	0	0	0
AT3G08875	0	0	0	0	0	0
AT3G57250	0	0	0	0	0	0
AT3G57260	0	0	0	0	0	0
AT3G08895	0	0	0	0	0	0
AT3G08905	0	0	0	0	0	0
AT3G08915	0	0	0	0	0	0
AT3G08925	0	0	0	0	0	0
AT3G08935	0	0	0	0	0	0
AT3G57620	0	0	0	0	0	0
AT3G08945	0	0	0	0	0	0
AT3G57700	0	0	0	0	0	0
AT3G08975	0	0	0	0	0	0
AT3G57730	0	0	0	0	0	0
AT3G57840	0	0	0	0	0	0
AT3G09015	0	0	0	0	0	0
AT3G57920	0	0	0	0	0	0
AT3G57970	0	0	0	0	0	0
AT3G09025	0	0	0	0	0	0
AT3G58035	0	0	0	0	0	0
AT3G58190	0	0	0	0	0	0
AT3G58196	0	0	0	0	0	0
AT3G58230	0	0	0	0	0	0
AT3G58240	0	0	0	0	0	0
AT3G58250	0	0	0	0	0	0
AT3G58260	0	0	0	0	0	0
AT3G58280	0	0	0	0	0	0
AT3G58300	0	0	0	0	0	0
AT3G58310	0	0	0	0	0	0
AT3G58320	0	0	0	0	0	0
AT3G58330	0	0	0	0	0	0
AT3G09115	0	0	0	0	0	0
AT3G58340	0	0	0	0	0	0
AT3G58390	0	0	0	0	0	0
AT3G58400	0	0	0	0	0	0
AT3G58410	0	0	0	0	0	0
AT3G09125	0	0	0	0	0	0
AT3G09135	0	0	0	0	0	0
AT3G58550	0	0	0	0	0	0
AT3G09155	0	0	0	0	0	0
AT3G58877	0	0	0	0	0	0
AT3G58880	0	0	0	0	0	0
AT3G58890	0	0	0	0	0	0
AT3G58960	0	0	0	0	0	0
AT3G09175	0	0	0	0	0	0
AT3G59070	0	0	0	0	0	0
AT3G59170	0	0	0	0	0	0
AT3G59180	0	0	0	0	0	0
AT3G59240	0	0	0	0	0	0
AT3G59245	0	0	0	0	0	0
AT3G59260	0	0	0	0	0	0
AT3G59295	0	0	0	0	0	0
AT3G59415	0	0	0	0	0	0
AT3G59440	0	0	0	0	0	0
AT3G59455	0	0	0	0	0	0
AT3G59590	0	0	0	0	0	0
AT3G59610	0	0	0	0	0	0
AT3G59695	0	0	0	0	0	0
AT3G09225	0	0	0	0	0	0
AT3G59845	0	0	0	0	0	0
AT3G09255	0	0	0	0	0	0
AT3G59923	0	0	0	0	0	0
AT3G59926	0	0	0	0	0	0
AT3G09265	0	0	0	0	0	0
AT3G09275	0	0	0	0	0	0
AT3G60075	0	0	0	0	0	0
AT3G09355	0	0	0	0	0	0
AT3G60328	0	0	0	0	0	0
AT3G60420	0	0	0	0	0	0
AT3G09395	0	0	0	0	0	0
AT3G60460	0	0	0	0	0	0
AT3G09435	0	0	0	0	0	0
AT3G09425	0	0	0	0	0	0
AT3G60560	0	0	0	0	0	0
AT3G09475	0	0	0	0	0	0
AT3G60790	0	0	0	0	0	0
AT3G60805	0	0	0	0	0	0
AT3G09495	0	0	0	0	0	0
AT3G60950	0	0	0	0	0	0
AT3G61030	0	0	0	0	0	0
AT3G61105	0	0	0	0	0	0
AT3G61120	0	0	0	0	0	0
AT3G61172	0	0	0	0	0	0
AT3G61175	0	0	0	0	0	0
AT3G61177	0	0	0	0	0	0
AT3G61182	0	0	0	0	0	0
AT3G61230	0	0	0	0	0	0
AT3G09575	0	0	0	0	0	0
AT3G09605	0	0	0	0	0	0
AT3G09615	0	0	0	0	0	0
AT3G61290	0	0	0	0	0	0
AT3G61300	0	0	0	0	0	0
AT3G09625	0	0	0	0	0	0
AT3G09635	0	0	0	0	0	0
AT3G09655	0	0	0	0	0	0
AT3G61400	0	0	0	0	0	0
AT3G61510	0	0	0	0	0	0
AT3G61545	0	0	0	0	0	0
AT3G09665	0	0	0	0	0	0
AT3G09685	0	0	0	0	0	0
AT3G61720	0	0	0	0	0	0
AT3G61723	0	0	0	0	0	0
AT3G09705	0	0	0	0	0	0
AT3G61755	0	0	0	0	0	0
AT3G61810	0	0	0	0	0	0
AT3G61825	0	0	0	0	0	0
AT3G61826	0	0	0	0	0	0
AT3G61829	0	0	0	0	0	0
AT3G61910	0	0	0	0	0	0
AT3G61940	0	0	0	0	0	0
AT3G61962	0	0	0	0	0	0
AT3G09755	0	0	0	0	0	0
AT3G62245	0	0	0	0	0	0
AT3G62285	0	0	0	0	0	0
AT3G09765	0	0	0	0	0	0
AT3G62350	0	0	0	0	0	0
AT3G62440	0	0	0	0	0	0
AT3G09785	0	0	0	0	0	0
AT3G09795	0	0	0	0	0	0
AT3G09815	0	0	0	0	0	0
AT3G62615	0	0	0	0	0	0
AT3G09825	0	0	0	0	0	0
AT3G09835	0	0	0	0	0	0
AT3G09865	0	0	0	0	0	0
AT3G62695	0	0	0	0	0	0
AT3G62735	0	0	0	0	0	0
AT3G09875	0	0	0	0	0	0
AT3G62950	0	0	0	0	0	0
AT3G63003	0	0	0	0	0	0
AT3G63006	0	0	0	0	0	0
AT3G63095	0	0	0	0	0	0
AT3G09895	0	0	0	0	0	0
AT3G09905	0	0	0	0	0	0
AT3G09935	0	0	0	0	0	0
AT3G63215	0	0	0	0	0	0
AT3G63230	0	0	0	0	0	0
AT3G63255	0	0	0	0	0	0
AT3G09965	0	0	0	0	0	0
AT3G09995	0	0	0	0	0	0
AT2G03895	0	0	0	0	0	0
AT2G01160	0	0	0	0	0	0
AT2G03905	0	0	0	0	0	0
AT2G03925	0	0	0	0	0	0
AT2G01360	0	0	0	0	0	0
AT2G01379	0	0	0	0	0	0
AT2G03945	0	0	0	0	0	0
AT2G03975	0	0	0	0	0	0
AT2G03985	0	0	0	0	0	0
AT2G03995	0	0	0	0	0	0
AT2G04005	0	0	0	0	0	0
AT2G01554	0	0	0	0	0	0
AT2G01560	0	0	0	0	0	0
AT2G04015	0	0	0	0	0	0
AT2G04075	0	0	0	0	0	0
AT2G01667	0	0	0	0	0	0
AT2G01755	0	0	0	0	0	0
AT2G04095	0	0	0	0	0	0
AT2G01790	0	0	0	0	0	0
AT2G01800	0	0	0	0	0	0
AT2G04125	0	0	0	0	0	0
AT2G04145	0	0	0	0	0	0
AT2G04155	0	0	0	0	0	0
AT2G02023	0	0	0	0	0	0
AT2G02026	0	0	0	0	0	0
AT2G04185	0	0	0	0	0	0
AT2G02140	0	0	0	0	0	0
AT2G04215	0	0	0	0	0	0
AT2G02280	0	0	0	0	0	0
AT2G02290	0	0	0	0	0	0
AT2G02310	0	0	0	0	0	0
AT2G02320	0	0	0	0	0	0
AT2G02490	0	0	0	0	0	0
AT2G02493	0	0	0	0	0	0
AT2G02525	0	0	0	0	0	0
AT2G04225	0	0	0	0	0	0
AT2G02550	0	0	0	0	0	0
AT2G02600	0	0	0	0	0	0
AT2G04255	0	0	0	0	0	0
AT2G02635	0	0	0	0	0	0
AT2G04265	0	0	0	0	0	0
AT2G02640	0	0	0	0	0	0
AT2G02650	0	0	0	0	0	0
AT2G02695	0	0	0	0	0	0
AT2G04285	0	0	0	0	0	0
AT2G02741	0	0	0	0	0	0
AT2G04295	0	0	0	0	0	0
AT2G02770	0	0	0	0	0	0
AT2G04315	0	0	0	0	0	0
AT2G02795	0	0	0	0	0	0
AT2G04335	0	0	0	0	0	0
AT2G04355	0	0	0	0	0	0
AT2G04375	0	0	0	0	0	0
AT2G04455	0	0	0	0	0	0
AT2G03000	0	0	0	0	0	0
AT2G03030	0	0	0	0	0	0
AT2G03180	0	0	0	0	0	0
AT2G03190	0	0	0	0	0	0
AT2G03230	0	0	0	0	0	0
AT2G04505	0	0	0	0	0	0
AT2G03250	0	0	0	0	0	0
AT2G03420	0	0	0	0	0	0
AT2G04525	0	0	0	0	0	0
AT2G03490	0	0	0	0	0	0
AT2G03560	0	0	0	0	0	0
AT2G03567	0	0	0	0	0	0
AT2G03570	0	0	0	0	0	0
AT2G03660	0	0	0	0	0	0
AT2G04545	0	0	0	0	0	0
AT2G03700	0	0	0	0	0	0
AT2G04575	0	0	0	0	0	0
AT2G03823	0	0	0	0	0	0
AT2G03840	0	0	0	0	0	0
AT2G04595	0	0	0	0	0	0
AT2G03913	0	0	0	0	0	0
AT2G03930	0	0	0	0	0	0
AT2G03932	0	0	0	0	0	0
AT2G03931	0	0	0	0	0	0
AT2G03933	0	0	0	0	0	0
AT2G03936	0	0	0	0	0	0
AT2G03937	0	0	0	0	0	0
AT2G04615	0	0	0	0	0	0
AT2G04635	0	0	0	0	0	0
AT2G03955	0	0	0	0	0	0
AT2G04645	0	0	0	0	0	0
AT2G04655	0	0	0	0	0	0
AT2G04665	0	0	0	0	0	0
AT2G04685	0	0	0	0	0	0
AT2G04032	0	0	0	0	0	0
AT2G04034	0	0	0	0	0	0
AT2G04031	0	0	0	0	0	0
AT2G04037	0	0	0	0	0	0
AT2G04041	0	0	0	0	0	0
AT2G04695	0	0	0	0	0	0
AT2G04045	0	0	0	0	0	0
AT2G04046	0	0	0	0	0	0
AT2G04705	0	0	0	0	0	0
AT2G04137	0	0	0	0	0	0
AT2G04062	0	0	0	0	0	0
AT2G04063	0	0	0	0	0	0
AT2G04755	0	0	0	0	0	0
AT2G04300	0	0	0	0	0	0
AT2G04380	0	0	0	0	0	0
AT2G04425	0	0	0	0	0	0
AT2G04785	0	0	0	0	0	0
AT2G04621	0	0	0	0	0	0
AT2G04622	0	0	0	0	0	0
AT2G04675	0	0	0	0	0	0
AT2G04810	0	0	0	0	0	0
AT2G04815	0	0	0	0	0	0
AT2G04840	0	0	0	0	0	0
AT2G04870	0	0	0	0	0	0
AT2G04920	0	0	0	0	0	0
AT2G04925	0	0	0	0	0	0
AT2G04930	0	0	0	0	0	0
AT2G04835	0	0	0	0	0	0
AT2G04825	0	0	0	0	0	0
AT2G05060	0	0	0	0	0	0
AT2G05105	0	0	0	0	0	0
AT2G04855	0	0	0	0	0	0
AT2G05117	0	0	0	0	0	0
AT2G05294	0	0	0	0	0	0
AT2G05335	0	0	0	0	0	0
AT2G04895	0	0	0	0	0	0
AT2G05410	0	0	0	0	0	0
AT2G05430	0	0	0	0	0	0
AT2G05440	0	0	0	0	0	0
AT2G04905	0	0	0	0	0	0
AT2G05510	0	0	0	0	0	0
AT2G05530	0	0	0	0	0	0
AT2G04915	0	0	0	0	0	0
AT2G04935	0	0	0	0	0	0
AT2G05600	0	0	0	0	0	0
AT2G05645	0	0	0	0	0	0
AT2G05752	0	0	0	0	0	0
AT2G05005	0	0	0	0	0	0
AT2G05900	0	0	0	0	0	0
AT2G05915	0	0	0	0	0	0
AT2G05970	0	0	0	0	0	0
AT2G06090	0	0	0	0	0	0
AT2G06095	0	0	0	0	0	0
AT2G06166	0	0	0	0	0	0
AT2G06265	0	0	0	0	0	0
AT2G06425	0	0	0	0	0	0
AT2G06500	0	0	0	0	0	0
AT2G06541	0	0	0	0	0	0
AT2G06555	0	0	0	0	0	0
AT2G06562	0	0	0	0	0	0
AT2G06565	0	0	0	0	0	0
AT2G06570	0	0	0	0	0	0
AT2G06645	0	0	0	0	0	0
AT2G06667	0	0	0	0	0	0
AT2G06675	0	0	0	0	0	0
AT2G05015	0	0	0	0	0	0
AT2G06906	0	0	0	0	0	0
AT2G06908	0	0	0	0	0	0
AT2G07040	0	0	0	0	0	0
AT2G07110	0	0	0	0	0	0
AT2G07120	0	0	0	0	0	0
AT2G05085	0	0	0	0	0	0
AT2G05095	0	0	0	0	0	0
AT2G07190	0	0	0	0	0	0
AT2G07200	0	0	0	0	0	0
AT2G07215	0	0	0	0	0	0
AT2G07240	0	0	0	0	0	0
AT2G07280	0	0	0	0	0	0
AT2G07290	0	0	0	0	0	0
AT2G07310	0	0	0	0	0	0
AT2G07440	0	0	0	0	0	0
AT2G07505	0	0	0	0	0	0
AT2G07640	0	0	0	0	0	0
AT2G05145	0	0	0	0	0	0
AT2G07743	0	0	0	0	0	0
AT2G07613	0	0	0	0	0	0
AT2G07617	0	0	0	0	0	0
AT2G07745	0	0	0	0	0	0
AT2G07772	0	0	0	0	0	0
AT2G07752	0	0	0	0	0	0
AT2G07753	0	0	0	0	0	0
AT2G07631	0	0	0	0	0	0
AT2G07632	0	0	0	0	0	0
AT2G07755	0	0	0	0	0	0
AT2G05205	0	0	0	0	0	0
AT2G07636	0	0	0	0	0	0
AT2G05245	0	0	0	0	0	0
AT2G07692	0	0	0	0	0	0
AT2G07637	0	0	0	0	0	0
AT2G05255	0	0	0	0	0	0
AT2G07793	0	0	0	0	0	0
AT2G07701	0	0	0	0	0	0
AT2G07705	0	0	0	0	0	0
AT2G07794	0	0	0	0	0	0
AT2G07713	0	0	0	0	0	0
AT2G07756	0	0	0	0	0	0
AT2G07757	0	0	0	0	0	0
AT2G07654	0	0	0	0	0	0
AT2G07758	0	0	0	0	0	0
AT2G07830	0	0	0	0	0	0
AT2G07658	0	0	0	0	0	0
AT2G05355	0	0	0	0	0	0
AT2G07764	0	0	0	0	0	0
AT2G05395	0	0	0	0	0	0
AT2G05405	0	0	0	0	0	0
AT2G05415	0	0	0	0	0	0
AT2G05425	0	0	0	0	0	0
AT2G05445	0	0	0	0	0	0
AT2G07760	0	0	0	0	0	0
AT2G07800	0	0	0	0	0	0
AT2G07810	0	0	0	0	0	0
AT2G07981	0	0	0	0	0	0
AT2G08986	0	0	0	0	0	0
AT2G09388	0	0	0	0	0	0
AT2G09838	0	0	0	0	0	0
AT2G05455	0	0	0	0	0	0
AT2G10020	0	0	0	0	0	0
AT2G05525	0	0	0	0	0	0
AT2G05535	0	0	0	0	0	0
AT2G10455	0	0	0	0	0	0
AT2G05545	0	0	0	0	0	0
AT2G10535	0	0	0	0	0	0
AT2G10545	0	0	0	0	0	0
AT2G10550	0	0	0	0	0	0
AT2G10556	0	0	0	0	0	0
AT2G10557	0	0	0	0	0	0
AT2G10560	0	0	0	0	0	0
AT2G10602	0	0	0	0	0	0
AT2G05565	0	0	0	0	0	0
AT2G05575	0	0	0	0	0	0
AT2G10625	0	0	0	0	0	0
AT2G10920	0	0	0	0	0	0
AT2G10921	0	0	0	0	0	0
AT2G10955	0	0	0	0	0	0
AT2G10970	0	0	0	0	0	0
AT2G11005	0	0	0	0	0	0
AT2G11025	0	0	0	0	0	0
AT2G11045	0	0	0	0	0	0
AT2G11200	0	0	0	0	0	0
AT2G11205	0	0	0	0	0	0
AT2G11271	0	0	0	0	0	0
AT2G11405	0	0	0	0	0	0
AT2G11462	0	0	0	0	0	0
AT2G11570	0	0	0	0	0	0
AT2G11623	0	0	0	0	0	0
AT2G11626	0	0	0	0	0	0
AT2G05605	0	0	0	0	0	0
AT2G11773	0	0	0	0	0	0
AT2G05615	0	0	0	0	0	0
AT2G11852	0	0	0	0	0	0
AT2G12200	0	0	0	0	0	0
AT2G12205	0	0	0	0	0	0
AT2G12280	0	0	0	0	0	0
AT2G12290	0	0	0	0	0	0
AT2G05685	0	0	0	0	0	0
AT2G05725	0	0	0	0	0	0
AT2G12465	0	0	0	0	0	0
AT2G12475	0	0	0	0	0	0
AT2G05835	0	0	0	0	0	0
AT2G12875	0	0	0	0	0	0
AT2G12880	0	0	0	0	0	0
AT2G12900	0	0	0	0	0	0
AT2G12905	0	0	0	0	0	0
AT2G12945	0	0	0	0	0	0
AT2G13105	0	0	0	0	0	0
AT2G05865	0	0	0	0	0	0
AT2G13126	0	0	0	0	0	0
AT2G13150	0	0	0	0	0	0
AT2G13295	0	0	0	0	0	0
AT2G05885	0	0	0	0	0	0
AT2G05905	0	0	0	0	0	0
AT2G13500	0	0	0	0	0	0
AT2G13510	0	0	0	0	0	0
AT2G13542	0	0	0	0	0	0
AT2G13555	0	0	0	0	0	0
AT2G05925	0	0	0	0	0	0
AT2G05945	0	0	0	0	0	0
AT2G05975	0	0	0	0	0	0
AT2G06035	0	0	0	0	0	0
AT2G13630	0	0	0	0	0	0
AT2G13665	0	0	0	0	0	0
AT2G13660	0	0	0	0	0	0
AT2G13720	0	0	0	0	0	0
AT2G13760	0	0	0	0	0	0
AT2G06065	0	0	0	0	0	0
AT2G13770	0	0	0	0	0	0
AT2G13845	0	0	0	0	0	0
AT2G13895	0	0	0	0	0	0
AT2G13905	0	0	0	0	0	0
AT2G06075	0	0	0	0	0	0
AT2G13950	0	0	0	0	0	0
AT2G13980	0	0	0	0	0	0
AT2G13985	0	0	0	0	0	0
AT2G14000	0	0	0	0	0	0
AT2G06085	0	0	0	0	0	0
AT2G14265	0	0	0	0	0	0
AT2G14270	0	0	0	0	0	0
AT2G14282	0	0	0	0	0	0
AT2G14288	0	0	0	0	0	0
AT2G14289	0	0	0	0	0	0
AT2G14365	0	0	0	0	0	0
AT2G14390	0	0	0	0	0	0
AT2G14395	0	0	0	0	0	0
AT2G06135	0	0	0	0	0	0
AT2G06115	0	0	0	0	0	0
AT2G14440	0	0	0	0	0	0
AT2G14500	0	0	0	0	0	0
AT2G06145	0	0	0	0	0	0
AT2G06175	0	0	0	0	0	0
AT2G06185	0	0	0	0	0	0
AT2G14580	0	0	0	0	0	0
AT2G14670	0	0	0	0	0	0
AT2G14695	0	0	0	0	0	0
AT2G14700	0	0	0	0	0	0
AT2G14755	0	0	0	0	0	0
AT2G14760	0	0	0	0	0	0
AT2G14765	0	0	0	0	0	0
AT2G14846	0	0	0	0	0	0
AT2G14870	0	0	0	0	0	0
AT2G14935	0	0	0	0	0	0
AT2G14945	0	0	0	0	0	0
AT2G06315	0	0	0	0	0	0
AT2G06355	0	0	0	0	0	0
AT2G15042	0	0	0	0	0	0
AT2G15110	0	0	0	0	0	0
AT2G15170	0	0	0	0	0	0
AT2G06375	0	0	0	0	0	0
AT2G15185	0	0	0	0	0	0
AT2G06385	0	0	0	0	0	0
AT2G15260	0	0	0	0	0	0
AT2G06405	0	0	0	0	0	0
AT2G15325	0	0	0	0	0	0
AT2G15340	0	0	0	0	0	0
AT2G06415	0	0	0	0	0	0
AT2G15345	0	0	0	0	0	0
AT2G06435	0	0	0	0	0	0
AT2G15360	0	0	0	0	0	0
AT2G15450	0	0	0	0	0	0
AT2G15460	0	0	0	0	0	0
AT2G15470	0	0	0	0	0	0
AT2G15500	0	0	0	0	0	0
AT2G15535	0	0	0	0	0	0
AT2G06455	0	0	0	0	0	0
AT2G15640	0	0	0	0	0	0
AT2G15660	0	0	0	0	0	0
AT2G15670	0	0	0	0	0	0
AT2G15680	0	0	0	0	0	0
AT2G06465	0	0	0	0	0	0
AT2G15740	0	0	0	0	0	0
AT2G15770	0	0	0	0	0	0
AT2G06475	0	0	0	0	0	0
AT2G06515	0	0	0	0	0	0
AT2G06525	0	0	0	0	0	0
AT2G16015	0	0	0	0	0	0
AT2G16016	0	0	0	0	0	0
AT2G16018	0	0	0	0	0	0
AT2G16019	0	0	0	0	0	0
AT2G16020	0	0	0	0	0	0
AT2G16030	0	0	0	0	0	0
AT2G16040	0	0	0	0	0	0
AT2G06575	0	0	0	0	0	0
AT2G16120	0	0	0	0	0	0
AT2G16130	0	0	0	0	0	0
AT2G16145	0	0	0	0	0	0
AT2G16190	0	0	0	0	0	0
AT2G06585	0	0	0	0	0	0
AT2G16225	0	0	0	0	0	0
AT2G16240	0	0	0	0	0	0
AT2G06595	0	0	0	0	0	0
AT2G16290	0	0	0	0	0	0
AT2G16300	0	0	0	0	0	0
AT2G16340	0	0	0	0	0	0
AT2G06615	0	0	0	0	0	0
AT2G06625	0	0	0	0	0	0
AT2G06635	0	0	0	0	0	0
AT2G06655	0	0	0	0	0	0
AT2G16520	0	0	0	0	0	0
AT2G16535	0	0	0	0	0	0
AT2G06665	0	0	0	0	0	0
AT2G16620	0	0	0	0	0	0
AT2G16676	0	0	0	0	0	0
AT2G06725	0	0	0	0	0	0
AT2G06745	0	0	0	0	0	0
AT2G06755	0	0	0	0	0	0
AT2G16835	0	0	0	0	0	0
AT2G06785	0	0	0	0	0	0
AT2G06795	0	0	0	0	0	0
AT2G17000	0	0	0	0	0	0
AT2G17043	0	0	0	0	0	0
AT2G17050	0	0	0	0	0	0
AT2G17055	0	0	0	0	0	0
AT2G06815	0	0	0	0	0	0
AT2G06855	0	0	0	0	0	0
AT2G17305	0	0	0	0	0	0
AT2G17310	0	0	0	0	0	0
AT2G06955	0	0	0	0	0	0
AT2G06975	0	0	0	0	0	0
AT2G17723	0	0	0	0	0	0
AT2G17740	0	0	0	0	0	0
AT2G17750	0	0	0	0	0	0
AT2G17785	0	0	0	0	0	0
AT2G17905	0	0	0	0	0	0
AT2G17960	0	0	0	0	0	0
AT2G07015	0	0	0	0	0	0
AT2G18010	0	0	0	0	0	0
AT2G18070	0	0	0	0	0	0
AT2G07035	0	0	0	0	0	0
AT2G18080	0	0	0	0	0	0
AT2G18130	0	0	0	0	0	0
AT2G18140	0	0	0	0	0	0
AT2G18180	0	0	0	0	0	0
AT2G18200	0	0	0	0	0	0
AT2G18270	0	0	0	0	0	0
AT2G18310	0	0	0	0	0	0
AT2G18320	0	0	0	0	0	0
AT2G18550	0	0	0	0	0	0
AT2G18685	0	0	0	0	0	0
AT2G18721	0	0	0	0	0	0
AT2G18800	0	0	0	0	0	0
AT2G18830	0	0	0	0	0	0
AT2G18920	0	0	0	0	0	0
AT2G07095	0	0	0	0	0	0
AT2G19000	0	0	0	0	0	0
AT2G19010	0	0	0	0	0	0
AT2G19020	0	0	0	0	0	0
AT2G19030	0	0	0	0	0	0
AT2G19040	0	0	0	0	0	0
AT2G19045	0	0	0	0	0	0
AT2G19050	0	0	0	0	0	0
AT2G19070	0	0	0	0	0	0
AT2G07115	0	0	0	0	0	0
AT2G07135	0	0	0	0	0	0
AT2G07165	0	0	0	0	0	0
AT2G19220	0	0	0	0	0	0
AT2G19300	0	0	0	0	0	0
AT2G07175	0	0	0	0	0	0
AT2G19420	0	0	0	0	0	0
AT2G19425	0	0	0	0	0	0
AT2G07225	0	0	0	0	0	0
AT2G07235	0	0	0	0	0	0
AT2G19510	0	0	0	0	0	0
AT2G19570	0	0	0	0	0	0
AT2G19630	0	0	0	0	0	0
AT2G19796	0	0	0	0	0	0
AT2G19820	0	0	0	0	0	0
AT2G19893	0	0	0	0	0	0
AT2G07255	0	0	0	0	0	0
AT2G20070	0	0	0	0	0	0
AT2G20160	0	0	0	0	0	0
AT2G20208	0	0	0	0	0	0
AT2G07275	0	0	0	0	0	0
AT2G07285	0	0	0	0	0	0
AT2G20350	0	0	0	0	0	0
AT2G20380	0	0	0	0	0	0
AT2G07295	0	0	0	0	0	0
AT2G20463	0	0	0	0	0	0
AT2G20465	0	0	0	0	0	0
AT2G07305	0	0	0	0	0	0
AT2G20500	0	0	0	0	0	0
AT2G20595	0	0	0	0	0	0
AT2G20597	0	0	0	0	0	0
AT2G20605	0	0	0	0	0	0
AT2G20613	0	0	0	0	0	0
AT2G20616	0	0	0	0	0	0
AT2G20618	0	0	0	0	0	0
AT2G20619	0	0	0	0	0	0
AT2G20625	0	0	0	0	0	0
AT2G20660	0	0	0	0	0	0
AT2G07325	0	0	0	0	0	0
AT2G07335	0	0	0	0	0	0
AT2G20784	0	0	0	0	0	0
AT2G20873	0	0	0	0	0	0
AT2G21105	0	0	0	0	0	0
AT2G21185	0	0	0	0	0	0
AT2G07385	0	0	0	0	0	0
AT2G07405	0	0	0	0	0	0
AT2G21360	0	0	0	0	0	0
AT2G21455	0	0	0	0	0	0
AT2G07415	0	0	0	0	0	0
AT2G21465	0	0	0	0	0	0
AT2G21570	0	0	0	0	0	0
AT2G21655	0	0	0	0	0	0
AT2G21670	0	0	0	0	0	0
AT2G21680	0	0	0	0	0	0
AT2G21700	0	0	0	0	0	0
AT2G21740	0	0	0	0	0	0
AT2G21890	0	0	0	0	0	0
AT2G21900	0	0	0	0	0	0
AT2G21980	0	0	0	0	0	0
AT2G07495	0	0	0	0	0	0
AT2G22030	0	0	0	0	0	0
AT2G07515	0	0	0	0	0	0
AT2G22110	0	0	0	0	0	0
AT2G22121	0	0	0	0	0	0
AT2G22145	0	0	0	0	0	0
AT2G22155	0	0	0	0	0	0
AT2G22160	0	0	0	0	0	0
AT2G07535	0	0	0	0	0	0
AT2G07545	0	0	0	0	0	0
AT2G22220	0	0	0	0	0	0
AT2G22241	0	0	0	0	0	0
AT2G22280	0	0	0	0	0	0
AT2G22320	0	0	0	0	0	0
AT2G22340	0	0	0	0	0	0
AT2G22345	0	0	0	0	0	0
AT2G22465	0	0	0	0	0	0
AT2G22482	0	0	0	0	0	0
AT2G07595	0	0	0	0	0	0
AT2G22510	0	0	0	0	0	0
AT2G22520	0	0	0	0	0	0
AT2G07805	0	0	0	0	0	0
AT2G07840	0	0	0	0	0	0
AT2G22668	0	0	0	0	0	0
AT2G22750	0	0	0	0	0	0
AT2G22805	0	0	0	0	0	0
AT2G22807	0	0	0	0	0	0
AT2G07850	0	0	0	0	0	0
AT2G22880	0	0	0	0	0	0
AT2G22940	0	0	0	0	0	0
AT2G22941	0	0	0	0	0	0
AT2G22950	0	0	0	0	0	0
AT2G22955	0	0	0	0	0	0
AT2G22960	0	0	0	0	0	0
AT2G23020	0	0	0	0	0	0
AT2G07860	0	0	0	0	0	0
AT2G07865	0	0	0	0	0	0
AT2G07870	0	0	0	0	0	0
AT2G23067	0	0	0	0	0	0
AT2G23118	0	0	0	0	0	0
AT2G23142	0	0	0	0	0	0
AT2G07885	0	0	0	0	0	0
AT2G23148	0	0	0	0	0	0
AT2G07890	0	0	0	0	0	0
AT2G23160	0	0	0	0	0	0
AT2G23250	0	0	0	0	0	0
AT2G07900	0	0	0	0	0	0
AT2G23440	0	0	0	0	0	0
AT2G07905	0	0	0	0	0	0
AT2G23540	0	0	0	0	0	0
AT2G07915	0	0	0	0	0	0
AT2G07910	0	0	0	0	0	0
AT2G23570	0	0	0	0	0	0
AT2G07925	0	0	0	0	0	0
AT2G07935	0	0	0	0	0	0
AT2G23670	0	0	0	0	0	0
AT2G07960	0	0	0	0	0	0
AT2G07965	0	0	0	0	0	0
AT2G23987	0	0	0	0	0	0
AT2G24000	0	0	0	0	0	0
AT2G24080	0	0	0	0	0	0
AT2G07970	0	0	0	0	0	0
AT2G24130	0	0	0	0	0	0
AT2G24205	0	0	0	0	0	0
AT2G24210	0	0	0	0	0	0
AT2G07975	0	0	0	0	0	0
AT2G07985	0	0	0	0	0	0
AT2G08000	0	0	0	0	0	0
AT2G24310	0	0	0	0	0	0
AT2G08005	0	0	0	0	0	0
AT2G08010	0	0	0	0	0	0
AT2G08020	0	0	0	0	0	0
AT2G24370	0	0	0	0	0	0
AT2G24380	0	0	0	0	0	0
AT2G24450	0	0	0	0	0	0
AT2G08030	0	0	0	0	0	0
AT2G24470	0	0	0	0	0	0
AT2G08040	0	0	0	0	0	0
AT2G24510	0	0	0	0	0	0
AT2G24540	0	0	0	0	0	0
AT2G24615	0	0	0	0	0	0
AT2G24617	0	0	0	0	0	0
AT2G24620	0	0	0	0	0	0
AT2G24670	0	0	0	0	0	0
AT2G24710	0	0	0	0	0	0
AT2G24720	0	0	0	0	0	0
AT2G08060	0	0	0	0	0	0
AT2G24840	0	0	0	0	0	0
AT2G24880	0	0	0	0	0	0
AT2G08075	0	0	0	0	0	0
AT2G08070	0	0	0	0	0	0
AT2G24950	0	0	0	0	0	0
AT2G08085	0	0	0	0	0	0
AT2G08090	0	0	0	0	0	0
AT2G25120	0	0	0	0	0	0
AT2G08115	0	0	0	0	0	0
AT2G25171	0	0	0	0	0	0
AT2G25185	0	0	0	0	0	0
AT2G08125	0	0	0	0	0	0
AT2G25215	0	0	0	0	0	0
AT2G25125	0	0	0	0	0	0
AT2G25295	0	0	0	0	0	0
AT2G25305	0	0	0	0	0	0
AT2G25344	0	0	0	0	0	0
AT2G25410	0	0	0	0	0	0
AT2G25409	0	0	0	0	0	0
AT2G25630	0	0	0	0	0	0
AT2G25685	0	0	0	0	0	0
AT2G25890	0	0	0	0	0	0
AT2G25905	0	0	0	0	0	0
AT2G26050	0	0	0	0	0	0
AT2G26090	0	0	0	0	0	0
AT2G26130	0	0	0	0	0	0
AT2G26320	0	0	0	0	0	0
AT2G26692	0	0	0	0	0	0
AT2G08175	0	0	0	0	0	0
AT2G08180	0	0	0	0	0	0
AT2G26865	0	0	0	0	0	0
AT2G26880	0	0	0	0	0	0
AT2G26882	0	0	0	0	0	0
AT2G26950	0	0	0	0	0	0
AT2G27070	0	0	0	0	0	0
AT2G27145	0	0	0	0	0	0
AT2G27240	0	0	0	0	0	0
AT2G27313	0	0	0	0	0	0
AT2G27315	0	0	0	0	0	0
AT2G08195	0	0	0	0	0	0
AT2G08200	0	0	0	0	0	0
AT2G27390	0	0	0	0	0	0
AT2G27507	0	0	0	0	0	0
AT2G27540	0	0	0	0	0	0
AT2G27560	0	0	0	0	0	0
AT2G27670	0	0	0	0	0	0
AT2G27700	0	0	0	0	0	0
AT2G08210	0	0	0	0	0	0
AT2G27850	0	0	0	0	0	0
AT2G28010	0	0	0	0	0	0
AT2G28020	0	0	0	0	0	0
AT2G28030	0	0	0	0	0	0
AT2G08215	0	0	0	0	0	0
AT2G28056	0	0	0	0	0	0
AT2G28085	0	0	0	0	0	0
AT2G28090	0	0	0	0	0	0
AT2G08235	0	0	0	0	0	0
AT2G28170	0	0	0	0	0	0
AT2G08240	0	0	0	0	0	0
AT2G28180	0	0	0	0	0	0
AT2G08245	0	0	0	0	0	0
AT2G08260	0	0	0	0	0	0
AT2G28270	0	0	0	0	0	0
AT2G28355	0	0	0	0	0	0
AT2G28405	0	0	0	0	0	0
AT2G08270	0	0	0	0	0	0
AT2G08280	0	0	0	0	0	0
AT2G28625	0	0	0	0	0	0
AT2G08285	0	0	0	0	0	0
AT2G28640	0	0	0	0	0	0
AT2G28700	0	0	0	0	0	0
AT2G28770	0	0	0	0	0	0
AT2G28850	0	0	0	0	0	0
AT2G28860	0	0	0	0	0	0
AT2G08300	0	0	0	0	0	0
AT2G08305	0	0	0	0	0	0
AT2G28960	0	0	0	0	0	0
AT2G08310	0	0	0	0	0	0
AT2G29030	0	0	0	0	0	0
AT2G29040	0	0	0	0	0	0
AT2G08320	0	0	0	0	0	0
AT2G29150	0	0	0	0	0	0
AT2G08330	0	0	0	0	0	0
AT2G29220	0	0	0	0	0	0
AT2G29250	0	0	0	0	0	0
AT2G08340	0	0	0	0	0	0
AT2G29520	0	0	0	0	0	0
AT2G08345	0	0	0	0	0	0
AT2G29605	0	0	0	0	0	0
AT2G29628	0	0	0	0	0	0
AT2G29654	0	0	0	0	0	0
AT2G29679	0	0	0	0	0	0
AT2G29735	0	0	0	0	0	0
AT2G29770	0	0	0	0	0	0
AT2G29780	0	0	0	0	0	0
AT2G29790	0	0	0	0	0	0
AT2G29800	0	0	0	0	0	0
AT2G29810	0	0	0	0	0	0
AT2G29820	0	0	0	0	0	0
AT2G29830	0	0	0	0	0	0
AT2G29860	0	0	0	0	0	0
AT2G29880	0	0	0	0	0	0
AT2G29920	0	0	0	0	0	0
AT2G29925	0	0	0	0	0	0
AT2G08355	0	0	0	0	0	0
AT2G30090	0	0	0	0	0	0
AT2G08365	0	0	0	0	0	0
AT2G30180	0	0	0	0	0	0
AT2G30190	0	0	0	0	0	0
AT2G08375	0	0	0	0	0	0
AT2G30240	0	0	0	0	0	0
AT2G30290	0	0	0	0	0	0
AT2G30310	0	0	0	0	0	0
AT2G30360	0	0	0	0	0	0
AT2G08380	0	0	0	0	0	0
AT2G08385	0	0	0	0	0	0
AT2G30430	0	0	0	0	0	0
AT2G08390	0	0	0	0	0	0
AT2G30450	0	0	0	0	0	0
AT2G08400	0	0	0	0	0	0
AT2G08405	0	0	0	0	0	0
AT2G30810	0	0	0	0	0	0
AT2G30830	0	0	0	0	0	0
AT2G30850	0	0	0	0	0	0
AT2G30925	0	0	0	0	0	0
AT2G08415	0	0	0	0	0	0
AT2G30940	0	0	0	0	0	0
AT2G08420	0	0	0	0	0	0
AT2G08425	0	0	0	0	0	0
AT2G30984	0	0	0	0	0	0
AT2G30985	0	0	0	0	0	0
AT2G31005	0	0	0	0	0	0
AT2G31018	0	0	0	0	0	0
AT2G31030	0	0	0	0	0	0
AT2G31035	0	0	0	0	0	0
AT2G31081	0	0	0	0	0	0
AT2G31082	0	0	0	0	0	0
AT2G31215	0	0	0	0	0	0
AT2G31265	0	0	0	0	0	0
AT2G31345	0	0	0	0	0	0
AT2G31425	0	0	0	0	0	0
AT2G31430	0	0	0	0	0	0
AT2G31460	0	0	0	0	0	0
AT2G31690	0	0	0	0	0	0
AT2G31700	0	0	0	0	0	0
AT2G08460	0	0	0	0	0	0
AT2G31760	0	0	0	0	0	0
AT2G31770	0	0	0	0	0	0
AT2G31780	0	0	0	0	0	0
AT2G08470	0	0	0	0	0	0
AT2G08475	0	0	0	0	0	0
AT2G08480	0	0	0	0	0	0
AT2G08485	0	0	0	0	0	0
AT2G08490	0	0	0	0	0	0
AT2G08495	0	0	0	0	0	0
AT2G31953	0	0	0	0	0	0
AT2G08500	0	0	0	0	0	0
AT2G32130	0	0	0	0	0	0
AT2G32180	0	0	0	0	0	0
AT2G08510	0	0	0	0	0	0
AT2G08515	0	0	0	0	0	0
AT2G32273	0	0	0	0	0	0
AT2G32275	0	0	0	0	0	0
AT2G32360	0	0	0	0	0	0
AT2G08520	0	0	0	0	0	0
AT2G08525	0	0	0	0	0	0
AT2G32698	0	0	0	0	0	0
AT2G32785	0	0	0	0	0	0
AT2G08540	0	0	0	0	0	0
AT2G32788	0	0	0	0	0	0
AT2G32835	0	0	0	0	0	0
AT2G08550	0	0	0	0	0	0
AT2G32870	0	0	0	0	0	0
AT2G32880	0	0	0	0	0	0
AT2G32885	0	0	0	0	0	0
AT2G32890	0	0	0	0	0	0
AT2G33050	0	0	0	0	0	0
AT2G33090	0	0	0	0	0	0
AT2G33175	0	0	0	0	0	0
AT2G33190	0	0	0	0	0	0
AT2G33233	0	0	0	0	0	0
AT2G08560	0	0	0	0	0	0
AT2G08565	0	0	0	0	0	0
AT2G08570	0	0	0	0	0	0
AT2G33385	0	0	0	0	0	0
AT2G08595	0	0	0	0	0	0
AT2G33655	0	0	0	0	0	0
AT2G33650	0	0	0	0	0	0
AT2G33660	0	0	0	0	0	0
AT2G33685	0	0	0	0	0	0
AT2G08620	0	0	0	0	0	0
AT2G08625	0	0	0	0	0	0
AT2G08630	0	0	0	0	0	0
AT2G33815	0	0	0	0	0	0
AT2G08640	0	0	0	0	0	0
AT2G08645	0	0	0	0	0	0
AT2G33960	0	0	0	0	0	0
AT2G34000	0	0	0	0	0	0
AT2G34110	0	0	0	0	0	0
AT2G08655	0	0	0	0	0	0
AT2G34186	0	0	0	0	0	0
AT2G34202	0	0	0	0	0	0
AT2G34204	0	0	0	0	0	0
AT2G34208	0	0	0	0	0	0
AT2G34270	0	0	0	0	0	0
AT2G34280	0	0	0	0	0	0
AT2G34330	0	0	0	0	0	0
AT2G08660	0	0	0	0	0	0
AT2G08665	0	0	0	0	0	0
AT2G34420	0	0	0	0	0	0
AT2G34440	0	0	0	0	0	0
AT2G08670	0	0	0	0	0	0
AT2G08680	0	0	0	0	0	0
AT2G08685	0	0	0	0	0	0
AT2G34820	0	0	0	0	0	0
AT2G34825	0	0	0	0	0	0
AT2G08690	0	0	0	0	0	0
AT2G08695	0	0	0	0	0	0
AT2G08700	0	0	0	0	0	0
AT2G34950	0	0	0	0	0	0
AT2G34985	0	0	0	0	0	0
AT2G35080	0	0	0	0	0	0
AT2G08715	0	0	0	0	0	0
AT2G35215	0	0	0	0	0	0
AT2G08720	0	0	0	0	0	0
AT2G35220	0	0	0	0	0	0
AT2G08730	0	0	0	0	0	0
AT2G35580	0	0	0	0	0	0
AT2G35612	0	0	0	0	0	0
AT2G35615	0	0	0	0	0	0
AT2G35640	0	0	0	0	0	0
AT2G08740	0	0	0	0	0	0
AT2G08745	0	0	0	0	0	0
AT2G08750	0	0	0	0	0	0
AT2G35740	0	0	0	0	0	0
AT2G35747	0	0	0	0	0	0
AT2G08770	0	0	0	0	0	0
AT2G35850	0	0	0	0	0	0
AT2G35935	0	0	0	0	0	0
AT2G35965	0	0	0	0	0	0
AT2G35970	0	0	0	0	0	0
AT2G36030	0	0	0	0	0	0
AT2G36110	0	0	0	0	0	0
AT2G36140	0	0	0	0	0	0
AT2G36180	0	0	0	0	0	0
AT2G08780	0	0	0	0	0	0
AT2G36255	0	0	0	0	0	0
AT2G36280	0	0	0	0	0	0
AT2G36440	0	0	0	0	0	0
AT2G36450	0	0	0	0	0	0
AT2G36510	0	0	0	0	0	0
AT2G36520	0	0	0	0	0	0
AT2G36550	0	0	0	0	0	0
AT2G08805	0	0	0	0	0	0
AT2G36700	0	0	0	0	0	0
AT2G36724	0	0	0	0	0	0
AT2G08825	0	0	0	0	0	0
AT2G36790	0	0	0	0	0	0
AT2G08835	0	0	0	0	0	0
AT2G36854	0	0	0	0	0	0
AT2G36860	0	0	0	0	0	0
AT2G37010	0	0	0	0	0	0
AT2G08850	0	0	0	0	0	0
AT2G08855	0	0	0	0	0	0
AT2G08860	0	0	0	0	0	0
AT2G37360	0	0	0	0	0	0
AT2G08870	0	0	0	0	0	0
AT2G08875	0	0	0	0	0	0
AT2G08880	0	0	0	0	0	0
AT2G08885	0	0	0	0	0	0
AT2G37780	0	0	0	0	0	0
AT2G08890	0	0	0	0	0	0
AT2G37910	0	0	0	0	0	0
AT2G08920	0	0	0	0	0	0
AT2G08925	0	0	0	0	0	0
AT2G08930	0	0	0	0	0	0
AT2G08940	0	0	0	0	0	0
AT2G08960	0	0	0	0	0	0
AT2G08970	0	0	0	0	0	0
AT2G38646	0	0	0	0	0	0
AT2G38790	0	0	0	0	0	0
AT2G08985	0	0	0	0	0	0
AT2G38995	0	0	0	0	0	0
AT2G08990	0	0	0	0	0	0
AT2G39030	0	0	0	0	0	0
AT2G09000	0	0	0	0	0	0
AT2G09015	0	0	0	0	0	0
AT2G09020	0	0	0	0	0	0
AT2G39320	0	0	0	0	0	0
AT2G39330	0	0	0	0	0	0
AT2G09040	0	0	0	0	0	0
AT2G39355	0	0	0	0	0	0
AT2G09045	0	0	0	0	0	0
AT2G09055	0	0	0	0	0	0
AT2G39520	0	0	0	0	0	0
AT2G39600	0	0	0	0	0	0
AT2G39610	0	0	0	0	0	0
AT2G39640	0	0	0	0	0	0
AT2G09065	0	0	0	0	0	0
AT2G09070	0	0	0	0	0	0
AT2G09080	0	0	0	0	0	0
AT2G39782	0	0	0	0	0	0
AT2G39790	0	0	0	0	0	0
AT2G39851	0	0	0	0	0	0
AT2G39860	0	0	0	0	0	0
AT2G39865	0	0	0	0	0	0
AT2G39975	0	0	0	0	0	0
AT2G09095	0	0	0	0	0	0
AT2G09105	0	0	0	0	0	0
AT2G09115	0	0	0	0	0	0
AT2G40165	0	0	0	0	0	0
AT2G40210	0	0	0	0	0	0
AT2G09130	0	0	0	0	0	0
AT2G09135	0	0	0	0	0	0
AT2G09140	0	0	0	0	0	0
AT2G40310	0	0	0	0	0	0
AT2G40370	0	0	0	0	0	0
AT2G09155	0	0	0	0	0	0
AT2G40500	0	0	0	0	0	0
AT2G40560	0	0	0	0	0	0
AT2G09175	0	0	0	0	0	0
AT2G09180	0	0	0	0	0	0
AT2G09185	0	0	0	0	0	0
AT2G40745	0	0	0	0	0	0
AT2G40995	0	0	0	0	0	0
AT2G41997	0	0	0	0	0	0
AT2G09215	0	0	0	0	0	0
AT2G09220	0	0	0	0	0	0
AT2G41105	0	0	0	0	0	0
AT2G09230	0	0	0	0	0	0
AT2G41180	0	0	0	0	0	0
AT2G41231	0	0	0	0	0	0
AT2G09245	0	0	0	0	0	0
AT2G09250	0	0	0	0	0	0
AT2G41342	0	0	0	0	0	0
AT2G41355	0	0	0	0	0	0
AT2G41375	0	0	0	0	0	0
AT2G41400	0	0	0	0	0	0
AT2G09260	0	0	0	0	0	0
AT2G09270	0	0	0	0	0	0
AT2G41417	0	0	0	0	0	0
AT2G09280	0	0	0	0	0	0
AT2G41473	0	0	0	0	0	0
AT2G41610	0	0	0	0	0	0
AT2G09285	0	0	0	0	0	0
AT2G09295	0	0	0	0	0	0
AT2G09300	0	0	0	0	0	0
AT2G09310	0	0	0	0	0	0
AT2G09315	0	0	0	0	0	0
AT2G41910	0	0	0	0	0	0
AT2G09320	0	0	0	0	0	0
AT2G09325	0	0	0	0	0	0
AT2G09330	0	0	0	0	0	0
AT2G42100	0	0	0	0	0	0
AT2G09335	0	0	0	0	0	0
AT2G42180	0	0	0	0	0	0
AT2G09340	0	0	0	0	0	0
AT2G09345	0	0	0	0	0	0
AT2G42250	0	0	0	0	0	0
AT2G09350	0	0	0	0	0	0
AT2G09355	0	0	0	0	0	0
AT2G09365	0	0	0	0	0	0
AT2G09370	0	0	0	0	0	0
AT2G42360	0	0	0	0	0	0
AT2G42370	0	0	0	0	0	0
AT2G42388	0	0	0	0	0	0
AT2G09375	0	0	0	0	0	0
AT2G42410	0	0	0	0	0	0
AT2G42455	0	0	0	0	0	0
AT2G42460	0	0	0	0	0	0
AT2G42465	0	0	0	0	0	0
AT2G42470	0	0	0	0	0	0
AT2G42475	0	0	0	0	0	0
AT2G09380	0	0	0	0	0	0
AT2G09395	0	0	0	0	0	0
AT2G42830	0	0	0	0	0	0
AT2G42930	0	0	0	0	0	0
AT2G42970	0	0	0	0	0	0
AT2G43141	0	0	0	0	0	0
AT2G43220	0	0	0	0	0	0
AT2G09430	0	0	0	0	0	0
AT2G43261	0	0	0	0	0	0
AT2G43300	0	0	0	0	0	0
AT2G09435	0	0	0	0	0	0
AT2G09460	0	0	0	0	0	0
AT2G09465	0	0	0	0	0	0
AT2G43386	0	0	0	0	0	0
AT2G09470	0	0	0	0	0	0
AT2G09505	0	0	0	0	0	0
AT2G44130	0	0	0	0	0	0
AT2G44198	0	0	0	0	0	0
AT2G44240	0	0	0	0	0	0
AT2G44250	0	0	0	0	0	0
AT2G44255	0	0	0	0	0	0
AT2G44260	0	0	0	0	0	0
AT2G44400	0	0	0	0	0	0
AT2G09530	0	0	0	0	0	0
AT2G44540	0	0	0	0	0	0
AT2G44550	0	0	0	0	0	0
AT2G09535	0	0	0	0	0	0
AT2G09540	0	0	0	0	0	0
AT2G09545	0	0	0	0	0	0
AT2G09550	0	0	0	0	0	0
AT2G09560	0	0	0	0	0	0
AT2G09570	0	0	0	0	0	0
AT2G09585	0	0	0	0	0	0
AT2G09590	0	0	0	0	0	0
AT2G44925	0	0	0	0	0	0
AT2G44993	0	0	0	0	0	0
AT2G45020	0	0	0	0	0	0
AT2G45110	0	0	0	0	0	0
AT2G45243	0	0	0	0	0	0
AT2G45310	0	0	0	0	0	0
AT2G09605	0	0	0	0	0	0
AT2G09610	0	0	0	0	0	0
AT2G45390	0	0	0	0	0	0
AT2G09620	0	0	0	0	0	0
AT2G09625	0	0	0	0	0	0
AT2G09635	0	0	0	0	0	0
AT2G09630	0	0	0	0	0	0
AT2G09645	0	0	0	0	0	0
AT2G09655	0	0	0	0	0	0
AT2G45680	0	0	0	0	0	0
AT2G09660	0	0	0	0	0	0
AT2G09665	0	0	0	0	0	0
AT2G09675	0	0	0	0	0	0
AT2G09680	0	0	0	0	0	0
AT2G09685	0	0	0	0	0	0
AT2G09690	0	0	0	0	0	0
AT2G09695	0	0	0	0	0	0
AT2G09700	0	0	0	0	0	0
AT2G46255	0	0	0	0	0	0
AT2G09715	0	0	0	0	0	0
AT2G09730	0	0	0	0	0	0
AT2G46567	0	0	0	0	0	0
AT2G09735	0	0	0	0	0	0
AT2G09740	0	0	0	0	0	0
AT2G09755	0	0	0	0	0	0
AT2G46770	0	0	0	0	0	0
AT2G09770	0	0	0	0	0	0
AT2G09775	0	0	0	0	0	0
AT2G47015	0	0	0	0	0	0
AT2G47100	0	0	0	0	0	0
AT2G09785	0	0	0	0	0	0
AT2G09805	0	0	0	0	0	0
AT2G47200	0	0	0	0	0	0
AT2G09895	0	0	0	0	0	0
AT2G09905	0	0	0	0	0	0
AT2G09915	0	0	0	0	0	0
AT2G09935	0	0	0	0	0	0
AT2G47570	0	0	0	0	0	0
AT2G09945	0	0	0	0	0	0
AT2G47720	0	0	0	0	0	0
AT2G09965	0	0	0	0	0	0
AT2G47880	0	0	0	0	0	0
AT2G47885	0	0	0	0	0	0
AT2G09975	0	0	0	0	0	0
AT2G09995	0	0	0	0	0	0
AT4G00005	0	0	0	0	0	0
AT4G00120	0	0	0	0	0	0
AT4G00163	0	0	0	0	0	0
AT4G03525	0	0	0	0	0	0
AT4G03535	0	0	0	0	0	0
AT4G03545	0	0	0	0	0	0
AT4G00295	0	0	0	0	0	0
AT4G03555	0	0	0	0	0	0
AT4G03575	0	0	0	0	0	0
AT4G00342	0	0	0	0	0	0
AT4G03585	0	0	0	0	0	0
AT4G03605	0	0	0	0	0	0
AT4G00416	0	0	0	0	0	0
AT4G03665	0	0	0	0	0	0
AT4G00600	0	0	0	0	0	0
AT4G03675	0	0	0	0	0	0
AT4G03685	0	0	0	0	0	0
AT4G00870	0	0	0	0	0	0
AT4G00872	0	0	0	0	0	0
AT4G00880	0	0	0	0	0	0
AT4G00883	0	0	0	0	0	0
AT4G00889	0	0	0	0	0	0
AT4G03765	0	0	0	0	0	0
AT4G00905	0	0	0	0	0	0
AT4G00925	0	0	0	0	0	0
AT4G03785	0	0	0	0	0	0
AT4G03805	0	0	0	0	0	0
AT4G03815	0	0	0	0	0	0
AT4G03855	0	0	0	0	0	0
AT4G01245	0	0	0	0	0	0
AT4G01380	0	0	0	0	0	0
AT4G01420	0	0	0	0	0	0
AT4G01516	0	0	0	0	0	0
AT4G01520	0	0	0	0	0	0
AT4G03895	0	0	0	0	0	0
AT4G01575	0	0	0	0	0	0
AT4G03915	0	0	0	0	0	0
AT4G01595	0	0	0	0	0	0
AT4G03955	0	0	0	0	0	0
AT4G03985	0	0	0	0	0	0
AT4G01703	0	0	0	0	0	0
AT4G03995	0	0	0	0	0	0
AT4G01890	0	0	0	0	0	0
AT4G02055	0	0	0	0	0	0
AT4G04065	0	0	0	0	0	0
AT4G02190	0	0	0	0	0	0
AT4G02235	0	0	0	0	0	0
AT4G04085	0	0	0	0	0	0
AT4G02300	0	0	0	0	0	0
AT4G02310	0	0	0	0	0	0
AT4G04095	0	0	0	0	0	0
AT4G04125	0	0	0	0	0	0
AT4G02489	0	0	0	0	0	0
AT4G04185	0	0	0	0	0	0
AT4G04195	0	0	0	0	0	0
AT4G04215	0	0	0	0	0	0
AT4G04235	0	0	0	0	0	0
AT4G04275	0	0	0	0	0	0
AT4G04285	0	0	0	0	0	0
AT4G02720	0	0	0	0	0	0
AT4G04295	0	0	0	0	0	0
AT4G02735	0	0	0	0	0	0
AT4G02870	0	0	0	0	0	0
AT4G04305	0	0	0	0	0	0
AT4G04335	0	0	0	0	0	0
AT4G04345	0	0	0	0	0	0
AT4G03038	0	0	0	0	0	0
AT4G03039	0	0	0	0	0	0
AT4G04365	0	0	0	0	0	0
AT4G04385	0	0	0	0	0	0
AT4G03113	0	0	0	0	0	0
AT4G03135	0	0	0	0	0	0
AT4G03160	0	0	0	0	0	0
AT4G03165	0	0	0	0	0	0
AT4G03170	0	0	0	0	0	0
AT4G04455	0	0	0	0	0	0
AT4G03285	0	0	0	0	0	0
AT4G04505	0	0	0	0	0	0
AT4G04515	0	0	0	0	0	0
AT4G03350	0	0	0	0	0	0
AT4G03370	0	0	0	0	0	0
AT4G04625	0	0	0	0	0	0
AT4G03405	0	0	0	0	0	0
AT4G03435	0	0	0	0	0	0
AT4G04645	0	0	0	0	0	0
AT4G03455	0	0	0	0	0	0
AT4G03566	0	0	0	0	0	0
AT4G03625	0	0	0	0	0	0
AT4G03630	0	0	0	0	0	0
AT4G04665	0	0	0	0	0	0
AT4G03645	0	0	0	0	0	0
AT4G03728	0	0	0	0	0	0
AT4G03740	0	0	0	0	0	0
AT4G04755	0	0	0	0	0	0
AT4G04765	0	0	0	0	0	0
AT4G03830	0	0	0	0	0	0
AT4G04078	0	0	0	0	0	0
AT4G04080	0	0	0	0	0	0
AT4G04785	0	0	0	0	0	0
AT4G04220	0	0	0	0	0	0
AT4G04265	0	0	0	0	0	0
AT4G04795	0	0	0	0	0	0
AT4G04805	0	0	0	0	0	0
AT4G04315	0	0	0	0	0	0
AT4G04402	0	0	0	0	0	0
AT4G04404	0	0	0	0	0	0
AT4G04815	0	0	0	0	0	0
AT4G04825	0	0	0	0	0	0
AT4G04855	0	0	0	0	0	0
AT4G04875	0	0	0	0	0	0
AT4G04895	0	0	0	0	0	0
AT4G04423	0	0	0	0	0	0
AT4G04540	0	0	0	0	0	0
AT4G04555	0	0	0	0	0	0
AT4G04580	0	0	0	0	0	0
AT4G04905	0	0	0	0	0	0
AT4G04632	0	0	0	0	0	0
AT4G04650	0	0	0	0	0	0
AT4G04775	0	0	0	0	0	0
AT4G04957	0	0	0	0	0	0
AT4G04980	0	0	0	0	0	0
AT4G04985	0	0	0	0	0	0
AT4G04990	0	0	0	0	0	0
AT4G05045	0	0	0	0	0	0
AT4G05048	0	0	0	0	0	0
AT4G05065	0	0	0	0	0	0
AT4G05080	0	0	0	0	0	0
AT4G05140	0	0	0	0	0	0
AT4G05220	0	0	0	0	0	0
AT4G05230	0	0	0	0	0	0
AT4G05240	0	0	0	0	0	0
AT4G05250	0	0	0	0	0	0
AT4G05260	0	0	0	0	0	0
AT4G05270	0	0	0	0	0	0
AT4G05085	0	0	0	0	0	0
AT4G05310	0	0	0	0	0	0
AT4G05340	0	0	0	0	0	0
AT4G05135	0	0	0	0	0	0
AT4G05475	0	0	0	0	0	0
AT4G05508	0	0	0	0	0	0
AT4G05553	0	0	0	0	0	0
AT4G05555	0	0	0	0	0	0
AT4G05612	0	0	0	0	0	0
AT4G05620	0	0	0	0	0	0
AT4G05630	0	0	0	0	0	0
AT4G05632	0	0	0	0	0	0
AT4G06479	0	0	0	0	0	0
AT4G06490	0	0	0	0	0	0
AT4G06639	0	0	0	0	0	0
AT4G06583	0	0	0	0	0	0
AT4G05205	0	0	0	0	0	0
AT4G06655	0	0	0	0	0	0
AT4G06688	0	0	0	0	0	0
AT4G07325	0	0	0	0	0	0
AT4G07350	0	0	0	0	0	0
AT4G07380	0	0	0	0	0	0
AT4G07408	0	0	0	0	0	0
AT4G07445	0	0	0	0	0	0
AT4G07515	0	0	0	0	0	0
AT4G07524	0	0	0	0	0	0
AT4G07526	0	0	0	0	0	0
AT4G07666	0	0	0	0	0	0
AT4G07675	0	0	0	0	0	0
AT4G05225	0	0	0	0	0	0
AT4G05245	0	0	0	0	0	0
AT4G07932	0	0	0	0	0	0
AT4G05285	0	0	0	0	0	0
AT4G05295	0	0	0	0	0	0
AT4G08025	0	0	0	0	0	0
AT4G08028	0	0	0	0	0	0
AT4G08039	0	0	0	0	0	0
AT4G05305	0	0	0	0	0	0
AT4G08097	0	0	0	0	0	0
AT4G08116	0	0	0	0	0	0
AT4G05355	0	0	0	0	0	0
AT4G05375	0	0	0	0	0	0
AT4G05385	0	0	0	0	0	0
AT4G08260	0	0	0	0	0	0
AT4G08267	0	0	0	0	0	0
AT4G08270	0	0	0	0	0	0
AT4G05395	0	0	0	0	0	0
AT4G08345	0	0	0	0	0	0
AT4G08360	0	0	0	0	0	0
AT4G08370	0	0	0	0	0	0
AT4G08380	0	0	0	0	0	0
AT4G08395	0	0	0	0	0	0
AT4G05455	0	0	0	0	0	0
AT4G08406	0	0	0	0	0	0
AT4G05465	0	0	0	0	0	0
AT4G05485	0	0	0	0	0	0
AT4G08485	0	0	0	0	0	0
AT4G08530	0	0	0	0	0	0
AT4G08560	0	0	0	0	0	0
AT4G08630	0	0	0	0	0	0
AT4G08670	0	0	0	0	0	0
AT4G08730	0	0	0	0	0	0
AT4G08740	0	0	0	0	0	0
AT4G08800	0	0	0	0	0	0
AT4G05605	0	0	0	0	0	0
AT4G08895	0	0	0	0	0	0
AT4G05655	0	0	0	0	0	0
AT4G05660	0	0	0	0	0	0
AT4G05665	0	0	0	0	0	0
AT4G05670	0	0	0	0	0	0
AT4G05675	0	0	0	0	0	0
AT4G05680	0	0	0	0	0	0
AT4G05690	0	0	0	0	0	0
AT4G09035	0	0	0	0	0	0
AT4G05695	0	0	0	0	0	0
AT4G09070	0	0	0	0	0	0
AT4G09090	0	0	0	0	0	0
AT4G09120	0	0	0	0	0	0
AT4G09153	0	0	0	0	0	0
AT4G09190	0	0	0	0	0	0
AT4G09355	0	0	0	0	0	0
AT4G09360	0	0	0	0	0	0
AT4G09435	0	0	0	0	0	0
AT4G09440	0	0	0	0	0	0
AT4G09450	0	0	0	0	0	0
AT4G05720	0	0	0	0	0	0
AT4G09462	0	0	0	0	0	0
AT4G09464	0	0	0	0	0	0
AT4G09465	0	0	0	0	0	0
AT4G09466	0	0	0	0	0	0
AT4G09467	0	0	0	0	0	0
AT4G09545	0	0	0	0	0	0
AT4G09647	0	0	0	0	0	0
AT4G09660	0	0	0	0	0	0
AT4G09740	0	0	0	0	0	0
AT4G09775	0	0	0	0	0	0
AT4G09784	0	0	0	0	0	0
AT4G09795	0	0	0	0	0	0
AT4G05735	0	0	0	0	0	0
AT4G09860	0	0	0	0	0	0
AT4G05740	0	0	0	0	0	0
AT4G05750	0	0	0	0	0	0
AT4G09984	0	0	0	0	0	0
AT4G05755	0	0	0	0	0	0
AT4G10115	0	0	0	0	0	0
AT4G05765	0	0	0	0	0	0
AT4G05770	0	0	0	0	0	0
AT4G10160	0	0	0	0	0	0
AT4G10190	0	0	0	0	0	0
AT4G10210	0	0	0	0	0	0
AT4G10230	0	0	0	0	0	0
AT4G10290	0	0	0	0	0	0
AT4G10345	0	0	0	0	0	0
AT4G05795	0	0	0	0	0	0
AT4G10510	0	0	0	0	0	0
AT4G10520	0	0	0	0	0	0
AT4G10530	0	0	0	0	0	0
AT4G05805	0	0	0	0	0	0
AT4G05815	0	0	0	0	0	0
AT4G10767	0	0	0	0	0	0
AT4G10815	0	0	0	0	0	0
AT4G10870	0	0	0	0	0	0
AT4G10880	0	0	0	0	0	0
AT4G05850	0	0	0	0	0	0
AT4G05855	0	0	0	0	0	0
AT4G05860	0	0	0	0	0	0
AT4G11177	0	0	0	0	0	0
AT4G11180	0	0	0	0	0	0
AT4G11213	0	0	0	0	0	0
AT4G11216	0	0	0	0	0	0
AT4G05870	0	0	0	0	0	0
AT4G05865	0	0	0	0	0	0
AT4G05875	0	0	0	0	0	0
AT4G11373	0	0	0	0	0	0
AT4G11385	0	0	0	0	0	0
AT4G11390	0	0	0	0	0	0
AT4G11393	0	0	0	0	0	0
AT4G11402	0	0	0	0	0	0
AT4G11405	0	0	0	0	0	0
AT4G11430	0	0	0	0	0	0
AT4G05885	0	0	0	0	0	0
AT4G11490	0	0	0	0	0	0
AT4G11510	0	0	0	0	0	0
AT4G05890	0	0	0	0	0	0
AT4G11540	0	0	0	0	0	0
AT4G05905	0	0	0	0	0	0
AT4G11653	0	0	0	0	0	0
AT4G05910	0	0	0	0	0	0
AT4G11745	0	0	0	0	0	0
AT4G11750	0	0	0	0	0	0
AT4G11760	0	0	0	0	0	0
AT4G05920	0	0	0	0	0	0
AT4G11770	0	0	0	0	0	0
AT4G05925	0	0	0	0	0	0
AT4G11930	0	0	0	0	0	0
AT4G11940	0	0	0	0	0	0
AT4G05935	0	0	0	0	0	0
AT4G11985	0	0	0	0	0	0
AT4G05940	0	0	0	0	0	0
AT4G05945	0	0	0	0	0	0
AT4G12150	0	0	0	0	0	0
AT4G05975	0	0	0	0	0	0
AT4G12190	0	0	0	0	0	0
AT4G12220	0	0	0	0	0	0
AT4G12280	0	0	0	0	0	0
AT4G05985	0	0	0	0	0	0
AT4G12380	0	0	0	0	0	0
AT4G12405	0	0	0	0	0	0
AT4G12485	0	0	0	0	0	0
AT4G12495	0	0	0	0	0	0
AT4G12500	0	0	0	0	0	0
AT4G12543	0	0	0	0	0	0
AT4G12545	0	0	0	0	0	0
AT4G12550	0	0	0	0	0	0
AT4G12555	0	0	0	0	0	0
AT4G12617	0	0	0	0	0	0
AT4G12820	0	0	0	0	0	0
AT4G12860	0	0	0	0	0	0
AT4G12920	0	0	0	0	0	0
AT4G12930	0	0	0	0	0	0
AT4G12950	0	0	0	0	0	0
AT4G12960	0	0	0	0	0	0
AT4G13075	0	0	0	0	0	0
AT4G13080	0	0	0	0	0	0
AT4G13160	0	0	0	0	0	0
AT4G06005	0	0	0	0	0	0
AT4G13261	0	0	0	0	0	0
AT4G13263	0	0	0	0	0	0
AT4G06045	0	0	0	0	0	0
AT4G06050	0	0	0	0	0	0
AT4G06055	0	0	0	0	0	0
AT4G13265	0	0	0	0	0	0
AT4G13300	0	0	0	0	0	0
AT4G13310	0	0	0	0	0	0
AT4G13320	0	0	0	0	0	0
AT4G13380	0	0	0	0	0	0
AT4G06065	0	0	0	0	0	0
AT4G06070	0	0	0	0	0	0
AT4G13490	0	0	0	0	0	0
AT4G06090	0	0	0	0	0	0
AT4G06095	0	0	0	0	0	0
AT4G06105	0	0	0	0	0	0
AT4G06110	0	0	0	0	0	0
AT4G06130	0	0	0	0	0	0
AT4G06135	0	0	0	0	0	0
AT4G06140	0	0	0	0	0	0
AT4G13610	0	0	0	0	0	0
AT4G06145	0	0	0	0	0	0
AT4G13920	0	0	0	0	0	0
AT4G13955	0	0	0	0	0	0
AT4G06165	0	0	0	0	0	0
AT4G13965	0	0	0	0	0	0
AT4G14010	0	0	0	0	0	0
AT4G14060	0	0	0	0	0	0
AT4G06170	0	0	0	0	0	0
AT4G06175	0	0	0	0	0	0
AT4G14250	0	0	0	0	0	0
AT4G14272	0	0	0	0	0	0
AT4G14276	0	0	0	0	0	0
AT4G14301	0	0	0	0	0	0
AT4G14315	0	0	0	0	0	0
AT4G14358	0	0	0	0	0	0
AT4G06200	0	0	0	0	0	0
AT4G06205	0	0	0	0	0	0
AT4G14675	0	0	0	0	0	0
AT4G06210	0	0	0	0	0	0
AT4G06215	0	0	0	0	0	0
AT4G06240	0	0	0	0	0	0
AT4G06245	0	0	0	0	0	0
AT4G06280	0	0	0	0	0	0
AT4G14811	0	0	0	0	0	0
AT4G14810	0	0	0	0	0	0
AT4G14819	0	0	0	0	0	0
AT4G14890	0	0	0	0	0	0
AT4G06285	0	0	0	0	0	0
AT4G15025	0	0	0	0	0	0
AT4G15050	0	0	0	0	0	0
AT4G15053	0	0	0	0	0	0
AT4G15056	0	0	0	0	0	0
AT4G15060	0	0	0	0	0	0
AT4G06290	0	0	0	0	0	0
AT4G15245	0	0	0	0	0	0
AT4G06295	0	0	0	0	0	0
AT4G15250	0	0	0	0	0	0
AT4G06300	0	0	0	0	0	0
AT4G15290	0	0	0	0	0	0
AT4G15310	0	0	0	0	0	0
AT4G15360	0	0	0	0	0	0
AT4G15715	0	0	0	0	0	0
AT4G15733	0	0	0	0	0	0
AT4G15735	0	0	0	0	0	0
AT4G15750	0	0	0	0	0	0
AT4G15755	0	0	0	0	0	0
AT4G15775	0	0	0	0	0	0
AT4G15870	0	0	0	0	0	0
AT4G06345	0	0	0	0	0	0
AT4G06370	0	0	0	0	0	0
AT4G16040	0	0	0	0	0	0
AT4G16045	0	0	0	0	0	0
AT4G16105	0	0	0	0	0	0
AT4G16195	0	0	0	0	0	0
AT4G16235	0	0	0	0	0	0
AT4G16295	0	0	0	0	0	0
AT4G06390	0	0	0	0	0	0
AT4G16465	0	0	0	0	0	0
AT4G16475	0	0	0	0	0	0
AT4G16515	0	0	0	0	0	0
AT4G16545	0	0	0	0	0	0
AT4G16550	0	0	0	0	0	0
AT4G16560	0	0	0	0	0	0
AT4G16590	0	0	0	0	0	0
AT4G06405	0	0	0	0	0	0
AT4G06410	0	0	0	0	0	0
AT4G06415	0	0	0	0	0	0
AT4G16730	0	0	0	0	0	0
AT4G16740	0	0	0	0	0	0
AT4G06425	0	0	0	0	0	0
AT4G16748	0	0	0	0	0	0
AT4G16915	0	0	0	0	0	0
AT4G06440	0	0	0	0	0	0
AT4G06445	0	0	0	0	0	0
AT4G06455	0	0	0	0	0	0
AT4G06450	0	0	0	0	0	0
AT4G16930	0	0	0	0	0	0
AT4G06460	0	0	0	0	0	0
AT4G16955	0	0	0	0	0	0
AT4G16983	0	0	0	0	0	0
AT4G06665	0	0	0	0	0	0
AT4G06675	0	0	0	0	0	0
AT4G17200	0	0	0	0	0	0
AT4G17210	0	0	0	0	0	0
AT4G06685	0	0	0	0	0	0
AT4G06705	0	0	0	0	0	0
AT4G17505	0	0	0	0	0	0
AT4G17580	0	0	0	0	0	0
AT4G17585	0	0	0	0	0	0
AT4G06715	0	0	0	0	0	0
AT4G06725	0	0	0	0	0	0
AT4G17590	0	0	0	0	0	0
AT4G17612	0	0	0	0	0	0
AT4G17700	0	0	0	0	0	0
AT4G17713	0	0	0	0	0	0
AT4G17718	0	0	0	0	0	0
AT4G17785	0	0	0	0	0	0
AT4G06745	0	0	0	0	0	0
AT4G17975	0	0	0	0	0	0
AT4G17990	0	0	0	0	0	0
AT4G18310	0	0	0	0	0	0
AT4G06765	0	0	0	0	0	0
AT4G18320	0	0	0	0	0	0
AT4G06785	0	0	0	0	0	0
AT4G06795	0	0	0	0	0	0
AT4G06805	0	0	0	0	0	0
AT4G06825	0	0	0	0	0	0
AT4G06830	0	0	0	0	0	0
AT4G18692	0	0	0	0	0	0
AT4G06845	0	0	0	0	0	0
AT4G18815	0	0	0	0	0	0
AT4G06850	0	0	0	0	0	0
AT4G18860	0	0	0	0	0	0
AT4G06855	0	0	0	0	0	0
AT4G19035	0	0	0	0	0	0
AT4G06865	0	0	0	0	0	0
AT4G06870	0	0	0	0	0	0
AT4G06875	0	0	0	0	0	0
AT4G19240	0	0	0	0	0	0
AT4G19250	0	0	0	0	0	0
AT4G19260	0	0	0	0	0	0
AT4G19270	0	0	0	0	0	0
AT4G19275	0	0	0	0	0	0
AT4G19330	0	0	0	0	0	0
AT4G19340	0	0	0	0	0	0
AT4G06885	0	0	0	0	0	0
AT4G06895	0	0	0	0	0	0
AT4G19480	0	0	0	0	0	0
AT4G19485	0	0	0	0	0	0
AT4G06910	0	0	0	0	0	0
AT4G06920	0	0	0	0	0	0
AT4G19730	0	0	0	0	0	0
AT4G19740	0	0	0	0	0	0
AT4G19750	0	0	0	0	0	0
AT4G19760	0	0	0	0	0	0
AT4G19800	0	0	0	0	0	0
AT4G19910	0	0	0	0	0	0
AT4G19920	0	0	0	0	0	0
AT4G19925	0	0	0	0	0	0
AT4G06925	0	0	0	0	0	0
AT4G06930	0	0	0	0	0	0
AT4G19930	0	0	0	0	0	0
AT4G19970	0	0	0	0	0	0
AT4G20100	0	0	0	0	0	0
AT4G20115	0	0	0	0	0	0
AT4G06945	0	0	0	0	0	0
AT4G06950	0	0	0	0	0	0
AT4G20200	0	0	0	0	0	0
AT4G20250	0	0	0	0	0	0
AT4G20290	0	0	0	0	0	0
AT4G20420	0	0	0	0	0	0
AT4G20530	0	0	0	0	0	0
AT4G20535	0	0	0	0	0	0
AT4G20540	0	0	0	0	0	0
AT4G20545	0	0	0	0	0	0
AT4G20550	0	0	0	0	0	0
AT4G20555	0	0	0	0	0	0
AT4G20560	0	0	0	0	0	0
AT4G20565	0	0	0	0	0	0
AT4G20570	0	0	0	0	0	0
AT4G20575	0	0	0	0	0	0
AT4G20580	0	0	0	0	0	0
AT4G20590	0	0	0	0	0	0
AT4G20600	0	0	0	0	0	0
AT4G20610	0	0	0	0	0	0
AT4G20620	0	0	0	0	0	0
AT4G20630	0	0	0	0	0	0
AT4G20640	0	0	0	0	0	0
AT4G20645	0	0	0	0	0	0
AT4G20650	0	0	0	0	0	0
AT4G20670	0	0	0	0	0	0
AT4G20735	0	0	0	0	0	0
AT4G20790	0	0	0	0	0	0
AT4G20810	0	0	0	0	0	0
AT4G20835	0	0	0	0	0	0
AT4G21000	0	0	0	0	0	0
AT4G21040	0	0	0	0	0	0
AT4G21050	0	0	0	0	0	0
AT4G06985	0	0	0	0	0	0
AT4G21240	0	0	0	0	0	0
AT4G21260	0	0	0	0	0	0
AT4G06990	0	0	0	0	0	0
AT4G06995	0	0	0	0	0	0
AT4G07000	0	0	0	0	0	0
AT4G07005	0	0	0	0	0	0
AT4G21362	0	0	0	0	0	0
AT4G21515	0	0	0	0	0	0
AT4G07020	0	0	0	0	0	0
AT4G21630	0	0	0	0	0	0
AT4G21640	0	0	0	0	0	0
AT4G07025	0	0	0	0	0	0
AT4G07030	0	0	0	0	0	0
AT4G21950	0	0	0	0	0	0
AT4G22030	0	0	0	0	0	0
AT4G22035	0	0	0	0	0	0
AT4G22050	0	0	0	0	0	0
AT4G07040	0	0	0	0	0	0
AT4G22060	0	0	0	0	0	0
AT4G07050	0	0	0	0	0	0
AT4G07045	0	0	0	0	0	0
AT4G22090	0	0	0	0	0	0
AT4G22115	0	0	0	0	0	0
AT4G22165	0	0	0	0	0	0
AT4G22180	0	0	0	0	0	0
AT4G07060	0	0	0	0	0	0
AT4G07075	0	0	0	0	0	0
AT4G07080	0	0	0	0	0	0
AT4G22430	0	0	0	0	0	0
AT4G22460	0	0	0	0	0	0
AT4G22463	0	0	0	0	0	0
AT4G22475	0	0	0	0	0	0
AT4G22485	0	0	0	0	0	0
AT4G22495	0	0	0	0	0	0
AT4G22505	0	0	0	0	0	0
AT4G22510	0	0	0	0	0	0
AT4G22513	0	0	0	0	0	0
AT4G22520	0	0	0	0	0	0
AT4G07090	0	0	0	0	0	0
AT4G22600	0	0	0	0	0	0
AT4G22635	0	0	0	0	0	0
AT4G22650	0	0	0	0	0	0
AT4G22660	0	0	0	0	0	0
AT4G22700	0	0	0	0	0	0
AT4G07095	0	0	0	0	0	0
AT4G22754	0	0	0	0	0	0
AT4G07100	0	0	0	0	0	0
AT4G07105	0	0	0	0	0	0
AT4G23015	0	0	0	0	0	0
AT4G07110	0	0	0	0	0	0
AT4G23080	0	0	0	0	0	0
AT4G23120	0	0	0	0	0	0
AT4G23200	0	0	0	0	0	0
AT4G23271	0	0	0	0	0	0
AT4G23290	0	0	0	0	0	0
AT4G23350	0	0	0	0	0	0
AT4G23355	0	0	0	0	0	0
AT4G23360	0	0	0	0	0	0
AT4G23365	0	0	0	0	0	0
AT4G23375	0	0	0	0	0	0
AT4G07115	0	0	0	0	0	0
AT4G07120	0	0	0	0	0	0
AT4G23496	0	0	0	0	0	0
AT4G07125	0	0	0	0	0	0
AT4G07130	0	0	0	0	0	0
AT4G07145	0	0	0	0	0	0
AT4G23580	0	0	0	0	0	0
AT4G07150	0	0	0	0	0	0
AT4G07160	0	0	0	0	0	0
AT4G23610	0	0	0	0	0	0
AT4G07165	0	0	0	0	0	0
AT4G23635	0	0	0	0	0	0
AT4G07175	0	0	0	0	0	0
AT4G07180	0	0	0	0	0	0
AT4G07185	0	0	0	0	0	0
AT4G23882	0	0	0	0	0	0
AT4G23970	0	0	0	0	0	0
AT4G24025	0	0	0	0	0	0
AT4G07215	0	0	0	0	0	0
AT4G07225	0	0	0	0	0	0
AT4G07220	0	0	0	0	0	0
AT4G07235	0	0	0	0	0	0
AT4G07240	0	0	0	0	0	0
AT4G07245	0	0	0	0	0	0
AT4G07255	0	0	0	0	0	0
AT4G07260	0	0	0	0	0	0
AT4G07275	0	0	0	0	0	0
AT4G24615	0	0	0	0	0	0
AT4G24644	0	0	0	0	0	0
AT4G07285	0	0	0	0	0	0
AT4G24973	0	0	0	0	0	0
AT4G07295	0	0	0	0	0	0
AT4G07300	0	0	0	0	0	0
AT4G24974	0	0	0	0	0	0
AT4G24975	0	0	0	0	0	0
AT4G07305	0	0	0	0	0	0
AT4G07335	0	0	0	0	0	0
AT4G25040	0	0	0	0	0	0
AT4G07345	0	0	0	0	0	0
AT4G07375	0	0	0	0	0	0
AT4G07385	0	0	0	0	0	0
AT4G07395	0	0	0	0	0	0
AT4G25510	0	0	0	0	0	0
AT4G07405	0	0	0	0	0	0
AT4G25560	0	0	0	0	0	0
AT4G25635	0	0	0	0	0	0
AT4G25920	0	0	0	0	0	0
AT4G07505	0	0	0	0	0	0
AT4G25930	0	0	0	0	0	0
AT4G26095	0	0	0	0	0	0
AT4G26090	0	0	0	0	0	0
AT4G26145	0	0	0	0	0	0
AT4G26225	0	0	0	0	0	0
AT4G26260	0	0	0	0	0	0
AT4G26280	0	0	0	0	0	0
AT4G26290	0	0	0	0	0	0
AT4G26340	0	0	0	0	0	0
AT4G26350	0	0	0	0	0	0
AT4G26375	0	0	0	0	0	0
AT4G26385	0	0	0	0	0	0
AT4G07645	0	0	0	0	0	0
AT4G07655	0	0	0	0	0	0
AT4G26483	0	0	0	0	0	0
AT4G26485	0	0	0	0	0	0
AT4G26490	0	0	0	0	0	0
AT4G26500	0	0	0	0	0	0
AT4G26542	0	0	0	0	0	0
AT4G07665	0	0	0	0	0	0
AT4G07765	0	0	0	0	0	0
AT4G07775	0	0	0	0	0	0
AT4G07785	0	0	0	0	0	0
AT4G27395	0	0	0	0	0	0
AT4G27415	0	0	0	0	0	0
AT4G27420	0	0	0	0	0	0
AT4G07875	0	0	0	0	0	0
AT4G07895	0	0	0	0	0	0
AT4G27875	0	0	0	0	0	0
AT4G28068	0	0	0	0	0	0
AT4G28090	0	0	0	0	0	0
AT4G07985	0	0	0	0	0	0
AT4G28110	0	0	0	0	0	0
AT4G28130	0	0	0	0	0	0
AT4G28160	0	0	0	0	0	0
AT4G08015	0	0	0	0	0	0
AT4G28290	0	0	0	0	0	0
AT4G28395	0	0	0	0	0	0
AT4G28397	0	0	0	0	0	0
AT4G28620	0	0	0	0	0	0
AT4G28652	0	0	0	0	0	0
AT4G28755	0	0	0	0	0	0
AT4G28915	0	0	0	0	0	0
AT4G28920	0	0	0	0	0	0
AT4G28930	0	0	0	0	0	0
AT4G29033	0	0	0	0	0	0
AT4G29037	0	0	0	0	0	0
AT4G29090	0	0	0	0	0	0
AT4G29103	0	0	0	0	0	0
AT4G08055	0	0	0	0	0	0
AT4G29273	0	0	0	0	0	0
AT4G29280	0	0	0	0	0	0
AT4G29283	0	0	0	0	0	0
AT4G29285	0	0	0	0	0	0
AT4G29290	0	0	0	0	0	0
AT4G29300	0	0	0	0	0	0
AT4G08075	0	0	0	0	0	0
AT4G08085	0	0	0	0	0	0
AT4G29415	0	0	0	0	0	0
AT4G29450	0	0	0	0	0	0
AT4G08185	0	0	0	0	0	0
AT4G29620	0	0	0	0	0	0
AT4G29630	0	0	0	0	0	0
AT4G29640	0	0	0	0	0	0
AT4G29654	0	0	0	0	0	0
AT4G29658	0	0	0	0	0	0
AT4G08195	0	0	0	0	0	0
AT4G08205	0	0	0	0	0	0
AT4G29710	0	0	0	0	0	0
AT4G08235	0	0	0	0	0	0
AT4G08255	0	0	0	0	0	0
AT4G29970	0	0	0	0	0	0
AT4G30030	0	0	0	0	0	0
AT4G08265	0	0	0	0	0	0
AT4G30040	0	0	0	0	0	0
AT4G30050	0	0	0	0	0	0
AT4G30067	0	0	0	0	0	0
AT4G30070	0	0	0	0	0	0
AT4G30074	0	0	0	0	0	0
AT4G30097	0	0	0	0	0	0
AT4G08285	0	0	0	0	0	0
AT4G30590	0	0	0	0	0	0
AT4G08315	0	0	0	0	0	0
AT4G08335	0	0	0	0	0	0
AT4G30770	0	0	0	0	0	0
AT4G30872	0	0	0	0	0	0
AT4G08365	0	0	0	0	0	0
AT4G30972	0	0	0	0	0	0
AT4G08425	0	0	0	0	0	0
AT4G31073	0	0	0	0	0	0
AT4G31075	0	0	0	0	0	0
AT4G31280	0	0	0	0	0	0
AT4G08435	0	0	0	0	0	0
AT4G08495	0	0	0	0	0	0
AT4G31380	0	0	0	0	0	0
AT4G31540	0	0	0	0	0	0
AT4G08515	0	0	0	0	0	0
AT4G08525	0	0	0	0	0	0
AT4G31740	0	0	0	0	0	0
AT4G08565	0	0	0	0	0	0
AT4G08575	0	0	0	0	0	0
AT4G31875	0	0	0	0	0	0
AT4G31940	0	0	0	0	0	0
AT4G08635	0	0	0	0	0	0
AT4G32100	0	0	0	0	0	0
AT4G32105	0	0	0	0	0	0
AT4G32230	0	0	0	0	0	0
AT4G32265	0	0	0	0	0	0
AT4G08665	0	0	0	0	0	0
AT4G32370	0	0	0	0	0	0
AT4G32375	0	0	0	0	0	0
AT4G32380	0	0	0	0	0	0
AT4G32717	0	0	0	0	0	0
AT4G08715	0	0	0	0	0	0
AT4G08725	0	0	0	0	0	0
AT4G08775	0	0	0	0	0	0
AT4G33290	0	0	0	0	0	0
AT4G33310	0	0	0	0	0	0
AT4G08795	0	0	0	0	0	0
AT4G08815	0	0	0	0	0	0
AT4G33710	0	0	0	0	0	0
AT4G33720	0	0	0	0	0	0
AT4G33735	0	0	0	0	0	0
AT4G08845	0	0	0	0	0	0
AT4G08855	0	0	0	0	0	0
AT4G33830	0	0	0	0	0	0
AT4G33900	0	0	0	0	0	0
AT4G34035	0	0	0	0	0	0
AT4G08885	0	0	0	0	0	0
AT4G34080	0	0	0	0	0	0
AT4G08935	0	0	0	0	0	0
AT4G34139	0	0	0	0	0	0
AT4G34170	0	0	0	0	0	0
AT4G08955	0	0	0	0	0	0
AT4G08965	0	0	0	0	0	0
AT4G34332	0	0	0	0	0	0
AT4G34345	0	0	0	0	0	0
AT4G08985	0	0	0	0	0	0
AT4G34530	0	0	0	0	0	0
AT4G34695	0	0	0	0	0	0
AT4G09015	0	0	0	0	0	0
AT4G09045	0	0	0	0	0	0
AT4G09055	0	0	0	0	0	0
AT4G34940	0	0	0	0	0	0
AT4G35025	0	0	0	0	0	0
AT4G09085	0	0	0	0	0	0
AT4G09115	0	0	0	0	0	0
AT4G09125	0	0	0	0	0	0
AT4G35280	0	0	0	0	0	0
AT4G09145	0	0	0	0	0	0
AT4G35430	0	0	0	0	0	0
AT4G35485	0	0	0	0	0	0
AT4G35519	0	0	0	0	0	0
AT4G09165	0	0	0	0	0	0
AT4G09175	0	0	0	0	0	0
AT4G09185	0	0	0	0	0	0
AT4G09195	0	0	0	0	0	0
AT4G35610	0	0	0	0	0	0
AT4G09225	0	0	0	0	0	0
AT4G35655	0	0	0	0	0	0
AT4G09235	0	0	0	0	0	0
AT4G35725	0	0	0	0	0	0
AT4G35733	0	0	0	0	0	0
AT4G36030	0	0	0	0	0	0
AT4G36032	0	0	0	0	0	0
AT4G36052	0	0	0	0	0	0
AT4G36197	0	0	0	0	0	0
AT4G09295	0	0	0	0	0	0
AT4G36370	0	0	0	0	0	0
AT4G36460	0	0	0	0	0	0
AT4G09325	0	0	0	0	0	0
AT4G36560	0	0	0	0	0	0
AT4G36635	0	0	0	0	0	0
AT4G09385	0	0	0	0	0	0
AT4G09395	0	0	0	0	0	0
AT4G37060	0	0	0	0	0	0
AT4G37235	0	0	0	0	0	0
AT4G37360	0	0	0	0	0	0
AT4G37409	0	0	0	0	0	0
AT4G37432	0	0	0	0	0	0
AT4G37430	0	0	0	0	0	0
AT4G37435	0	0	0	0	0	0
AT4G09555	0	0	0	0	0	0
AT4G09605	0	0	0	0	0	0
AT4G37700	0	0	0	0	0	0
AT4G37710	0	0	0	0	0	0
AT4G37720	0	0	0	0	0	0
AT4G09655	0	0	0	0	0	0
AT4G37780	0	0	0	0	0	0
AT4G09665	0	0	0	0	0	0
AT4G09675	0	0	0	0	0	0
AT4G37950	0	0	0	0	0	0
AT4G37970	0	0	0	0	0	0
AT4G38005	0	0	0	0	0	0
AT4G09685	0	0	0	0	0	0
AT4G38250	0	0	0	0	0	0
AT4G09695	0	0	0	0	0	0
AT4G38401	0	0	0	0	0	0
AT4G38405	0	0	0	0	0	0
AT4G38550	0	0	0	0	0	0
AT4G09715	0	0	0	0	0	0
AT4G09725	0	0	0	0	0	0
AT4G09735	0	0	0	0	0	0
AT4G38775	0	0	0	0	0	0
AT4G38781	0	0	0	0	0	0
AT4G38825	0	0	0	0	0	0
AT4G38820	0	0	0	0	0	0
AT4G09765	0	0	0	0	0	0
AT4G38990	0	0	0	0	0	0
AT4G39000	0	0	0	0	0	0
AT4G39020	0	0	0	0	0	0
AT4G09815	0	0	0	0	0	0
AT4G39195	0	0	0	0	0	0
AT4G09885	0	0	0	0	0	0
AT4G09895	0	0	0	0	0	0
AT4G39610	0	0	0	0	0	0
AT4G39672	0	0	0	0	0	0
AT4G39745	0	0	0	0	0	0
AT4G09905	0	0	0	0	0	0
AT4G39756	0	0	0	0	0	0
AT4G39760	0	0	0	0	0	0
AT4G09915	0	0	0	0	0	0
AT4G09925	0	0	0	0	0	0
AT4G09935	0	0	0	0	0	0
AT4G09945	0	0	0	0	0	0
AT4G39865	0	0	0	0	0	0
AT4G09955	0	0	0	0	0	0
AT4G09975	0	0	0	0	0	0
AT4G39985	0	0	0	0	0	0
AT4G40063	0	0	0	0	0	0
AT4G40085	0	0	0	0	0	0
AT4G40080	0	0	0	0	0	0
AT4G09995	0	0	0	0	0	0
ATMG00050	0	0	0	0	0	0
ATMG00100	0	0	0	0	0	0
ATMG00210	0	0	0	0	0	0
ATMG00300	0	0	0	0	0	0
ATMG00310	0	0	0	0	0	0
ATMG00320	0	0	0	0	0	0
ATMG00350	0	0	0	0	0	0
ATMG00360	0	0	0	0	0	0
ATMG00370	0	0	0	0	0	0
ATMG00420	0	0	0	0	0	0
ATMG00430	0	0	0	0	0	0
ATMG00440	0	0	0	0	0	0
ATMG00470	0	0	0	0	0	0
ATMG00500	0	0	0	0	0	0
ATMG00530	0	0	0	0	0	0
ATMG00610	0	0	0	0	0	0
ATMG00700	0	0	0	0	0	0
ATMG00740	0	0	0	0	0	0
ATMG00750	0	0	0	0	0	0
ATMG00760	0	0	0	0	0	0
ATMG00770	0	0	0	0	0	0
ATMG00790	0	0	0	0	0	0
ATMG00800	0	0	0	0	0	0
ATMG00840	0	0	0	0	0	0
ATMG00850	0	0	0	0	0	0
ATMG00870	0	0	0	0	0	0
ATMG00890	0	0	0	0	0	0
ATMG00900	0	0	0	0	0	0
ATMG00930	0	0	0	0	0	0
ATMG00940	0	0	0	0	0	0
ATMG01040	0	0	0	0	0	0
ATMG01070	0	0	0	0	0	0
ATMG01180	0	0	0	0	0	0
ATMG01230	0	0	0	0	0	0
ATCG00870	0	0	0	0	0	0
ATCG00880	0	0	0	0	0	0
ATCG00910	0	0	0	0	0	0
ATCG00980	0	0	0	0	0	0
ATCG00990	0	0	0	0	0	0
ATCG01140	0	0	0	0	0	0
ATCG01150	0	0	0	0	0	0
ATCG01220	0	0	0	0	0	0
ATCG01260	0	0	0	0	0	0
ATCG01270	0	0	0	0	0	0
ATCG01290	0	0	0	0	0	0
novel.142	0	0	0	0	0	0
novel.170	0	0	0	0	0	0